CONCURSO,F1,F2,F3,F4,F5,F6,F7,FECHA
1228,5,9,16,17,32,33,15,2022-06-25
1227,6,7,9,12,31,39,38,2022-06-21
1226,23,26,34,35,37,39,13,2022-06-18
1225,3,11,14,26,29,37,30,2022-06-14
1224,3,6,9,14,21,26,4,2022-06-11
1223,9,22,23,26,27,30,20,2022-06-07
1222,4,8,17,19,22,38,35,2022-06-04
1221,16,18,25,28,29,31,26,2022-05-31
1220,7,10,17,18,29,32,21,2022-05-28
1219,4,12,17,18,25,26,27,2022-05-24
1218,3,10,17,25,31,36,37,2022-05-21
1217,2,11,13,20,23,29,26,2022-05-17
1216,18,26,27,28,29,31,17,2022-05-14
1215,17,18,19,30,31,38,10,2022-05-10
1214,6,8,9,13,27,37,19,2022-05-07
1213,9,21,23,25,33,36,39,2022-05-03
1212,5,9,15,20,30,37,18,2022-04-30
1211,8,11,13,17,30,32,16,2022-04-26
1210,4,14,21,23,27,32,26,2022-04-23
1209,6,8,22,26,34,38,24,2022-04-19
1208,4,6,21,24,28,31,20,2022-04-16
1207,5,6,19,20,35,38,7,2022-04-12
1206,8,14,18,27,30,33,37,2022-04-09
1205,10,11,18,22,23,28,14,2022-04-05
1204,2,5,15,24,32,37,19,2022-04-02
1203,6,11,26,27,33,36,2,2022-03-29
1202,1,5,8,10,12,31,3,2022-03-26
1201,4,9,10,23,25,32,12,2022-03-22
1200,1,4,7,15,22,32,13,2022-03-19
1199,6,10,24,28,33,36,32,2022-03-15
1198,10,15,17,26,35,37,27,2022-03-12
1197,1,12,13,20,33,35,28,2022-03-08
1196,2,3,7,10,18,24,26,2022-03-05
1195,13,15,18,21,25,35,32,2022-03-01
1194,2,10,14,16,21,27,37,2022-02-26
1193,3,4,7,22,24,39,26,2022-02-22
1192,2,12,16,17,18,30,19,2022-02-19
1191,6,12,18,22,27,35,29,2022-02-15
1190,9,10,11,28,31,39,34,2022-02-12
1189,6,18,26,27,29,37,7,2022-02-08
1188,2,3,10,12,15,39,22,2022-02-05
1187,9,16,26,28,33,35,20,2022-02-01
1186,2,3,12,19,22,36,7,2022-01-29
1185,1,4,8,24,31,38,2,2022-01-25
1184,2,3,6,12,16,23,30,2022-01-22
1183,1,4,16,19,27,37,8,2022-01-18
1182,2,14,22,24,32,33,17,2022-01-15
1181,1,5,19,26,31,34,39,2022-01-11
1180,3,10,13,19,29,31,30,2022-01-08
1179,2,3,11,30,32,34,19,2022-01-04
1178,3,11,12,14,28,32,9,2022-01-01
1177,11,16,23,24,26,37,29,2021-12-28
1176,5,6,22,34,35,38,11,2021-12-25
1175,12,14,15,30,33,37,13,2021-12-21
1174,2,5,17,18,19,38,31,2021-12-18
1173,2,5,8,21,26,37,28,2021-12-14
1172,4,7,13,18,25,36,26,2021-12-11
1171,6,9,13,24,26,35,1,2021-12-07
1170,8,11,13,16,25,31,33,2021-12-04
1169,6,17,23,32,37,39,5,2021-11-30
1168,13,18,25,29,32,38,10,2021-11-27
1167,1,5,7,10,28,29,18,2021-11-23
1166,3,13,15,17,18,21,6,2021-11-20
1165,6,9,18,21,29,31,5,2021-11-16
1164,1,7,15,30,31,34,14,2021-11-13
1163,9,18,22,23,36,37,38,2021-11-09
1162,2,12,17,28,34,39,26,2021-11-06
1161,2,9,23,32,33,35,4,2021-11-02
1160,4,15,17,19,22,37,23,2021-10-30
1159,13,21,23,29,30,35,19,2021-10-26
1158,1,3,25,27,37,39,12,2021-10-23
1157,15,23,26,31,35,37,25,2021-10-19
1156,3,5,14,20,22,39,1,2021-10-16
1155,13,17,21,22,28,33,26,2021-10-12
1154,12,13,16,26,30,33,25,2021-10-09
1153,1,5,13,21,30,35,27,2021-10-05
1152,6,10,12,13,20,35,9,2021-10-02
1151,3,4,12,19,23,37,18,2021-09-28
1150,7,14,21,24,34,36,25,2021-09-25
1149,13,17,25,28,38,39,23,2021-09-21
1148,1,8,21,22,34,37,31,2021-09-18
1147,11,18,25,27,31,39,36,2021-09-14
1146,1,4,7,10,28,29,16,2021-09-11
1145,10,11,26,35,38,39,5,2021-09-07
1144,2,4,14,26,30,37,23,2021-09-04
1143,2,7,21,31,37,39,4,2021-08-31
1142,1,6,10,24,28,31,36,2021-08-28
1141,1,3,9,21,24,33,30,2021-08-24
1140,1,3,14,18,31,34,5,2021-08-21
1139,10,28,29,30,31,39,1,2021-08-17
1138,4,11,14,21,27,30,24,2021-08-14
1137,1,3,21,23,35,37,10,2021-08-10
1136,14,17,25,32,37,39,15,2021-08-07
1135,1,3,9,22,24,27,29,2021-08-03
1134,5,6,8,26,29,39,15,2021-07-31
1133,2,4,15,22,31,38,24,2021-07-27
1132,3,27,31,32,34,38,20,2021-07-24
1131,2,3,4,6,16,37,12,2021-07-20
1130,2,18,26,28,32,37,24,2021-07-17
1129,2,9,20,21,27,37,17,2021-07-13
1128,4,12,20,35,36,38,8,2021-07-10
1127,4,7,17,23,29,37,36,2021-07-06
1126,1,3,24,29,33,38,36,2021-07-03
1125,8,14,17,29,31,34,37,2021-06-29
1124,2,7,20,24,32,33,3,2021-06-26
1123,12,17,31,36,37,39,25,2021-06-22
1122,9,17,20,30,31,38,26,2021-06-19
1121,3,20,25,28,34,38,35,2021-06-15
1120,3,11,15,24,29,38,28,2021-06-12
1119,3,10,14,19,29,36,35,2021-06-08
1118,10,12,13,14,30,39,23,2021-06-05
1117,6,14,15,19,25,31,11,2021-06-01
1116,1,11,18,23,31,39,17,2021-05-29
1115,7,10,17,20,29,31,8,2021-05-25
1114,3,10,17,25,29,37,6,2021-05-22
1113,9,20,28,34,38,39,1,2021-05-18
1112,11,18,26,35,36,39,23,2021-05-15
1111,12,18,21,33,35,37,39,2021-05-11
1110,6,11,25,27,31,38,13,2021-05-08
1109,6,15,26,32,35,39,11,2021-05-04
1108,23,28,29,30,32,38,33,2021-05-01
1107,5,7,8,12,27,31,14,2021-04-27
1106,14,17,25,29,36,38,33,2021-04-24
1105,1,8,10,17,22,28,16,2021-04-20
1104,11,27,29,34,35,37,3,2021-04-17
1103,13,22,25,28,35,36,33,2021-04-13
1102,6,7,10,12,17,18,3,2021-04-10
1101,3,6,9,28,29,30,15,2021-04-06
1100,3,25,28,30,33,36,24,2021-04-03
1099,5,7,9,13,19,31,17,2021-03-30
1098,8,11,18,23,24,30,20,2021-03-27
1097,1,9,10,13,24,34,39,2021-03-23
1096,3,6,7,22,30,35,14,2021-03-20
1095,6,8,9,12,33,38,30,2021-03-16
1094,9,10,22,25,31,36,35,2021-03-13
1093,7,8,12,31,32,39,13,2021-03-09
1092,5,12,16,27,34,39,36,2021-03-06
1091,4,8,15,23,27,30,36,2021-03-02
1090,18,20,32,33,34,37,7,2021-02-27
1089,8,11,15,27,29,38,28,2021-02-23
1088,5,7,16,25,27,31,10,2021-02-20
1087,11,12,23,25,29,30,27,2021-02-16
1086,15,20,21,28,37,39,36,2021-02-13
1085,9,17,21,25,31,38,19,2021-02-09
1084,2,8,16,19,37,39,36,2021-02-06
1083,3,4,15,16,28,35,5,2021-02-02
1082,6,10,12,20,27,31,36,2021-01-30
1081,8,24,29,31,32,33,27,2021-01-26
1080,16,18,24,34,35,36,21,2021-01-23
1079,3,10,27,32,35,36,16,2021-01-19
1078,6,15,22,23,30,38,19,2021-01-16
1077,11,17,19,20,27,29,24,2021-01-12
1076,10,20,27,31,34,35,7,2021-01-09
1075,7,13,21,23,24,31,22,2021-01-05
1074,3,10,20,26,32,37,36,2021-01-02
1073,10,11,27,29,31,36,23,2020-12-29
1072,1,4,16,17,19,38,36,2020-12-26
1071,4,16,20,28,33,35,37,2020-12-22
1070,7,9,23,30,33,38,3,2020-12-19
1069,13,14,21,28,36,39,23,2020-12-15
1068,6,11,23,31,32,35,24,2020-12-12
1067,15,19,27,34,38,39,3,2020-12-08
1066,1,3,12,23,29,30,14,2020-12-05
1065,5,6,17,20,30,37,15,2020-12-01
1064,3,8,10,11,25,39,38,2020-11-28
1063,1,3,4,20,22,33,23,2020-11-24
1062,3,4,6,8,30,31,22,2020-11-21
1061,3,13,17,31,33,38,24,2020-11-17
1060,4,10,17,30,31,39,8,2020-11-14
1059,4,8,16,19,25,27,3,2020-11-10
1058,6,7,17,19,21,31,16,2020-11-07
1057,2,10,15,21,28,31,5,2020-11-03
1056,7,8,11,27,34,39,32,2020-10-31
1055,2,6,24,33,35,36,37,2020-10-27
1054,6,9,22,25,32,36,19,2020-10-24
1053,2,5,9,13,19,31,35,2020-10-20
1052,3,4,21,22,24,37,16,2020-10-17
1051,12,19,23,27,34,37,20,2020-10-13
1050,4,7,8,15,20,23,25,2020-10-10
1049,4,9,18,29,30,38,21,2020-10-06
1048,1,13,19,35,36,38,21,2020-10-03
1047,1,13,15,17,25,37,7,2020-09-29
1046,2,6,7,12,18,29,25,2020-09-26
1045,4,8,12,13,14,29,26,2020-09-22
1044,18,19,28,29,32,37,25,2020-09-19
1043,4,11,13,17,28,38,25,2020-09-15
1042,3,17,20,25,35,39,8,2020-09-12
1041,10,12,23,27,33,36,26,2020-09-08
1040,16,21,26,28,31,34,11,2020-09-05
1039,8,12,15,20,23,35,1,2020-09-01
1038,1,10,18,19,27,34,36,2020-08-29
1037,2,6,11,27,32,37,17,2020-08-25
1036,3,4,31,32,34,36,13,2020-08-22
1035,4,8,16,22,27,33,18,2020-08-18
1034,6,10,11,17,20,33,15,2020-08-15
1033,3,13,18,20,26,32,22,2020-08-11
1032,11,20,22,25,31,38,4,2020-08-08
1031,2,7,8,11,27,30,24,2020-08-04
1030,12,13,20,25,26,27,24,2020-08-01
1029,1,2,3,5,13,16,6,2020-07-28
1028,10,19,20,21,24,25,39,2020-07-25
1027,1,4,9,21,24,25,34,2020-03-31
1026,5,14,22,25,35,39,27,2020-03-28
1025,12,13,20,25,26,35,38,2020-03-24
1024,3,18,19,22,26,32,5,2020-03-21
1023,4,7,11,23,25,33,20,2020-03-17
1022,9,18,32,37,38,39,13,2020-03-14
1021,9,21,30,32,34,35,14,2020-03-10
1020,4,7,23,31,33,35,29,2020-03-07
1019,11,14,17,18,24,29,15,2020-03-03
1018,7,16,18,22,25,26,19,2020-02-29
1017,1,6,9,13,15,19,35,2020-02-25
1016,4,5,16,29,31,32,6,2020-02-22
1015,7,13,21,25,30,33,24,2020-02-18
1014,3,15,20,22,26,29,33,2020-02-15
1013,1,9,14,27,30,37,26,2020-02-11
1012,2,5,7,10,21,39,29,2020-02-08
1011,10,12,16,23,26,30,32,2020-02-04
1010,19,23,26,31,35,36,24,2020-02-01
1009,1,5,12,24,29,37,10,2020-01-28
1008,24,30,34,37,38,39,23,2020-01-25
1007,4,16,26,28,31,33,2,2020-01-21
1006,3,10,18,21,26,27,28,2020-01-18
1005,4,14,15,21,28,37,32,2020-01-14
1004,4,11,24,25,26,39,20,2020-01-11
1003,2,4,10,28,33,39,3,2020-01-07
1002,13,14,21,30,31,33,22,2020-01-04
1001,10,14,16,29,33,35,31,2019-12-31
1000,2,4,5,14,34,39,36,2019-12-28
999,15,26,34,37,38,39,10,2019-12-24
998,6,10,11,26,27,29,21,2019-12-21
997,1,8,13,14,20,28,19,2019-12-17
996,5,12,14,32,34,39,19,2019-12-14
995,8,10,11,15,25,38,29,2019-12-10
994,3,7,14,19,22,38,33,2019-12-07
993,1,4,11,12,27,36,24,2019-12-03
992,1,2,3,6,18,34,11,2019-11-30
991,6,19,22,27,37,38,2,2019-11-26
990,2,8,13,27,36,37,3,2019-11-23
989,7,8,11,26,36,38,3,2019-11-19
988,1,4,7,23,25,27,8,2019-11-16
987,2,4,11,14,22,33,21,2019-11-12
986,1,17,25,30,32,33,21,2019-11-09
985,7,9,13,17,24,34,26,2019-11-05
984,4,5,10,15,26,27,7,2019-11-02
983,1,11,13,28,33,36,2,2019-10-29
982,2,4,8,10,14,16,30,2019-10-26
981,6,9,21,25,31,35,4,2019-10-22
980,1,9,12,15,33,34,23,2019-10-19
979,4,15,17,18,23,36,13,2019-10-15
978,18,19,28,29,31,33,27,2019-10-12
977,8,10,13,15,32,34,37,2019-10-08
976,5,7,10,11,27,30,16,2019-10-05
975,3,10,14,23,26,33,13,2019-10-01
974,12,14,18,22,23,30,31,2019-09-28
973,1,10,12,18,20,24,34,2019-09-24
972,3,10,13,18,26,34,33,2019-09-21
971,3,12,13,17,25,37,10,2019-09-17
970,5,17,20,28,30,36,25,2019-09-14
969,17,22,26,27,36,38,39,2019-09-10
968,6,21,22,30,32,38,8,2019-09-07
967,1,15,33,35,38,39,32,2019-09-03
966,2,8,15,30,32,37,31,2019-08-31
965,1,9,11,14,20,22,7,2019-08-27
964,5,6,12,16,36,37,26,2019-08-24
963,16,17,19,25,26,37,30,2019-08-20
962,5,6,27,29,34,35,26,2019-08-17
961,7,8,15,25,31,35,11,2019-08-13
960,9,14,17,30,36,37,11,2019-08-10
959,4,6,7,15,16,25,34,2019-08-06
958,8,10,17,18,36,39,33,2019-08-03
957,23,24,25,26,28,30,19,2019-07-30
956,13,15,26,32,38,39,9,2019-07-27
955,2,7,14,15,30,36,28,2019-07-23
954,3,11,21,23,24,38,35,2019-07-20
953,20,26,29,31,37,38,22,2019-07-16
952,1,4,10,26,27,33,7,2019-07-13
951,1,3,4,12,17,32,16,2019-07-09
950,7,12,17,21,24,37,14,2019-07-06
949,17,20,22,24,29,31,11,2019-07-02
948,1,8,12,17,18,23,31,2019-06-29
947,4,6,9,16,27,33,24,2019-06-25
946,6,8,18,21,23,32,4,2019-06-22
945,1,8,23,24,29,37,38,2019-06-18
944,2,25,27,31,33,38,9,2019-06-15
943,4,6,11,23,28,35,22,2019-06-11
942,2,3,6,9,21,34,31,2019-06-08
941,1,7,12,25,29,35,15,2019-06-04
940,2,7,14,19,24,37,5,2019-06-01
939,5,13,21,22,23,36,8,2019-05-28
938,3,6,17,24,25,33,5,2019-05-25
937,8,10,14,22,29,36,7,2019-05-21
936,2,4,11,22,26,35,31,2019-05-18
935,8,22,23,24,35,37,17,2019-05-14
934,8,9,11,16,21,32,31,2019-05-11
933,2,6,11,26,37,38,21,2019-05-07
932,12,13,26,29,35,39,15,2019-05-04
931,9,13,16,19,30,39,12,2019-04-30
930,2,7,17,22,32,36,27,2019-04-27
929,10,12,18,28,32,37,19,2019-04-23
928,9,12,26,28,31,36,20,2019-04-20
927,4,10,13,14,16,25,6,2019-04-16
926,4,10,30,37,38,39,35,2019-04-13
925,2,3,28,33,38,39,5,2019-04-09
924,4,5,8,15,34,35,32,2019-04-06
923,1,9,19,23,25,29,30,2019-04-02
922,11,13,23,30,31,33,37,2019-03-30
921,1,2,4,6,20,28,18,2019-03-26
920,2,7,8,9,24,28,22,2019-03-23
919,9,13,19,27,33,36,7,2019-03-19
918,2,5,8,25,35,38,39,2019-03-16
917,4,6,13,14,21,32,22,2019-03-12
916,1,6,10,18,32,37,27,2019-03-09
915,9,16,17,20,24,39,13,2019-03-05
914,7,8,11,14,26,38,18,2019-03-02
913,5,6,7,9,25,32,27,2019-02-26
912,7,8,15,16,24,28,18,2019-02-23
911,6,9,10,11,13,21,15,2019-02-19
910,10,20,21,25,35,39,3,2019-02-16
909,5,6,11,20,28,29,17,2019-02-12
908,2,12,13,20,23,29,10,2019-02-09
907,8,9,17,20,25,30,37,2019-02-05
906,7,8,10,19,20,30,29,2019-02-02
905,2,19,23,28,29,35,12,2019-01-29
904,2,5,12,14,25,29,30,2019-01-26
903,9,10,12,21,27,38,26,2019-01-22
902,4,5,6,14,21,35,32,2019-01-19
901,9,11,13,14,23,30,6,2019-01-15
900,17,18,25,27,34,36,1,2019-01-12
899,8,18,24,26,27,39,35,2019-01-08
898,16,20,24,26,27,29,1,2019-01-05
897,4,5,6,8,14,32,38,2019-01-01
896,10,16,28,29,32,33,36,2018-12-29
895,6,8,22,24,30,34,5,2018-12-25
894,2,4,5,8,15,34,13,2018-12-22
893,1,22,25,27,29,33,23,2018-12-18
892,4,15,21,23,25,32,26,2018-12-15
891,2,8,21,22,30,34,9,2018-12-11
890,2,9,10,19,26,30,14,2018-12-08
889,6,9,12,25,33,37,26,2018-12-04
888,7,19,21,28,38,39,6,2018-12-01
887,8,15,19,32,35,37,17,2018-11-27
886,10,12,23,28,35,36,19,2018-11-24
885,1,8,14,15,18,38,31,2018-11-20
884,1,3,15,22,24,27,16,2018-11-17
883,3,13,15,24,30,32,16,2018-11-13
882,1,9,11,22,26,32,6,2018-11-10
881,15,16,21,22,27,29,19,2018-11-06
880,5,19,25,34,35,39,31,2018-11-03
879,15,21,29,34,38,39,32,2018-10-30
878,11,14,16,29,36,37,25,2018-10-27
877,13,14,28,31,33,37,6,2018-10-23
876,18,24,25,28,31,38,9,2018-10-20
875,8,16,20,21,26,36,6,2018-10-16
874,15,20,24,29,31,39,4,2018-10-13
873,9,13,19,26,32,37,6,2018-10-09
872,1,8,13,14,19,35,38,2018-10-06
871,3,7,10,17,18,20,8,2018-10-02
870,10,14,24,26,29,30,32,2018-09-29
869,7,13,16,26,29,39,14,2018-09-25
868,6,9,14,15,16,30,7,2018-09-22
867,1,6,9,11,21,31,5,2018-09-18
866,3,13,19,29,30,38,18,2018-09-15
865,6,10,11,35,37,38,14,2018-09-11
864,3,4,7,25,31,35,11,2018-09-08
863,4,14,24,32,34,39,10,2018-09-04
862,2,13,25,27,29,39,15,2018-09-01
861,2,4,6,21,27,31,25,2018-08-28
860,1,7,12,25,31,34,13,2018-08-25
859,9,14,24,26,31,37,13,2018-08-21
858,7,9,22,26,27,37,35,2018-08-18
857,11,14,18,23,24,30,27,2018-08-14
856,6,21,23,26,29,31,3,2018-08-11
855,2,10,18,19,30,37,31,2018-08-07
854,8,12,15,22,25,37,17,2018-08-04
853,3,15,16,18,25,34,1,2018-07-31
852,6,9,10,17,23,37,14,2018-07-28
851,2,5,16,23,35,36,29,2018-07-24
850,6,7,9,13,14,26,12,2018-07-21
849,1,4,7,11,25,39,24,2018-07-17
848,2,11,14,15,19,26,9,2018-07-14
847,2,18,26,31,33,35,5,2018-07-10
846,2,26,28,31,33,37,21,2018-07-07
845,2,3,4,11,15,29,19,2018-07-03
844,1,9,11,14,32,38,24,2018-06-30
843,15,17,23,25,35,39,3,2018-06-26
842,2,3,12,14,28,39,17,2018-06-23
841,1,8,18,22,26,34,29,2018-06-19
840,8,21,24,30,32,38,28,2018-06-16
839,6,11,18,20,31,35,26,2018-06-12
838,5,6,12,13,15,21,38,2018-06-09
837,4,16,19,29,32,35,11,2018-06-05
836,3,8,13,19,28,32,27,2018-06-02
835,3,12,15,23,32,36,8,2018-05-29
834,7,12,13,16,30,39,22,2018-05-26
833,3,9,25,30,36,39,19,2018-05-22
832,4,12,13,23,24,25,29,2018-05-19
831,6,7,11,27,32,33,34,2018-05-15
830,16,18,26,27,29,38,6,2018-05-12
829,2,11,18,19,27,30,23,2018-05-08
828,1,5,6,24,28,39,16,2018-05-05
827,1,14,18,21,29,39,5,2018-05-01
826,3,7,12,16,17,19,20,2018-04-28
825,3,9,12,15,21,36,33,2018-04-24
824,3,16,18,31,36,38,37,2018-04-21
823,9,16,22,25,30,31,33,2018-04-17
822,2,4,9,19,22,37,26,2018-04-14
821,2,8,28,32,36,39,5,2018-04-10
820,2,3,8,16,20,30,31,2018-04-07
819,6,11,19,26,30,37,22,2018-04-03
818,3,5,23,28,33,34,2,2018-03-31
817,2,6,11,18,27,32,5,2018-03-27
816,14,22,25,26,29,36,3,2018-03-24
815,1,12,14,26,28,30,32,2018-03-20
814,3,13,16,24,29,37,26,2018-03-17
813,1,3,11,16,20,22,29,2018-03-13
812,3,22,25,28,30,36,10,2018-03-10
811,5,7,13,26,30,33,31,2018-03-06
810,10,17,28,34,36,38,26,2018-03-03
809,3,13,17,27,36,37,29,2018-02-27
808,8,12,13,15,24,26,16,2018-02-24
807,12,26,29,33,37,38,5,2018-02-20
806,4,9,24,25,34,38,39,2018-02-17
805,8,9,14,19,27,34,39,2018-02-13
804,5,19,23,28,29,39,35,2018-02-10
803,2,5,21,27,28,36,31,2018-02-06
802,2,4,8,33,34,36,26,2018-02-03
801,10,12,15,19,20,21,29,2018-01-30
800,7,8,12,23,26,29,3,2018-01-27
799,12,18,23,24,28,32,15,2018-01-23
798,9,14,15,26,34,37,23,2018-01-20
797,8,15,23,25,30,36,33,2018-01-16
796,11,13,16,27,36,39,29,2018-01-13
795,2,10,13,35,36,38,17,2018-01-09
794,5,14,20,26,30,37,24,2018-01-06
793,2,6,8,14,19,29,5,2018-01-02
792,5,7,8,9,27,28,16,2017-12-30
791,3,8,20,25,31,34,22,2017-12-26
790,3,4,5,10,17,29,25,2017-12-23
789,2,6,7,11,26,31,18,2017-12-19
788,2,6,15,24,31,36,37,2017-12-16
787,5,12,18,33,34,38,11,2017-12-12
786,9,10,14,20,23,36,5,2017-12-09
785,1,4,5,12,17,36,26,2017-12-05
784,12,15,23,33,37,39,6,2017-12-02
783,4,10,22,27,30,35,19,2017-11-28
782,5,6,20,22,24,26,3,2017-11-25
781,1,7,10,14,22,36,17,2017-11-21
780,3,15,20,24,31,39,10,2017-11-18
779,10,18,19,21,32,39,35,2017-11-14
778,10,16,18,19,23,38,8,2017-11-11
777,7,13,23,24,32,34,12,2017-11-07
776,7,16,21,29,38,39,12,2017-11-04
775,4,11,17,23,30,36,31,2017-10-31
774,2,3,13,15,33,34,19,2017-10-28
773,10,11,15,16,34,38,8,2017-10-24
772,4,19,23,26,30,34,17,2017-10-21
771,5,12,18,23,26,38,3,2017-10-17
770,7,12,20,25,26,29,3,2017-10-14
769,1,4,9,14,16,36,3,2017-10-10
768,16,22,26,32,33,38,31,2017-10-07
767,6,9,13,20,35,37,32,2017-10-03
766,6,21,22,26,27,34,30,2017-09-30
765,9,13,26,28,33,38,7,2017-09-26
764,15,20,21,24,32,33,14,2017-09-23
763,12,21,25,27,29,32,38,2017-09-19
762,4,7,13,23,25,33,21,2017-09-16
761,2,13,19,25,37,38,15,2017-09-12
760,1,4,7,15,23,29,20,2017-09-09
759,1,8,9,11,30,35,34,2017-09-05
758,6,8,10,25,36,39,11,2017-09-02
757,3,10,15,18,36,39,38,2017-08-29
756,1,13,22,31,32,34,10,2017-08-26
755,5,9,12,19,28,33,29,2017-08-22
754,4,6,10,11,16,19,32,2017-08-19
753,2,5,7,16,18,38,33,2017-08-15
752,5,22,26,29,33,34,13,2017-08-12
751,15,23,26,27,33,34,14,2017-08-08
750,14,16,24,32,36,37,2,2017-08-05
749,6,9,11,27,28,38,8,2017-08-01
748,2,3,7,8,11,16,30,2017-07-29
747,4,8,11,22,36,37,10,2017-07-25
746,9,11,19,27,33,37,7,2017-07-22
745,14,15,21,25,36,39,34,2017-07-18
744,2,4,7,10,11,18,20,2017-07-15
743,12,20,23,27,31,39,25,2017-07-11
742,2,6,7,13,16,23,26,2017-07-08
741,2,8,22,30,34,36,39,2017-07-04
740,3,13,15,27,33,39,16,2017-07-01
739,17,20,22,29,31,34,15,2017-06-27
738,2,7,14,16,23,27,35,2017-06-24
737,8,16,20,28,30,34,39,2017-06-20
736,2,4,11,14,25,37,31,2017-06-17
735,5,16,21,30,32,37,13,2017-06-13
734,2,3,13,26,30,31,34,2017-06-10
733,2,5,6,13,28,31,27,2017-06-06
732,4,10,13,23,36,39,7,2017-06-03
731,1,6,28,29,36,38,2,2017-05-30
730,1,17,25,27,28,38,3,2017-05-27
729,9,14,17,18,30,35,19,2017-05-23
728,8,9,16,29,36,37,19,2017-05-20
727,1,4,12,21,31,38,20,2017-05-16
726,11,16,24,33,37,38,4,2017-05-13
725,2,11,17,20,28,34,31,2017-05-09
724,11,16,24,32,34,35,38,2017-05-06
723,2,11,20,25,26,38,22,2017-05-02
722,9,13,16,20,22,34,31,2017-04-29
721,8,17,22,27,31,38,3,2017-04-25
720,2,5,16,18,21,27,35,2017-04-22
719,7,15,28,29,34,37,20,2017-04-18
718,2,4,9,12,19,21,32,2017-04-15
717,22,25,26,29,33,38,5,2017-04-11
716,1,15,25,30,34,36,9,2017-04-08
715,2,11,15,18,19,25,12,2017-04-04
714,15,17,23,24,26,27,2,2017-04-01
713,2,6,11,24,32,35,22,2017-03-28
712,1,6,9,25,32,35,4,2017-03-25
711,6,13,14,18,24,26,5,2017-03-21
710,8,17,23,27,33,38,1,2017-03-18
709,14,21,22,23,25,32,17,2017-03-14
708,5,17,20,21,28,32,3,2017-03-11
707,9,18,21,23,24,38,31,2017-03-07
706,4,26,32,34,38,39,7,2017-03-04
705,2,7,8,16,32,38,21,2017-02-28
704,6,13,20,27,28,35,15,2017-02-25
703,1,8,9,13,36,37,22,2017-02-21
702,2,8,12,22,23,30,11,2017-02-18
701,11,24,26,27,35,38,23,2017-02-14
700,2,5,8,18,25,31,22,2017-02-11
699,5,6,20,26,28,37,35,2017-02-07
698,5,9,20,33,34,39,18,2017-02-04
697,3,4,11,36,38,39,5,2017-01-31
696,4,5,22,23,24,36,30,2017-01-28
695,6,13,15,28,31,34,17,2017-01-24
694,8,11,15,20,36,37,31,2017-01-21
693,16,18,22,25,32,37,30,2017-01-17
692,3,15,26,27,35,37,30,2017-01-14
691,1,2,6,13,29,32,36,2017-01-10
690,16,17,18,23,30,34,4,2017-01-07
689,11,18,22,28,30,38,9,2017-01-03
688,1,3,10,11,29,39,26,2016-12-31
687,21,22,26,30,35,36,16,2016-12-27
686,2,10,24,30,38,39,7,2016-12-24
685,7,22,24,25,28,29,2,2016-12-20
684,2,6,15,20,22,30,23,2016-12-17
683,8,12,19,30,31,39,25,2016-12-13
682,7,13,17,23,28,31,30,2016-12-10
681,8,15,23,24,25,32,34,2016-12-06
680,1,7,14,17,33,35,34,2016-12-03
679,4,6,9,16,35,36,38,2016-11-29
678,1,12,13,26,38,39,20,2016-11-26
677,1,4,6,12,16,20,37,2016-11-22
676,1,7,10,11,18,19,28,2016-11-19
675,1,13,15,26,32,39,10,2016-11-15
674,7,23,31,35,37,39,20,2016-11-12
673,18,24,28,29,34,38,14,2016-11-08
672,1,11,12,22,33,34,27,2016-11-05
671,7,10,12,27,32,39,15,2016-11-01
670,9,10,19,21,28,33,3,2016-10-29
669,5,11,16,20,30,34,27,2016-10-25
668,2,18,19,26,28,31,15,2016-10-22
667,4,8,15,21,26,32,37,2016-10-18
666,13,17,20,25,35,38,10,2016-10-15
665,4,6,21,25,34,36,9,2016-10-11
664,4,5,7,14,21,26,8,2016-10-08
663,8,19,20,25,26,39,36,2016-10-04
662,3,8,11,16,18,34,15,2016-10-01
661,12,13,16,20,21,22,33,2016-09-27
660,4,8,18,25,27,28,14,2016-09-24
659,6,13,21,27,32,36,29,2016-09-20
658,4,14,16,18,27,36,30,2016-09-17
657,7,11,17,31,34,38,5,2016-09-13
656,5,6,7,18,36,39,14,2016-09-10
655,7,15,19,26,36,38,14,2016-09-06
654,2,23,27,28,36,37,5,2016-09-03
653,11,16,26,27,35,36,8,2016-08-30
652,3,7,10,17,28,37,22,2016-08-27
651,3,24,25,27,34,35,22,2016-08-23
650,1,4,10,25,30,33,8,2016-08-20
649,13,15,29,31,32,36,23,2016-08-16
648,4,12,21,30,33,36,10,2016-08-13
647,1,10,26,29,33,38,20,2016-08-09
646,10,12,13,18,27,36,8,2016-08-06
645,1,15,17,29,30,35,20,2016-08-02
644,2,5,11,16,27,32,10,2016-07-30
643,11,14,16,28,38,39,37,2016-07-26
642,13,18,21,31,33,36,25,2016-07-23
641,11,24,25,27,30,34,36,2016-07-19
640,4,14,17,22,26,29,30,2016-07-16
639,6,7,11,27,37,39,12,2016-07-12
638,2,6,14,21,31,35,32,2016-07-09
637,3,4,8,26,29,33,2,2016-07-05
636,1,7,8,10,22,33,28,2016-07-02
635,5,8,11,14,17,28,26,2016-06-28
634,10,15,22,27,31,32,17,2016-06-25
633,3,8,12,29,32,33,5,2016-06-21
632,3,4,22,24,29,32,23,2016-06-18
631,2,5,7,15,19,23,28,2016-06-14
630,8,9,13,14,21,30,29,2016-06-11
629,7,8,18,19,23,31,2,2016-06-07
628,4,15,16,21,23,26,6,2016-06-04
627,13,16,24,28,37,39,5,2016-05-31
626,2,4,8,20,27,31,30,2016-05-28
625,5,9,14,18,20,25,1,2016-05-24
624,4,28,29,33,34,38,15,2016-05-21
623,10,11,15,16,32,35,30,2016-05-17
622,4,22,23,31,32,38,36,2016-05-14
621,7,11,14,16,17,23,22,2016-05-10
620,4,6,14,26,36,37,30,2016-05-07
619,1,13,15,26,29,34,24,2016-05-03
618,3,6,12,20,23,37,19,2016-04-30
617,4,5,6,13,31,32,30,2016-04-26
616,1,2,5,13,18,20,30,2016-04-23
615,5,8,14,22,26,28,12,2016-04-19
614,7,12,13,14,21,29,8,2016-04-16
613,3,4,19,27,36,37,34,2016-04-12
612,1,8,18,20,22,37,3,2016-04-09
611,23,26,28,31,32,36,24,2016-04-05
610,4,8,9,12,21,24,7,2016-04-02
609,9,21,24,28,31,36,33,2016-03-29
608,8,10,12,21,22,31,15,2016-03-26
607,9,21,28,30,31,38,34,2016-03-22
606,1,15,23,26,29,30,10,2016-03-19
605,12,15,21,22,35,36,10,2016-03-15
604,6,20,24,35,36,37,15,2016-03-12
603,6,7,9,22,28,35,5,2016-03-08
602,10,12,16,28,32,38,20,2016-03-05
601,8,24,25,26,30,32,35,2016-03-01
600,2,3,9,29,30,38,14,2016-02-27
599,7,15,22,27,37,39,21,2016-02-23
598,5,7,13,27,28,30,4,2016-02-20
597,3,4,8,12,27,38,24,2016-02-16
596,2,3,15,27,30,35,33,2016-02-13
595,2,5,15,18,21,22,6,2016-02-09
594,4,6,11,18,19,22,12,2016-02-06
593,14,19,21,25,34,35,28,2016-02-02
592,2,3,7,22,25,30,6,2016-01-30
591,6,17,20,24,26,28,3,2016-01-26
590,1,10,19,24,32,35,36,2016-01-23
589,10,12,20,23,31,36,15,2016-01-19
588,11,13,27,29,30,31,34,2016-01-16
587,2,10,13,26,35,39,7,2016-01-12
586,7,17,28,34,37,39,6,2016-01-09
585,5,6,13,31,33,39,11,2016-01-05
584,8,10,19,29,37,39,31,2016-01-02
583,1,6,8,10,27,34,29,2015-12-29
582,7,11,15,18,34,35,6,2015-12-26
581,9,11,22,29,31,33,32,2015-12-22
580,5,18,19,20,27,35,33,2015-12-19
579,11,14,15,19,27,35,17,2015-12-15
578,2,4,15,22,25,38,30,2015-12-12
577,15,17,23,28,30,35,22,2015-12-08
576,1,4,17,19,30,35,22,2015-12-05
575,4,5,10,19,22,37,2,2015-12-01
574,6,22,24,25,26,28,12,2015-11-28
573,6,18,19,20,25,36,26,2015-11-24
572,2,11,14,16,29,32,7,2015-11-21
571,6,11,16,20,22,31,35,2015-11-17
570,4,6,12,24,37,38,27,2015-11-14
569,5,8,10,11,12,39,3,2015-11-10
568,11,20,25,26,31,35,27,2015-11-07
567,1,7,10,15,19,39,28,2015-11-03
566,2,6,22,25,26,33,7,2015-10-31
565,1,3,12,16,20,22,8,2015-10-27
564,2,4,17,20,24,33,8,2015-10-24
563,5,12,21,23,34,38,9,2015-10-20
562,9,13,24,25,29,38,30,2015-10-17
561,1,11,24,26,32,33,12,2015-10-13
560,6,10,14,15,29,33,17,2015-10-10
559,27,30,32,35,36,38,15,2015-10-06
558,7,14,16,25,31,38,4,2015-10-03
557,1,3,16,26,33,34,8,2015-09-29
556,8,19,21,29,33,39,20,2015-09-26
555,1,9,20,27,32,36,30,2015-09-22
554,1,14,21,24,29,32,3,2015-09-19
553,2,3,8,9,12,37,33,2015-09-15
552,10,12,16,22,31,34,24,2015-09-12
551,7,10,11,13,23,26,25,2015-09-08
550,10,13,19,21,24,25,1,2015-09-05
549,10,14,16,22,27,28,31,2015-09-01
548,10,15,24,31,36,38,12,2015-08-29
547,1,3,12,19,30,35,37,2015-08-25
546,4,8,10,17,18,36,39,2015-08-22
545,7,20,25,26,36,37,6,2015-08-18
544,2,4,5,20,22,26,38,2015-08-15
543,9,10,16,17,18,34,15,2015-08-11
542,1,12,17,22,30,31,4,2015-08-08
541,12,19,22,24,28,38,4,2015-08-04
540,4,5,32,34,37,38,2,2015-08-01
539,12,20,24,28,38,39,18,2015-07-28
538,4,19,27,28,36,38,9,2015-07-25
537,7,10,23,27,31,39,16,2015-07-21
536,11,14,19,23,31,37,8,2015-07-18
535,5,15,20,21,24,31,12,2015-07-14
534,14,15,20,23,26,38,34,2015-07-11
533,5,8,17,21,26,34,10,2015-07-07
532,9,15,23,24,31,35,3,2015-07-04
531,8,9,15,19,29,39,14,2015-06-30
530,3,10,13,20,33,38,35,2015-06-27
529,10,22,23,25,33,39,20,2015-06-23
528,18,20,23,24,26,35,16,2015-06-20
527,10,25,26,30,36,38,19,2015-06-16
526,8,14,17,28,29,31,7,2015-06-13
525,4,20,22,28,31,34,7,2015-06-09
524,6,12,18,24,25,31,37,2015-06-06
523,6,14,18,32,34,36,22,2015-06-02
522,3,4,7,9,10,32,24,2015-05-30
521,7,17,20,32,34,39,22,2015-05-26
520,4,9,11,12,17,26,29,2015-05-23
519,2,15,17,31,34,38,35,2015-05-19
518,6,12,16,18,33,36,5,2015-05-16
517,2,5,16,21,25,31,28,2015-05-12
516,5,17,20,26,27,33,38,2015-05-09
515,3,7,9,25,29,32,33,2015-05-05
514,9,11,20,27,31,32,37,2015-05-02
513,4,19,26,28,34,36,8,2015-04-28
512,6,10,13,14,34,36,29,2015-04-25
511,1,24,25,29,37,38,5,2015-04-21
510,9,15,18,26,32,34,33,2015-04-18
509,5,6,11,12,22,26,31,2015-04-14
508,4,12,14,16,26,39,3,2015-04-11
507,4,5,27,29,33,36,11,2015-04-07
506,8,11,15,24,33,39,32,2015-04-04
505,3,7,15,16,32,38,5,2015-03-31
504,4,5,10,14,31,39,34,2015-03-28
503,16,21,22,25,32,33,36,2015-03-24
502,10,13,15,23,24,27,11,2015-03-21
501,2,19,23,32,35,39,29,2015-03-17
500,5,10,20,22,30,34,26,2015-03-14
499,3,14,17,21,23,35,29,2015-03-10
498,1,3,5,24,34,37,30,2015-03-07
497,7,8,21,28,32,38,14,2015-03-03
496,1,13,18,22,24,39,35,2015-02-28
495,4,7,8,9,11,26,37,2015-02-24
494,1,5,7,25,26,38,33,2015-02-21
493,14,18,25,26,29,39,9,2015-02-17
492,4,5,9,22,33,39,17,2015-02-14
491,1,8,9,14,23,26,31,2015-02-10
490,1,2,20,23,27,29,33,2015-02-07
489,4,9,10,35,38,39,8,2015-02-03
488,3,9,13,29,32,36,6,2015-01-31
487,10,14,18,27,33,35,26,2015-01-27
486,1,4,13,26,29,32,12,2015-01-24
485,6,15,20,24,26,39,37,2015-01-20
484,10,22,26,28,32,33,30,2015-01-17
483,2,10,11,19,33,35,8,2015-01-13
482,9,15,19,24,30,34,31,2015-01-10
481,1,2,12,13,17,24,14,2015-01-06
480,1,13,17,22,25,31,23,2015-01-03
479,10,11,21,31,34,38,24,2014-12-30
478,9,13,14,34,36,38,19,2014-12-27
477,8,12,14,28,34,35,6,2014-12-23
476,2,11,16,17,32,37,13,2014-12-20
475,6,11,20,25,31,39,13,2014-12-16
474,10,15,16,22,26,33,27,2014-12-13
473,10,11,16,17,19,26,14,2014-12-09
472,2,3,8,12,30,33,27,2014-12-06
471,1,4,5,17,24,34,6,2014-12-02
470,7,8,10,20,21,25,6,2014-11-29
469,2,6,11,12,17,21,4,2014-11-25
468,3,4,12,14,19,20,34,2014-11-22
467,4,14,15,21,24,31,9,2014-11-18
466,1,8,16,17,20,30,13,2014-11-15
465,10,21,23,32,34,39,29,2014-11-11
464,11,24,25,27,32,34,23,2014-11-08
463,1,3,7,12,18,37,21,2014-11-04
462,2,5,7,9,19,35,34,2014-11-01
461,2,10,29,31,36,37,38,2014-10-28
460,4,13,22,24,33,39,27,2014-10-25
459,10,29,30,32,33,34,38,2014-10-21
458,9,16,19,21,33,38,30,2014-10-18
457,8,10,11,20,22,37,14,2014-10-14
456,4,5,8,9,21,29,31,2014-10-11
455,1,11,12,29,33,37,32,2014-10-07
454,6,8,13,14,15,20,12,2014-10-04
453,6,17,28,30,36,38,33,2014-09-30
452,6,12,24,25,33,39,26,2014-09-27
451,5,7,14,19,21,24,33,2014-09-23
450,12,19,22,24,35,38,36,2014-09-20
449,11,12,14,22,26,36,4,2014-09-16
448,3,10,13,24,31,33,26,2014-09-13
447,9,10,19,24,25,33,12,2014-09-09
446,1,11,19,23,24,27,20,2014-09-06
445,5,11,13,16,18,26,37,2014-09-02
444,24,25,26,28,31,38,10,2014-08-30
443,4,8,9,25,34,36,24,2014-08-26
442,4,5,17,22,25,34,36,2014-08-23
441,1,2,10,17,22,38,8,2014-08-19
440,21,29,31,34,36,39,38,2014-08-16
439,1,6,23,25,30,34,2,2014-08-12
438,11,14,21,24,25,32,6,2014-08-09
437,9,15,19,20,26,34,22,2014-08-05
436,6,8,10,13,16,21,15,2014-08-02
435,7,12,20,22,25,34,30,2014-07-29
434,3,4,18,19,20,25,36,2014-07-26
433,22,23,30,32,35,37,2,2014-07-22
432,4,9,18,26,27,39,10,2014-07-19
431,2,9,13,17,26,27,28,2014-07-15
430,2,4,7,19,27,35,13,2014-07-12
429,1,13,16,17,31,34,8,2014-07-08
428,14,17,19,24,28,33,9,2014-07-05
427,4,6,13,19,25,36,17,2014-07-01
426,1,17,20,26,38,39,37,2014-06-28
425,1,12,15,18,23,27,16,2014-06-24
424,1,3,4,12,19,32,16,2014-06-21
423,11,14,20,21,30,33,28,2014-06-17
422,8,13,25,34,36,37,27,2014-06-14
421,8,18,24,27,28,30,23,2014-06-10
420,4,7,17,18,25,32,5,2014-06-07
419,9,22,31,33,37,39,3,2014-06-03
418,7,12,14,21,25,26,29,2014-05-31
417,5,6,12,16,19,28,27,2014-05-27
416,6,16,17,25,29,34,27,2014-05-24
415,4,5,6,12,17,25,21,2014-05-20
414,1,4,14,16,20,23,38,2014-05-17
413,8,22,25,27,32,36,34,2014-05-13
412,4,7,15,19,21,29,12,2014-05-10
411,2,12,20,35,36,39,38,2014-05-06
410,1,15,16,23,29,37,4,2014-05-03
409,8,14,33,34,38,39,22,2014-04-29
408,3,16,23,25,31,38,37,2014-04-26
407,8,10,14,18,32,33,17,2014-04-22
406,3,14,22,27,35,39,38,2014-04-19
405,6,13,15,16,19,38,4,2014-04-15
404,8,14,22,32,38,39,13,2014-04-12
403,7,13,16,24,37,39,28,2014-04-08
402,1,10,26,35,37,39,17,2014-04-05
401,7,10,15,24,26,31,38,2014-04-01
400,10,11,12,22,26,30,15,2014-03-29
399,3,7,8,19,20,31,38,2014-03-25
398,7,9,12,15,22,31,30,2014-03-22
397,11,21,26,27,33,34,38,2014-03-18
396,12,17,23,25,33,36,38,2014-03-15
395,7,13,18,30,36,37,10,2014-03-11
394,5,9,18,23,32,37,1,2014-03-08
393,8,10,23,26,33,38,25,2014-03-04
392,5,11,14,15,18,32,2,2014-03-01
391,1,3,9,11,20,32,17,2014-02-25
390,5,18,23,34,37,38,29,2014-02-22
389,18,24,28,31,34,37,7,2014-02-18
388,7,9,10,26,31,37,33,2014-02-15
387,3,6,10,16,31,37,19,2014-02-11
386,3,14,17,19,31,35,27,2014-02-08
385,19,20,22,24,27,35,7,2014-02-04
384,13,25,28,31,34,36,15,2014-02-01
383,3,8,12,22,28,39,16,2014-01-28
382,1,2,13,20,31,38,11,2014-01-25
381,4,5,13,21,38,39,19,2014-01-21
380,4,6,16,26,30,34,22,2014-01-18
379,4,7,14,32,37,38,16,2014-01-14
378,7,10,12,26,32,36,17,2014-01-11
377,3,15,18,24,27,36,23,2014-01-07
376,4,11,16,25,29,39,30,2014-01-04
375,2,12,13,18,21,34,19,2013-12-31
374,12,15,18,20,21,28,29,2013-12-28
373,1,2,12,18,21,25,26,2013-12-24
372,2,4,16,25,33,38,28,2013-12-21
371,11,17,18,28,31,36,33,2013-12-17
370,10,16,22,35,36,38,27,2013-12-14
369,1,8,20,21,27,36,12,2013-12-10
368,10,14,18,22,27,33,13,2013-12-07
367,14,16,17,25,26,38,15,2013-12-03
366,16,17,25,28,36,39,38,2013-11-30
365,14,18,21,29,34,38,33,2013-11-26
364,8,13,19,21,23,31,17,2013-11-23
363,6,10,11,17,23,34,37,2013-11-19
362,3,6,8,18,26,30,35,2013-11-16
361,8,20,27,29,32,39,5,2013-11-12
360,1,22,25,26,27,32,23,2013-11-09
359,5,13,17,18,32,35,8,2013-11-05
358,6,9,13,14,20,37,38,2013-11-02
357,1,12,16,21,28,39,24,2013-10-29
356,1,4,10,11,21,29,2,2013-10-26
355,1,2,6,8,23,31,39,2013-10-22
354,1,13,25,32,34,35,19,2013-10-19
353,7,20,23,24,28,33,12,2013-10-15
352,20,21,22,24,31,38,33,2013-10-12
351,11,14,27,29,32,33,13,2013-10-08
350,11,12,13,31,34,39,21,2013-10-05
349,3,6,8,17,33,38,16,2013-10-01
348,5,14,16,28,33,39,27,2013-09-28
347,3,10,21,23,25,28,22,2013-09-24
346,4,6,13,16,32,35,33,2013-09-21
345,1,3,22,29,33,34,25,2013-09-17
344,4,12,18,27,31,34,2,2013-09-14
343,9,21,24,33,36,37,18,2013-09-10
342,4,5,10,24,26,37,9,2013-09-07
341,12,13,15,20,26,38,1,2013-09-03
340,2,22,23,24,31,39,27,2013-08-31
339,5,18,24,25,35,38,4,2013-08-27
338,1,11,13,17,21,27,29,2013-08-24
337,6,12,21,24,25,36,20,2013-08-20
336,3,7,12,18,34,35,30,2013-08-17
335,8,11,17,31,36,38,37,2013-08-13
334,2,6,9,20,21,25,35,2013-08-10
333,4,8,15,19,33,35,9,2013-08-06
332,2,4,17,31,37,38,11,2013-08-03
331,11,13,23,32,37,39,9,2013-07-30
330,7,9,16,19,30,37,14,2013-07-27
329,1,2,10,14,19,32,8,2013-07-23
328,20,22,25,29,31,32,8,2013-07-20
327,3,7,14,17,24,25,37,2013-07-16
326,6,7,22,25,27,31,38,2013-07-13
325,5,11,20,25,26,29,14,2013-07-09
324,10,13,24,26,27,31,1,2013-07-06
323,1,7,12,24,27,29,25,2013-07-02
322,1,4,13,21,29,36,30,2013-06-29
321,9,13,18,29,35,39,34,2013-06-25
320,4,5,19,25,36,39,9,2013-06-22
319,1,7,25,31,32,37,24,2013-06-18
318,2,23,27,28,29,30,18,2013-06-15
317,4,7,19,22,30,36,33,2013-06-11
316,18,24,27,32,35,39,38,2013-06-08
315,13,21,25,29,32,37,3,2013-06-04
314,1,13,20,23,31,35,10,2013-06-01
313,6,15,25,29,37,39,13,2013-05-28
312,1,15,18,19,21,27,36,2013-05-25
311,5,12,24,27,28,35,26,2013-05-21
310,7,10,11,14,16,32,13,2013-05-18
309,3,5,8,14,17,33,18,2013-05-14
308,6,11,18,24,31,34,33,2013-05-11
307,4,7,14,21,34,37,26,2013-05-07
306,2,10,19,26,37,39,4,2013-05-04
305,2,11,13,20,24,35,10,2013-04-30
304,1,11,12,21,23,36,14,2013-04-27
303,3,14,16,35,37,39,30,2013-04-23
302,2,4,8,14,23,38,11,2013-04-20
301,5,11,22,23,31,35,7,2013-04-16
300,3,17,24,26,30,34,20,2013-04-13
299,17,18,25,31,34,35,16,2013-04-09
298,5,15,16,30,31,38,20,2013-04-06
297,2,22,27,29,31,37,13,2013-04-02
296,1,2,24,31,32,33,20,2013-03-30
295,11,15,18,26,28,38,6,2013-03-26
294,13,18,25,27,28,30,12,2013-03-23
293,2,3,12,21,29,39,23,2013-03-19
292,8,13,21,23,24,28,12,2013-03-16
291,10,14,20,27,28,32,22,2013-03-12
290,2,14,28,29,30,37,7,2013-03-09
289,1,15,19,24,32,38,28,2013-03-05
288,6,9,16,21,31,34,3,2013-03-02
287,1,4,16,22,32,33,7,2013-02-26
286,6,7,8,10,16,27,29,2013-02-23
285,2,7,15,17,25,37,29,2013-02-19
284,1,2,3,13,18,19,15,2013-02-16
283,1,3,25,29,35,37,7,2013-02-12
282,8,16,17,21,26,37,23,2013-02-09
281,14,15,19,21,24,35,31,2013-02-05
280,2,6,9,17,30,36,25,2013-02-02
279,3,15,21,25,26,32,22,2013-01-29
278,11,18,33,34,35,36,2,2013-01-26
277,8,11,19,22,34,37,25,2013-01-22
276,4,14,15,26,33,39,6,2013-01-19
275,3,17,30,31,37,38,35,2013-01-15
274,10,19,25,28,32,39,3,2013-01-12
273,5,10,17,24,27,37,19,2013-01-08
272,1,5,19,26,31,34,13,2013-01-05
271,5,7,8,12,23,36,14,2013-01-01
270,5,12,15,18,32,37,25,2012-12-29
269,4,8,14,15,29,37,2,2012-12-25
268,1,2,10,23,28,37,19,2012-12-22
267,7,9,23,24,28,29,33,2012-12-18
266,4,6,13,25,33,36,16,2012-12-15
265,5,6,13,14,29,32,2,2012-12-11
264,7,14,15,20,35,37,12,2012-12-08
263,6,9,30,35,38,39,8,2012-12-04
262,4,5,20,27,30,32,14,2012-12-01
261,16,25,29,34,36,38,31,2012-11-27
260,5,6,19,21,25,33,10,2012-11-24
259,2,7,12,20,34,35,11,2012-11-20
258,9,11,16,17,26,28,38,2012-11-17
257,3,8,13,16,19,25,31,2012-11-13
256,3,5,7,13,15,37,2,2012-11-10
255,8,16,24,30,32,34,38,2012-11-06
254,2,4,12,14,19,33,6,2012-11-03
253,4,9,14,17,31,34,25,2012-10-30
252,3,19,20,25,37,39,6,2012-10-27
251,1,16,19,32,35,36,14,2012-10-23
250,4,6,16,32,36,39,14,2012-10-20
249,6,11,14,24,37,38,4,2012-10-16
248,4,5,7,14,15,26,36,2012-10-13
247,4,9,24,25,36,39,17,2012-10-09
246,10,14,15,31,33,36,29,2012-10-06
245,4,18,25,26,36,37,15,2012-10-02
244,2,13,17,18,24,38,37,2012-09-29
243,8,12,20,24,25,36,3,2012-09-25
242,3,13,17,20,22,34,25,2012-09-22
241,2,17,23,30,33,38,18,2012-09-18
240,10,18,21,27,35,39,8,2012-09-15
239,2,3,18,30,31,39,32,2012-09-11
238,6,9,12,19,20,32,11,2012-09-08
237,5,6,10,16,29,38,30,2012-09-04
236,9,16,20,22,24,27,28,2012-09-01
235,6,16,18,19,30,37,38,2012-08-28
234,2,3,4,25,34,39,8,2012-08-25
233,17,24,27,32,36,38,15,2012-08-21
232,7,8,13,16,29,35,9,2012-08-18
231,1,4,11,20,26,37,38,2012-08-14
230,4,15,18,23,29,34,25,2012-08-11
229,13,15,16,17,24,33,31,2012-08-07
228,1,6,14,15,33,36,22,2012-08-04
227,16,21,25,29,34,36,10,2012-07-31
226,7,10,13,25,30,38,22,2012-07-28
225,1,2,7,20,21,33,6,2012-07-24
224,4,9,12,17,18,37,20,2012-07-21
223,1,8,10,12,20,37,39,2012-07-17
222,8,16,17,18,25,38,4,2012-07-14
221,7,8,13,27,33,35,4,2012-07-10
220,3,9,26,29,38,39,14,2012-07-07
219,4,15,19,27,28,36,7,2012-07-03
218,3,7,11,14,21,24,2,2012-06-30
217,6,13,20,29,35,37,5,2012-06-26
216,3,4,18,21,29,35,37,2012-06-23
215,6,9,17,20,37,39,1,2012-06-19
214,3,6,9,24,38,39,36,2012-06-16
213,13,17,18,21,26,34,27,2012-06-12
212,6,7,14,16,21,35,36,2012-06-09
211,7,12,18,27,28,29,4,2012-06-05
210,8,15,18,19,20,30,2,2012-06-02
209,3,11,16,20,29,36,8,2012-05-29
208,12,21,28,31,33,35,39,2012-05-26
207,7,20,22,23,24,38,29,2012-05-22
206,23,29,30,32,34,37,22,2012-05-19
205,8,9,15,16,22,29,3,2012-05-15
204,2,6,7,12,30,37,4,2012-05-12
203,6,8,9,15,34,35,25,2012-05-08
202,5,7,19,23,32,35,1,2012-05-05
201,7,15,16,17,20,32,26,2012-05-01
200,9,20,22,27,37,38,30,2012-04-28
199,3,14,23,24,25,26,35,2012-04-24
198,5,6,9,10,15,35,32,2012-04-21
197,3,18,28,30,32,36,33,2012-04-17
196,7,8,11,15,19,30,33,2012-04-14
195,15,19,23,24,29,33,3,2012-04-10
194,5,8,11,13,18,25,4,2012-04-07
193,11,16,18,30,32,33,14,2012-04-03
192,2,10,24,27,28,36,39,2012-03-31
191,1,16,23,26,28,34,12,2012-03-27
190,5,12,28,29,34,36,39,2012-03-24
189,5,6,10,15,29,35,9,2012-03-20
188,10,12,14,31,34,35,11,2012-03-17
187,3,7,21,27,29,37,15,2012-03-13
186,1,7,22,29,30,38,8,2012-03-10
185,8,10,12,17,19,33,16,2012-03-06
184,3,9,10,15,22,29,31,2012-03-03
183,2,10,13,18,24,34,19,2012-02-28
182,9,14,16,20,27,33,38,2012-02-25
181,4,7,9,12,21,37,39,2012-02-21
180,1,4,10,26,27,34,15,2012-02-18
179,4,16,23,24,28,37,1,2012-02-14
178,6,13,15,36,37,39,26,2012-02-11
177,2,14,16,19,32,38,1,2012-02-07
176,3,5,19,24,31,33,39,2012-02-04
175,1,17,19,29,31,35,4,2012-01-31
174,1,11,14,21,24,27,17,2012-01-28
173,2,9,12,16,17,26,36,2012-01-24
172,1,2,5,17,20,25,22,2012-01-21
171,3,8,19,21,28,31,25,2012-01-17
170,4,6,21,22,25,35,27,2012-01-14
169,2,3,4,24,26,32,7,2012-01-10
168,2,9,16,24,37,39,11,2012-01-07
167,3,16,22,23,31,33,28,2012-01-03
166,3,4,15,25,29,38,19,2011-12-31
165,4,18,19,21,34,38,27,2011-12-27
164,1,2,20,24,32,33,28,2011-12-24
163,6,11,13,21,25,36,19,2011-12-20
162,11,15,19,21,24,28,34,2011-12-17
161,3,17,20,24,33,36,6,2011-12-13
160,3,20,24,33,35,36,10,2011-12-10
159,1,6,12,26,30,37,19,2011-12-06
158,1,10,13,17,18,19,35,2011-12-03
157,17,21,26,28,36,37,31,2011-11-29
156,5,6,23,25,26,27,35,2011-11-26
155,4,16,25,33,37,39,30,2011-11-22
154,1,4,5,18,35,38,36,2011-11-19
153,9,18,19,32,34,39,13,2011-11-15
152,10,12,15,24,26,39,34,2011-11-12
151,5,7,11,17,23,32,36,2011-11-08
150,4,19,22,27,30,33,28,2011-11-05
149,2,7,9,30,32,33,13,2011-11-01
148,8,13,16,24,27,33,9,2011-10-29
147,8,12,15,21,36,38,35,2011-10-25
146,5,10,15,16,27,33,3,2011-10-22
145,2,14,15,17,22,28,21,2011-10-18
144,4,12,17,21,30,38,25,2011-10-15
143,6,8,10,22,26,28,30,2011-10-11
142,3,4,7,18,31,35,22,2011-10-08
141,16,17,23,26,31,37,12,2011-10-04
140,16,19,21,27,36,38,14,2011-10-01
139,2,7,9,11,38,39,27,2011-09-27
138,1,6,9,26,28,34,17,2011-09-24
137,2,9,17,20,23,34,39,2011-09-20
136,1,7,18,22,26,35,34,2011-09-17
135,1,6,23,24,28,29,12,2011-09-13
134,8,16,17,18,31,35,32,2011-09-10
133,8,15,26,28,37,39,4,2011-09-06
132,1,13,22,23,28,35,18,2011-09-03
131,2,11,13,17,24,37,18,2011-08-30
130,1,8,18,22,36,37,34,2011-08-27
129,2,14,18,23,32,38,5,2011-08-23
128,7,11,12,16,38,39,19,2011-08-20
127,9,12,15,16,20,21,13,2011-08-16
126,1,15,24,28,31,37,29,2011-08-13
125,14,15,27,32,33,35,3,2011-08-09
124,1,5,15,16,17,30,3,2011-08-06
123,2,11,12,29,30,34,18,2011-08-02
122,2,9,11,25,30,33,6,2011-07-30
121,9,14,18,24,28,33,22,2011-07-26
120,16,25,30,32,38,39,33,2011-07-23
119,4,12,20,22,25,26,24,2011-07-19
118,3,14,17,23,31,33,15,2011-07-16
117,5,12,15,20,23,32,24,2011-07-12
116,3,8,10,11,19,28,31,2011-07-09
115,11,15,18,21,25,34,1,2011-07-05
114,6,16,20,30,31,33,2,2011-07-02
113,2,6,8,10,24,38,16,2011-06-28
112,6,7,8,17,32,36,4,2011-06-25
111,2,15,27,28,31,37,18,2011-06-21
110,9,15,23,28,32,36,19,2011-06-18
109,2,7,8,11,33,36,18,2011-06-14
108,9,10,11,25,32,38,30,2011-06-11
107,12,14,16,17,28,30,24,2011-06-07
106,2,5,7,17,23,29,22,2011-06-04
105,14,16,20,24,37,38,35,2011-05-31
104,9,16,19,25,32,38,8,2011-05-28
103,2,3,5,7,8,19,39,2011-05-24
102,1,7,11,13,22,35,32,2011-05-21
101,3,4,6,17,27,34,7,2011-05-17
100,10,15,25,28,30,39,33,2011-05-14
99,3,6,17,29,30,31,28,2011-05-10
98,5,7,10,15,30,38,34,2011-05-07
97,5,6,15,20,28,31,24,2011-05-03
96,6,11,15,21,37,38,26,2011-04-30
95,4,12,19,25,31,38,24,2011-04-26
94,13,14,21,28,30,38,32,2011-04-23
93,15,16,23,26,29,34,13,2011-04-19
92,3,6,9,23,26,33,19,2011-04-16
91,15,16,21,26,37,39,9,2011-04-12
90,3,13,16,18,29,35,38,2011-04-09
89,4,5,6,18,31,33,36,2011-04-05
88,4,6,31,32,33,34,1,2011-04-02
87,3,9,19,28,31,35,8,2011-03-29
86,18,20,33,35,36,39,31,2011-03-26
85,5,11,13,15,27,37,21,2011-03-22
84,5,20,25,28,35,36,21,2011-03-19
83,1,5,10,13,26,28,33,2011-03-15
82,8,9,20,25,33,35,31,2011-03-12
81,4,7,15,17,23,26,24,2011-03-08
80,10,15,25,28,30,36,34,2011-03-05
79,10,12,16,30,33,34,11,2011-03-01
78,2,6,18,23,27,37,24,2011-02-26
77,15,16,22,27,28,37,12,2011-02-22
76,2,7,19,23,26,37,4,2011-02-19
75,4,10,13,15,20,21,25,2011-02-15
74,8,17,19,37,38,39,1,2011-02-12
73,12,13,25,28,32,33,38,2011-02-08
72,2,3,21,22,32,36,4,2011-02-05
71,10,15,18,28,30,36,27,2011-02-01
70,6,15,25,26,34,38,14,2011-01-29
69,12,17,20,24,29,33,1,2011-01-25
68,12,15,20,25,26,36,29,2011-01-22
67,1,14,16,22,23,25,7,2011-01-18
66,6,11,18,26,32,38,1,2011-01-15
65,3,6,10,15,37,38,19,2011-01-11
64,6,17,21,26,29,34,39,2011-01-08
63,5,9,10,19,21,33,36,2011-01-04
62,7,19,21,22,27,37,32,2011-01-01
61,2,8,19,22,26,38,36,2010-12-28
60,5,7,13,27,29,33,20,2010-12-25
59,2,10,17,23,28,37,3,2010-12-21
58,7,11,21,22,25,31,6,2010-12-18
57,5,19,30,32,35,37,8,2010-12-14
56,6,10,12,16,25,32,5,2010-12-11
55,1,4,6,10,11,18,35,2010-12-07
54,9,11,19,21,27,29,1,2010-12-04
53,13,20,25,28,30,35,15,2010-11-30
52,1,3,5,7,18,37,35,2010-11-27
51,3,7,13,16,21,39,22,2010-11-23
50,5,13,15,22,23,35,34,2010-11-20
49,2,17,35,36,37,38,10,2010-11-16
48,15,20,22,26,29,34,6,2010-11-13
47,4,8,14,17,30,39,18,2010-11-09
46,19,22,23,31,34,38,35,2010-11-06
45,13,16,23,24,29,39,28,2010-11-02
44,16,21,22,29,32,37,23,2010-10-30
43,6,16,19,25,30,38,22,2010-10-26
42,1,19,28,29,31,37,26,2010-10-23
41,7,10,13,15,17,21,11,2010-10-19
40,5,17,20,26,31,37,23,2010-10-16
39,8,15,18,24,26,33,29,2010-10-12
38,3,11,15,18,20,26,7,2010-10-09
37,3,4,13,24,28,32,7,2010-10-05
36,8,15,22,32,33,37,19,2010-10-02
35,9,17,18,28,37,39,2,2010-09-28
34,2,8,9,25,29,36,3,2010-09-25
33,6,9,12,16,35,36,38,2010-09-21
32,15,20,28,29,37,38,1,2010-09-18
31,11,16,19,20,23,34,2,2010-09-14
30,4,11,14,15,23,35,6,2010-09-11
29,2,4,6,13,17,20,15,2010-09-07
28,1,4,15,27,33,37,3,2010-09-04
27,4,5,9,24,29,37,17,2010-08-31
26,1,12,19,21,30,34,20,2010-08-28
25,11,17,24,26,28,33,38,2010-08-24
24,8,12,20,31,34,37,9,2010-08-21
23,3,17,18,20,24,38,22,2010-08-17
22,1,2,23,28,29,33,4,2010-08-14
21,1,8,20,23,28,35,16,2010-08-10
20,1,7,17,29,31,32,19,2010-08-07
19,11,15,35,37,38,39,24,2010-08-03
18,14,17,20,24,32,37,35,2010-07-31
17,12,18,21,22,32,37,19,2010-07-27
16,2,5,8,26,32,34,31,2010-07-24
15,2,10,23,32,33,39,7,2010-07-20
14,9,22,26,27,28,37,35,2010-07-17
13,1,2,4,12,17,33,8,2010-07-13
12,6,20,30,33,34,36,35,2010-07-10
11,2,6,12,25,28,31,18,2010-07-06
10,8,13,18,19,21,34,14,2010-07-03
9,9,11,15,20,31,36,23,2010-06-29
8,1,2,5,6,10,11,15,2010-06-26
7,5,16,26,31,34,35,2,2010-06-22
6,2,9,11,22,26,27,20,2010-06-19
5,1,3,7,21,24,32,13,2010-06-15
4,3,4,18,21,22,26,13,2010-06-12
3,15,16,23,27,35,37,26,2010-06-08
2,5,6,8,19,21,33,13,2010-06-05
1,6,13,14,21,25,35,37,2010-06-01
