CONCURSO,F1,F2,F3,F4,F5,F6,FECHA
3553,21,23,45,51,53,56,2022-02-25
3552,2,8,11,35,52,54,2022-02-23
3551,26,37,42,44,54,55,2022-02-20
3550,3,6,7,20,46,56,2022-02-18
3549,4,21,32,40,53,54,2022-02-16
3548,2,14,17,29,47,50,2022-02-13
3547,6,23,31,35,43,55,2022-02-11
3546,10,29,41,51,54,56,2022-02-09
3545,18,25,37,48,52,55,2022-02-06
3544,11,14,20,44,48,53,2022-02-04
3543,1,14,24,43,52,53,2022-02-02
3542,5,31,35,47,48,50,2022-01-30
3541,19,33,34,38,46,49,2022-01-28
3540,3,6,19,25,41,52,2022-01-26
3539,11,19,20,22,32,56,2022-01-23
3538,1,4,7,21,23,29,2022-01-21
3537,6,12,15,32,46,55,2022-01-19
3536,2,11,21,22,30,35,2022-01-16
3535,1,3,24,29,34,50,2022-01-14
3534,6,16,23,34,47,52,2022-01-12
3533,3,10,15,16,38,40,2022-01-09
3532,5,7,17,20,34,41,2022-01-07
3531,1,8,28,31,45,49,2022-01-05
3530,17,21,34,39,41,43,2022-01-02
3529,4,9,17,19,53,56,2021-12-31
3528,1,15,26,38,47,52,2021-12-29
3527,10,20,24,35,55,56,2021-12-26
3526,3,7,36,48,54,55,2021-12-24
3525,10,17,21,31,33,55,2021-12-22
3524,17,33,40,42,46,52,2021-12-19
3523,9,12,25,28,35,53,2021-12-17
3522,6,11,31,40,44,47,2021-12-15
3521,16,32,40,43,50,51,2021-12-12
3520,27,32,40,43,47,55,2021-12-10
3519,3,14,27,29,30,51,2021-12-08
3518,2,6,9,10,20,29,2021-12-05
3517,2,3,16,26,34,56,2021-12-03
3516,15,16,35,42,49,55,2021-12-01
3515,2,22,23,26,46,52,2021-11-28
3514,5,13,16,22,25,41,2021-11-26
3513,19,34,38,44,47,49,2021-11-24
3512,23,25,27,30,35,50,2021-11-21
3511,1,2,6,14,25,52,2021-11-17
3510,8,11,39,43,44,47,2021-11-14
3509,2,3,11,26,37,38,2021-11-10
3508,1,23,24,37,38,41,2021-11-07
3507,17,24,33,36,37,45,2021-11-03
3506,2,10,13,14,18,53,2021-10-31
3505,5,7,30,38,53,56,2021-10-27
3504,1,6,26,35,42,56,2021-10-24
3503,21,24,31,33,39,41,2021-10-20
3502,4,11,34,37,39,56,2021-10-17
3501,5,23,37,45,49,53,2021-10-13
3500,13,22,24,27,38,46,2021-10-10
3499,10,24,27,28,51,55,2021-10-06
3498,24,28,36,50,52,56,2021-10-03
3497,2,18,23,37,43,44,2021-09-29
3496,10,13,14,20,24,33,2021-09-26
3495,2,12,26,41,42,45,2021-09-22
3494,4,15,22,24,32,48,2021-09-19
3493,19,20,22,29,51,52,2021-09-15
3492,24,25,40,45,46,56,2021-09-12
3491,8,9,16,18,36,49,2021-09-08
3490,2,11,25,37,49,50,2021-09-05
3489,10,13,18,24,30,52,2021-09-01
3488,2,25,36,44,46,50,2021-08-29
3487,2,4,7,24,40,50,2021-08-25
3486,3,4,14,19,45,56,2021-08-22
3485,4,14,18,32,50,55,2021-08-18
3484,1,3,23,24,42,46,2021-08-15
3483,1,4,9,14,24,27,2021-08-11
3482,6,16,18,19,26,52,2021-08-08
3481,1,7,16,33,47,56,2021-08-04
3480,3,20,28,37,39,48,2021-08-01
3479,2,5,14,38,39,47,2021-07-28
3478,19,21,33,42,50,55,2021-07-25
3477,18,20,23,26,34,38,2021-07-21
3476,19,27,34,36,43,46,2021-07-18
3475,11,12,27,39,48,55,2021-07-14
3474,7,13,16,23,37,48,2021-07-11
3473,7,10,11,15,41,53,2021-07-07
3472,4,20,26,36,49,51,2021-07-04
3471,5,8,15,23,29,49,2021-06-30
3470,11,19,20,42,47,53,2021-06-27
3469,3,10,15,20,47,53,2021-06-23
3468,9,20,22,31,41,55,2021-06-20
3467,4,12,15,29,30,42,2021-06-16
3466,14,15,32,45,47,56,2021-06-13
3465,4,12,36,40,48,53,2021-06-09
3464,7,16,40,44,45,48,2021-06-06
3463,21,24,28,34,45,48,2021-06-02
3462,7,10,21,25,38,47,2021-05-30
3461,6,7,16,21,32,50,2021-05-26
3460,1,4,34,36,51,54,2021-05-23
3459,17,20,40,42,43,55,2021-05-19
3458,15,32,36,50,51,55,2021-05-16
3457,15,27,28,32,44,51,2021-05-12
3456,17,25,43,44,50,55,2021-05-09
3455,3,21,25,39,43,48,2021-05-05
3454,10,25,26,30,40,46,2021-05-02
3453,3,18,21,27,49,56,2021-04-28
3452,6,13,43,45,49,50,2021-04-25
3451,35,40,43,44,46,47,2021-04-21
3450,14,15,19,40,43,56,2021-04-18
3449,5,11,14,15,41,48,2021-04-14
3448,10,15,18,25,44,54,2021-04-11
3447,2,22,26,28,44,47,2021-04-07
3446,8,9,17,27,45,51,2021-04-04
3445,11,19,21,36,47,53,2021-03-31
3444,8,13,16,17,48,54,2021-03-28
3443,2,18,30,31,45,47,2021-03-24
3442,17,20,32,35,39,54,2021-03-21
3441,2,10,13,14,51,55,2021-03-17
3440,6,7,28,43,44,52,2021-03-14
3439,20,22,25,50,52,55,2021-03-10
3438,2,10,14,15,24,48,2021-03-07
3437,4,10,13,14,22,37,2021-03-03
3436,1,12,22,25,35,51,2021-02-28
3435,18,20,26,32,42,55,2021-02-24
3434,1,10,28,51,54,56,2021-02-21
3433,2,19,38,40,44,54,2021-02-17
3432,4,7,12,25,26,35,2021-02-14
3431,6,14,16,24,27,45,2021-02-10
3430,16,35,37,42,46,48,2021-02-07
3429,6,9,26,51,52,54,2021-02-03
3428,7,18,19,29,40,56,2021-01-31
3427,6,15,17,25,32,41,2021-01-27
3426,10,14,23,29,48,49,2021-01-24
3425,10,12,21,31,34,43,2021-01-20
3424,4,22,29,41,48,51,2021-01-17
3423,8,22,29,34,42,50,2021-01-13
3422,14,24,28,38,44,48,2021-01-10
3421,2,5,6,23,28,50,2021-01-06
3420,3,6,19,46,47,54,2021-01-03
3419,13,24,26,40,43,55,2020-12-30
3418,6,16,32,36,54,55,2020-12-27
3417,10,15,31,33,42,46,2020-12-23
3416,3,5,8,28,52,56,2020-12-20
3415,2,10,16,23,27,30,2020-12-16
3414,12,14,24,32,53,54,2020-12-13
3413,1,5,8,15,25,28,2020-12-09
3412,8,10,16,27,30,56,2020-12-06
3411,4,5,22,28,41,42,2020-12-02
3410,20,31,35,40,42,53,2020-11-29
3409,15,19,20,29,32,41,2020-11-25
3408,2,12,22,25,30,46,2020-11-22
3407,7,25,48,51,54,56,2020-11-18
3406,6,12,44,47,48,56,2020-11-15
3405,1,8,15,40,52,54,2020-11-11
3404,1,16,19,23,24,33,2020-11-08
3403,12,22,23,38,47,54,2020-11-04
3402,7,12,14,39,48,55,2020-11-01
3401,2,3,23,26,29,46,2020-10-28
3400,1,15,33,34,46,47,2020-10-25
3399,13,27,32,43,53,54,2020-10-21
3398,5,14,25,30,40,49,2020-10-18
3397,3,5,8,10,27,42,2020-10-14
3396,9,20,25,40,48,52,2020-10-11
3395,9,27,33,42,49,54,2020-10-07
3394,11,13,20,44,45,49,2020-10-04
3393,14,20,25,29,34,56,2020-09-30
3392,3,4,7,8,25,34,2020-09-27
3391,3,30,32,42,45,55,2020-09-23
3390,16,21,27,29,49,50,2020-09-20
3389,4,16,17,18,36,53,2020-09-16
3388,2,9,20,31,40,54,2020-09-13
3387,3,6,10,26,40,51,2020-09-09
3386,15,20,27,32,35,53,2020-09-06
3385,17,25,35,36,38,49,2020-09-02
3384,7,24,34,40,53,55,2020-08-30
3383,7,18,19,22,27,43,2020-08-26
3382,16,20,23,31,41,42,2020-08-23
3381,18,25,27,31,49,52,2020-08-19
3380,11,19,20,27,44,47,2020-08-16
3379,3,19,32,36,44,47,2020-08-12
3378,2,3,23,44,50,51,2020-08-09
3377,6,7,11,26,35,51,2020-08-05
3376,1,4,5,10,11,43,2020-08-02
3375,13,14,28,36,39,52,2020-07-29
3374,17,20,31,49,50,51,2020-07-26
3373,8,14,30,35,47,52,2020-04-01
3372,6,7,30,35,43,54,2020-03-29
3371,4,8,10,30,55,56,2020-03-25
3370,3,28,34,44,45,52,2020-03-22
3369,2,7,11,14,38,39,2020-03-18
3368,2,10,19,31,35,47,2020-03-15
3367,7,8,12,14,18,41,2020-03-11
3366,10,21,30,41,51,56,2020-03-08
3365,3,16,26,36,42,46,2020-03-04
3364,9,11,43,48,53,56,2020-03-01
3363,20,23,25,50,52,55,2020-02-26
3362,2,8,24,29,31,48,2020-02-23
3361,2,9,22,36,43,46,2020-02-19
3360,10,23,24,38,53,54,2020-02-16
3359,1,5,12,26,30,40,2020-02-12
3358,1,5,13,30,53,56,2020-02-09
3357,4,10,14,25,32,38,2020-02-05
3356,4,22,26,27,38,46,2020-02-02
3355,5,11,28,43,44,55,2020-01-29
3354,15,18,21,24,32,54,2020-01-26
3353,5,10,13,15,23,54,2020-01-22
3352,11,12,43,47,48,49,2020-01-19
3351,1,5,12,21,35,44,2020-01-15
3350,16,31,33,36,49,52,2020-01-12
3349,7,10,13,26,46,53,2020-01-08
3348,1,2,12,22,35,36,2020-01-05
3347,5,17,18,35,40,49,2020-01-01
3346,13,27,32,35,39,47,2019-12-29
3345,13,16,22,32,48,50,2019-12-25
3344,4,12,22,38,39,51,2019-12-22
3343,5,11,20,28,44,56,2019-12-18
3342,2,3,22,47,49,50,2019-12-15
3341,15,20,22,44,48,56,2019-12-11
3340,24,34,41,43,45,50,2019-12-08
3339,2,26,28,44,47,56,2019-12-04
3338,17,29,32,38,43,56,2019-12-01
3337,24,33,38,40,47,48,2019-11-27
3336,7,9,22,27,44,51,2019-11-24
3335,13,15,21,37,46,52,2019-11-20
3334,5,10,14,38,39,40,2019-11-17
3333,16,17,35,42,44,48,2019-11-13
3332,19,22,26,29,41,44,2019-11-10
3331,3,9,15,36,44,52,2019-11-06
3330,9,31,32,34,52,54,2019-11-03
3329,2,11,18,23,34,48,2019-10-30
3328,3,35,36,46,47,52,2019-10-27
3327,5,14,24,50,51,53,2019-10-23
3326,5,9,13,15,38,40,2019-10-20
3325,4,25,26,33,41,52,2019-10-16
3324,7,20,26,41,53,55,2019-10-13
3323,9,13,16,21,30,42,2019-10-09
3322,8,16,25,50,52,56,2019-10-06
3321,2,3,14,23,28,55,2019-10-02
3320,5,13,25,44,50,55,2019-09-29
3319,14,17,27,39,49,54,2019-09-25
3318,6,8,20,26,29,51,2019-09-22
3317,20,35,40,41,43,45,2019-09-18
3316,5,10,20,25,31,44,2019-09-15
3315,17,26,35,45,46,48,2019-09-11
3314,2,8,11,17,43,52,2019-09-08
3313,22,33,39,43,54,55,2019-09-04
3312,5,13,19,20,25,38,2019-09-01
3311,5,10,37,38,40,46,2019-08-28
3310,1,5,28,32,43,52,2019-08-25
3309,16,39,41,47,52,53,2019-08-21
3308,8,15,19,27,34,37,2019-08-18
3307,4,12,20,28,44,46,2019-08-14
3306,10,25,26,28,31,45,2019-08-11
3305,4,15,24,38,55,56,2019-08-07
3304,1,2,4,15,21,43,2019-08-04
3303,6,12,28,44,50,56,2019-07-31
3302,1,5,10,38,48,49,2019-07-28
3301,14,15,34,36,41,44,2019-07-24
3300,3,10,19,29,41,44,2019-07-21
3299,9,16,20,30,39,40,2019-07-17
3298,2,20,34,42,45,50,2019-07-14
3297,7,12,27,31,38,40,2019-07-10
3296,29,33,40,46,48,53,2019-07-07
3295,8,17,28,34,43,48,2019-07-03
3294,22,28,29,31,55,56,2019-06-30
3293,3,4,16,21,25,29,2019-06-26
3292,7,8,11,13,24,37,2019-06-23
3291,4,11,17,41,46,53,2019-06-19
3290,15,22,25,33,34,43,2019-06-16
3289,9,18,20,22,34,41,2019-06-12
3288,1,11,22,26,52,53,2019-06-09
3287,6,13,28,29,31,46,2019-06-05
3286,14,15,17,27,36,40,2019-06-02
3285,17,20,34,39,42,47,2019-05-29
3284,32,41,47,48,51,56,2019-05-26
3283,5,7,41,49,51,55,2019-05-22
3282,5,8,12,21,27,47,2019-05-19
3281,1,8,26,32,42,44,2019-05-15
3280,9,35,42,44,55,56,2019-05-12
3279,5,15,31,40,51,52,2019-05-08
3278,12,16,23,31,33,48,2019-05-05
3277,1,7,33,41,45,55,2019-05-01
3276,1,5,23,29,30,51,2019-04-28
3275,8,26,30,40,45,47,2019-04-24
3274,4,8,9,22,35,52,2019-04-21
3273,6,8,23,28,38,44,2019-04-17
3272,12,21,30,31,45,49,2019-04-14
3271,19,28,34,36,41,42,2019-04-10
3270,6,7,33,34,36,52,2019-04-07
3269,4,7,15,19,42,44,2019-04-03
3268,3,11,16,19,54,56,2019-03-31
3267,8,9,24,40,45,46,2019-03-27
3266,10,14,40,46,53,55,2019-03-24
3265,18,23,32,33,39,40,2019-03-20
3264,12,17,19,26,39,49,2019-03-17
3263,7,25,26,39,40,46,2019-03-13
3262,9,14,17,31,42,50,2019-03-10
3261,6,13,25,37,48,53,2019-03-06
3260,9,19,26,28,34,44,2019-03-03
3259,9,12,31,34,52,56,2019-02-27
3258,1,13,16,20,28,50,2019-02-24
3257,7,8,21,29,40,51,2019-02-20
3256,5,30,32,34,36,43,2019-02-17
3255,4,11,20,36,46,54,2019-02-13
3254,1,4,16,30,33,41,2019-02-10
3253,23,27,39,48,50,54,2019-02-06
3252,2,10,18,46,47,54,2019-02-03
3251,4,14,18,29,36,50,2019-01-30
3250,3,5,6,12,34,43,2019-01-27
3249,4,13,24,26,36,50,2019-01-23
3248,3,33,37,41,50,51,2019-01-20
3247,4,19,30,32,36,48,2019-01-16
3246,4,6,29,40,42,43,2019-01-13
3245,11,24,34,45,50,56,2019-01-09
3244,6,24,28,32,47,52,2019-01-06
3243,5,9,16,22,50,55,2019-01-02
3242,27,28,29,31,42,48,2018-12-30
3241,10,29,37,44,50,52,2018-12-26
3240,5,23,24,39,42,53,2018-12-23
3239,2,22,30,34,40,55,2018-12-19
3238,11,13,19,25,28,49,2018-12-16
3237,12,18,35,39,44,47,2018-12-12
3236,1,10,21,25,30,47,2018-12-09
3235,17,18,22,26,44,54,2018-12-05
3234,2,12,14,21,22,33,2018-12-02
3233,6,24,36,40,47,54,2018-11-28
3232,12,20,29,38,39,47,2018-11-25
3231,1,2,6,25,39,44,2018-11-21
3230,8,24,25,49,51,52,2018-11-18
3229,2,9,11,32,35,46,2018-11-14
3228,8,10,31,38,46,49,2018-11-11
3227,1,10,19,34,49,52,2018-11-07
3226,10,15,22,25,26,34,2018-11-04
3225,7,25,33,35,40,45,2018-10-31
3224,4,11,15,16,41,50,2018-10-28
3223,3,5,10,14,35,54,2018-10-24
3222,16,17,19,24,47,56,2018-10-21
3221,3,6,8,12,47,56,2018-10-17
3220,11,32,33,38,41,50,2018-10-14
3219,17,21,25,27,32,55,2018-10-10
3218,8,9,18,19,45,49,2018-10-07
3217,9,13,15,29,45,46,2018-10-03
3216,34,39,42,44,45,48,2018-09-30
3215,6,21,22,33,34,54,2018-09-26
3214,12,22,48,52,53,55,2018-09-23
3213,16,21,34,43,50,52,2018-09-19
3212,9,14,38,40,51,55,2018-09-16
3211,16,33,40,52,53,54,2018-09-12
3210,15,20,25,39,45,47,2018-09-09
3209,3,18,38,40,42,45,2018-09-05
3208,5,22,29,43,49,50,2018-09-02
3207,5,21,22,25,32,34,2018-08-29
3206,2,3,14,45,53,56,2018-08-26
3205,8,9,20,44,46,53,2018-08-22
3204,5,8,33,39,49,55,2018-08-19
3203,7,13,40,42,44,51,2018-08-15
3202,13,20,22,28,35,56,2018-08-12
3201,3,6,9,32,33,50,2018-08-08
3200,13,16,38,43,50,51,2018-08-05
3199,16,17,19,44,45,53,2018-08-01
3198,4,13,27,31,36,45,2018-07-29
3197,8,20,22,25,35,36,2018-07-25
3196,9,17,25,29,30,56,2018-07-22
3195,6,22,24,33,46,56,2018-07-18
3194,7,8,12,16,32,35,2018-07-15
3193,3,7,13,14,43,44,2018-07-11
3192,23,25,32,47,50,52,2018-07-08
3191,12,14,19,33,46,48,2018-07-04
3190,13,14,16,48,49,56,2018-07-01
3189,11,29,33,40,51,55,2018-06-27
3188,1,6,7,17,18,38,2018-06-24
3187,6,9,19,21,37,44,2018-06-20
3186,1,8,13,35,36,51,2018-06-17
3185,2,3,5,6,12,38,2018-06-13
3184,16,33,35,39,48,50,2018-06-10
3183,13,15,17,23,47,56,2018-06-06
3182,10,15,33,42,43,44,2018-06-03
3181,2,7,18,48,52,55,2018-05-30
3180,6,23,24,32,41,44,2018-05-27
3179,3,8,34,42,49,54,2018-05-23
3178,8,22,23,28,38,45,2018-05-20
3177,10,32,45,46,53,56,2018-05-16
3176,17,18,33,36,50,54,2018-05-13
3175,26,27,34,47,48,52,2018-05-09
3174,13,17,26,35,45,56,2018-05-06
3173,9,13,23,42,44,48,2018-05-02
3172,10,11,12,13,15,23,2018-04-29
3171,4,16,28,33,34,45,2018-04-25
3170,24,30,33,42,44,47,2018-04-22
3169,12,30,36,40,45,48,2018-04-18
3168,9,18,22,24,50,55,2018-04-15
3167,4,37,38,42,50,54,2018-04-11
3166,13,23,26,33,37,56,2018-04-08
3165,16,25,30,36,51,53,2018-04-04
3164,12,28,29,36,50,56,2018-04-01
3163,1,8,21,28,41,42,2018-03-28
3162,8,13,20,27,48,49,2018-03-25
3161,18,20,25,32,43,55,2018-03-21
3160,7,8,20,24,32,41,2018-03-18
3159,25,30,34,42,49,56,2018-03-14
3158,23,29,34,49,52,55,2018-03-11
3157,11,18,21,30,34,40,2018-03-07
3156,6,12,22,23,24,39,2018-03-04
3155,4,9,10,16,35,50,2018-02-28
3154,11,13,28,32,41,51,2018-02-25
3153,16,19,23,40,43,55,2018-02-21
3152,17,26,30,32,48,49,2018-02-18
3151,12,25,30,37,43,53,2018-02-14
3150,3,7,25,28,42,44,2018-02-11
3149,6,8,26,34,35,38,2018-02-07
3148,2,4,7,11,23,46,2018-02-04
3147,14,18,25,35,36,55,2018-01-31
3146,4,13,14,19,30,38,2018-01-28
3145,4,5,10,23,29,35,2018-01-24
3144,16,33,35,42,50,53,2018-01-21
3143,6,24,31,34,40,48,2018-01-17
3142,9,14,15,51,53,54,2018-01-14
3141,4,8,11,23,45,49,2018-01-10
3140,17,19,27,39,41,45,2018-01-07
3139,9,12,17,22,39,41,2018-01-03
3138,9,35,39,43,55,56,2017-12-31
3137,6,8,25,26,27,35,2017-12-27
3136,20,30,38,39,43,53,2017-12-24
3135,3,19,20,43,46,49,2017-12-20
3134,8,11,30,32,42,52,2017-12-17
3133,21,23,29,31,32,47,2017-12-13
3132,9,18,24,29,30,52,2017-12-10
3131,33,34,35,40,44,52,2017-12-06
3130,2,3,11,20,23,34,2017-12-03
3129,2,15,32,35,45,54,2017-11-29
3128,1,2,17,49,51,56,2017-11-26
3127,37,40,42,44,48,50,2017-11-22
3126,4,8,31,41,47,50,2017-11-19
3125,7,10,20,38,48,50,2017-11-15
3124,12,16,28,46,51,55,2017-11-12
3123,24,38,43,46,50,52,2017-11-08
3122,9,23,25,32,40,54,2017-11-05
3121,2,13,15,20,32,35,2017-11-01
3120,1,3,11,12,21,31,2017-10-29
3119,1,7,11,17,41,45,2017-10-25
3118,7,12,17,20,21,22,2017-10-22
3117,3,6,12,41,46,47,2017-10-18
3116,2,28,30,39,43,54,2017-10-15
3115,9,17,41,42,45,49,2017-10-11
3114,10,14,21,35,40,44,2017-10-08
3113,10,18,20,22,26,40,2017-10-04
3112,19,22,25,42,50,55,2017-10-01
3111,3,8,26,35,50,53,2017-09-27
3110,9,13,20,49,52,53,2017-09-24
3109,10,27,31,37,41,48,2017-09-20
3108,19,22,26,30,42,49,2017-09-17
3107,9,12,20,46,50,55,2017-09-13
3106,1,9,16,28,29,47,2017-09-10
3105,7,10,18,30,33,47,2017-09-06
3104,12,13,36,38,39,45,2017-09-03
3103,4,6,8,11,12,34,2017-08-30
3102,1,9,24,34,46,50,2017-08-27
3101,1,2,5,14,15,24,2017-08-23
3100,2,19,29,42,50,53,2017-08-20
3099,7,10,17,18,32,48,2017-08-16
3098,16,24,25,28,37,44,2017-08-13
3097,14,25,30,38,40,43,2017-08-09
3096,8,10,23,25,30,47,2017-08-06
3095,5,24,26,29,45,47,2017-08-02
3094,20,25,36,45,46,52,2017-07-30
3093,3,4,10,25,26,52,2017-07-26
3092,18,32,36,42,47,48,2017-07-23
3091,7,14,16,34,38,53,2017-07-19
3090,3,4,23,30,38,55,2017-07-16
3089,1,9,25,33,42,43,2017-07-12
3088,7,19,21,28,50,53,2017-07-09
3087,18,25,29,32,37,48,2017-07-05
3086,19,22,29,30,53,55,2017-07-02
3085,2,7,16,19,26,35,2017-06-28
3084,14,24,30,41,51,56,2017-06-25
3083,17,18,27,32,52,53,2017-06-21
3082,1,3,5,14,22,31,2017-06-18
3081,8,9,13,34,36,39,2017-06-14
3080,10,35,41,46,53,56,2017-06-11
3079,2,7,26,37,47,50,2017-06-07
3078,6,7,14,20,36,40,2017-06-04
3077,25,28,30,43,47,53,2017-05-31
3076,13,15,17,27,52,54,2017-05-28
3075,2,21,25,32,48,52,2017-05-24
3074,19,29,34,36,41,51,2017-05-21
3073,10,12,21,48,51,56,2017-05-17
3072,10,20,30,35,39,49,2017-05-14
3071,17,21,26,40,43,52,2017-05-10
3070,1,4,10,32,45,47,2017-05-07
3069,19,20,27,30,46,56,2017-05-03
3068,11,27,30,32,45,55,2017-04-30
3067,7,8,21,24,29,42,2017-04-26
3066,2,3,4,7,40,56,2017-04-23
3065,6,14,21,24,38,41,2017-04-19
3064,4,5,7,15,21,55,2017-04-16
3063,6,9,16,27,43,53,2017-04-12
3062,4,13,17,23,39,45,2017-04-09
3061,8,16,33,39,43,44,2017-04-05
3060,4,16,22,34,40,48,2017-04-02
3059,4,7,10,24,28,33,2017-03-29
3058,1,6,11,15,33,49,2017-03-26
3057,3,5,14,16,30,53,2017-03-22
3056,24,26,28,31,52,56,2017-03-19
3055,3,14,19,20,31,34,2017-03-15
3054,2,17,30,45,54,56,2017-03-12
3053,11,12,22,34,43,49,2017-03-08
3052,5,8,27,28,31,40,2017-03-05
3051,6,8,21,32,41,45,2017-03-01
3050,2,10,17,22,23,29,2017-02-26
3049,19,20,33,40,49,50,2017-02-22
3048,9,16,19,37,46,49,2017-02-19
3047,7,9,10,23,32,54,2017-02-15
3046,12,13,14,17,24,53,2017-02-12
3045,1,6,17,50,54,56,2017-02-08
3044,22,23,30,44,48,50,2017-02-05
3043,1,21,22,34,37,46,2017-02-01
3042,2,11,14,25,41,46,2017-01-29
3041,5,10,29,35,38,46,2017-01-25
3040,7,19,21,28,35,46,2017-01-22
3039,1,32,33,37,42,45,2017-01-18
3038,2,3,32,52,53,54,2017-01-15
3037,12,22,25,28,40,53,2017-01-11
3036,1,22,23,35,39,44,2017-01-08
3035,3,12,16,26,29,46,2017-01-04
3034,16,32,35,36,44,50,2017-01-01
3033,9,22,27,39,46,48,2016-12-28
3032,26,29,30,35,52,54,2016-12-25
3031,2,4,7,26,38,47,2016-12-21
3030,16,23,35,37,53,55,2016-12-18
3029,3,20,29,40,49,50,2016-12-14
3028,24,26,30,48,53,56,2016-12-11
3027,1,4,18,36,37,55,2016-12-07
3026,17,18,19,27,29,49,2016-12-04
3025,7,15,22,28,40,49,2016-11-30
3024,14,26,28,44,50,51,2016-11-27
3023,2,13,44,51,53,55,2016-11-23
3022,14,16,17,21,30,44,2016-11-20
3021,17,20,21,30,43,46,2016-11-16
3020,25,39,41,43,48,55,2016-11-13
3019,6,21,25,32,40,42,2016-11-09
3018,29,30,43,44,52,55,2016-11-06
3017,16,20,21,23,24,56,2016-11-02
3016,6,9,34,40,46,56,2016-10-30
3015,3,5,14,29,30,56,2016-10-26
3014,4,12,18,25,41,48,2016-10-23
3013,15,16,20,26,28,39,2016-10-19
3012,6,23,28,32,52,53,2016-10-16
3011,9,22,31,35,37,52,2016-10-12
3010,22,25,33,42,54,56,2016-10-09
3009,11,13,14,18,22,53,2016-10-05
3008,6,8,9,19,32,34,2016-10-02
3007,24,32,43,48,50,54,2016-09-28
3006,4,39,44,49,51,56,2016-09-25
3005,16,25,32,40,43,54,2016-09-21
3004,6,26,30,40,47,49,2016-09-18
3003,4,9,15,22,33,35,2016-09-14
3002,16,23,33,35,46,55,2016-09-11
3001,4,7,20,26,45,51,2016-09-07
3000,24,28,33,46,50,51,2016-09-04
2999,1,4,5,28,30,53,2016-08-31
2998,5,25,28,36,40,48,2016-08-28
2997,1,11,18,42,51,55,2016-08-24
2996,19,22,25,31,43,44,2016-08-21
2995,2,14,18,21,46,49,2016-08-17
2994,6,9,19,20,32,49,2016-08-14
2993,12,23,30,36,46,53,2016-08-10
2992,2,9,36,45,50,54,2016-08-07
2991,10,19,21,32,44,52,2016-08-03
2990,16,21,37,41,45,46,2016-07-31
2989,9,24,30,41,43,53,2016-07-27
2988,8,33,40,43,44,53,2016-07-24
2987,25,39,44,46,50,55,2016-07-20
2986,23,26,38,47,50,55,2016-07-17
2985,3,6,23,24,39,45,2016-07-13
2984,4,10,19,22,40,49,2016-07-10
2983,3,5,11,18,36,54,2016-07-06
2982,2,11,22,43,50,55,2016-07-03
2981,6,20,21,39,44,56,2016-06-29
2980,4,8,23,29,44,55,2016-06-26
2979,10,12,14,17,47,52,2016-06-22
2978,2,18,42,45,48,54,2016-06-19
2977,1,10,12,19,31,56,2016-06-15
2976,7,16,17,25,37,54,2016-06-12
2975,14,23,25,29,41,43,2016-06-08
2974,6,12,29,30,39,55,2016-06-05
2973,5,11,15,17,47,48,2016-06-01
2972,27,31,35,40,44,54,2016-05-29
2971,7,9,23,40,49,52,2016-05-25
2970,5,12,38,40,47,56,2016-05-22
2969,2,10,13,22,35,44,2016-05-18
2968,13,14,27,30,41,44,2016-05-15
2967,6,7,28,29,36,48,2016-05-11
2966,1,3,16,22,31,46,2016-05-08
2965,2,6,26,31,35,52,2016-05-04
2964,2,5,30,36,42,55,2016-05-01
2963,11,16,19,35,42,46,2016-04-27
2962,1,10,14,16,34,48,2016-04-24
2961,9,16,25,38,46,56,2016-04-20
2960,16,20,24,26,40,44,2016-04-17
2959,10,18,27,36,42,49,2016-04-13
2958,1,21,24,39,40,51,2016-04-10
2957,3,7,14,23,33,46,2016-04-06
2956,6,15,17,23,35,54,2016-04-03
2955,4,8,34,40,50,56,2016-03-30
2954,17,23,24,26,36,51,2016-03-27
2953,8,12,25,30,34,42,2016-03-23
2952,1,10,13,28,29,40,2016-03-20
2951,16,21,25,27,47,54,2016-03-16
2950,4,5,20,24,32,42,2016-03-13
2949,17,19,38,43,51,55,2016-03-09
2948,5,18,29,41,48,49,2016-03-06
2947,2,15,32,34,52,56,2016-03-02
2946,2,12,21,30,33,54,2016-02-28
2945,6,21,22,34,41,52,2016-02-24
2944,7,8,13,41,52,53,2016-02-21
2943,4,7,32,35,49,56,2016-02-17
2942,1,16,22,41,42,49,2016-02-14
2941,24,25,26,38,47,56,2016-02-10
2940,31,38,40,41,46,53,2016-02-07
2939,9,30,39,40,48,54,2016-02-03
2938,12,21,26,30,38,43,2016-01-31
2937,1,14,29,30,31,56,2016-01-27
2936,16,18,24,25,30,49,2016-01-24
2935,13,20,23,38,44,51,2016-01-20
2934,6,11,12,19,32,38,2016-01-17
2933,5,31,35,43,46,55,2016-01-13
2932,20,26,28,39,49,51,2016-01-10
2931,2,20,29,35,37,47,2016-01-06
2930,5,13,30,32,44,54,2016-01-03
2929,5,7,11,36,47,55,2015-12-30
2928,2,19,29,37,50,54,2015-12-27
2927,2,7,30,40,43,53,2015-12-23
2926,6,23,31,38,45,51,2015-12-20
2925,5,14,21,31,41,48,2015-12-16
2924,14,15,29,35,42,56,2015-12-13
2923,15,16,20,36,43,54,2015-12-09
2922,4,10,21,29,51,56,2015-12-06
2921,1,6,10,24,30,53,2015-12-02
2920,16,18,22,41,44,49,2015-11-29
2919,11,15,26,32,35,47,2015-11-25
2918,8,19,31,38,46,48,2015-11-22
2917,11,14,16,46,50,51,2015-11-18
2916,4,8,13,15,19,24,2015-11-15
2915,5,28,29,30,40,52,2015-11-11
2914,3,8,9,27,37,44,2015-11-08
2913,8,11,24,25,33,56,2015-11-04
2912,4,12,25,34,43,47,2015-11-01
2911,3,30,31,45,53,54,2015-10-28
2910,14,15,21,28,35,39,2015-10-25
2909,2,13,19,27,28,46,2015-10-21
2908,17,18,33,41,44,54,2015-10-18
2907,3,18,29,32,34,38,2015-10-14
2906,8,15,23,38,45,56,2015-10-11
2905,14,16,19,34,40,50,2015-10-07
2904,2,7,10,21,51,53,2015-10-04
2903,9,20,25,27,45,51,2015-09-30
2902,3,27,35,40,47,49,2015-09-27
2901,1,16,18,50,54,56,2015-09-23
2900,20,29,32,36,46,47,2015-09-20
2899,7,8,13,28,37,38,2015-09-16
2898,18,22,28,37,45,56,2015-09-13
2897,14,18,26,29,47,48,2015-09-09
2896,1,18,22,31,33,44,2015-09-06
2895,6,9,10,15,21,37,2015-09-02
2894,6,8,11,21,37,54,2015-08-30
2893,10,14,22,45,50,56,2015-08-26
2892,3,15,33,35,36,46,2015-08-23
2891,5,6,14,27,36,55,2015-08-19
2890,9,10,24,35,38,47,2015-08-16
2889,2,31,37,40,47,48,2015-08-12
2888,4,8,11,39,43,53,2015-08-09
2887,4,9,13,14,38,40,2015-08-05
2886,5,13,20,22,48,56,2015-08-02
2885,4,6,7,16,31,46,2015-07-29
2884,6,8,36,42,52,53,2015-07-26
2883,4,6,22,33,39,55,2015-07-22
2882,3,9,16,20,40,55,2015-07-19
2881,14,20,44,48,49,51,2015-07-15
2880,1,8,27,35,38,45,2015-07-12
2879,20,36,43,47,49,52,2015-07-08
2878,10,18,25,29,38,51,2015-07-05
2877,28,32,34,36,43,49,2015-07-01
2876,14,28,29,36,45,50,2015-06-28
2875,25,32,35,39,41,53,2015-06-24
2874,1,2,18,21,26,46,2015-06-21
2873,6,12,35,43,50,55,2015-06-17
2872,3,8,26,31,40,49,2015-06-14
2871,9,10,14,15,26,52,2015-06-10
2870,3,21,27,28,35,55,2015-06-07
2869,10,22,28,30,43,56,2015-06-03
2868,7,14,18,28,29,33,2015-05-31
2867,14,18,24,27,32,56,2015-05-27
2866,1,3,8,28,29,45,2015-05-24
2865,1,2,14,22,31,45,2015-05-20
2864,1,8,15,39,42,50,2015-05-17
2863,14,30,33,41,44,49,2015-05-13
2862,5,13,42,44,46,48,2015-05-10
2861,9,10,13,21,38,43,2015-05-06
2860,4,25,26,34,39,51,2015-05-03
2859,4,5,23,24,26,38,2015-04-29
2858,3,25,36,50,53,55,2015-04-26
2857,2,3,8,20,51,55,2015-04-22
2856,5,14,18,33,38,54,2015-04-19
2855,12,19,28,34,42,53,2015-04-15
2854,7,9,15,23,42,44,2015-04-12
2853,35,41,43,48,49,52,2015-04-08
2852,5,14,29,30,46,55,2015-04-05
2851,7,8,10,17,26,48,2015-04-01
2850,11,16,41,43,53,56,2015-03-29
2849,13,16,24,41,44,54,2015-03-25
2848,7,12,14,18,34,41,2015-03-22
2847,5,26,39,46,52,53,2015-03-18
2846,10,11,12,39,48,51,2015-03-15
2845,6,12,25,46,47,49,2015-03-11
2844,10,26,28,34,46,55,2015-03-08
2843,11,15,29,31,36,42,2015-03-04
2842,17,18,29,31,32,39,2015-03-01
2841,5,30,33,45,47,48,2015-02-25
2840,14,29,31,45,51,55,2015-02-22
2839,1,6,9,22,29,50,2015-02-18
2838,4,5,7,26,32,53,2015-02-15
2837,22,28,29,41,43,49,2015-02-11
2836,13,15,17,28,35,43,2015-02-08
2835,6,24,40,47,48,51,2015-02-04
2834,23,25,34,37,39,51,2015-02-01
2833,1,17,27,34,42,52,2015-01-28
2832,3,19,29,31,34,37,2015-01-25
2831,7,8,15,36,46,54,2015-01-21
2830,1,2,9,12,37,47,2015-01-18
2829,10,12,19,21,32,43,2015-01-14
2828,23,25,26,32,41,48,2015-01-11
2827,3,5,37,43,44,52,2015-01-07
2826,2,7,12,18,41,54,2015-01-04
2825,17,23,51,53,54,56,2014-12-31
2824,13,19,33,37,53,56,2014-12-28
2823,1,29,32,33,42,44,2014-12-24
2822,4,7,35,42,48,49,2014-12-21
2821,7,9,12,42,44,51,2014-12-17
2820,10,28,34,35,39,55,2014-12-14
2819,2,10,25,33,39,52,2014-12-10
2818,6,10,11,15,40,49,2014-12-07
2817,5,15,22,28,41,51,2014-12-03
2816,10,16,17,24,28,55,2014-11-30
2815,2,26,27,33,39,41,2014-11-26
2814,2,22,26,32,49,51,2014-11-23
2813,3,7,18,29,54,56,2014-11-19
2812,5,14,19,23,37,54,2014-11-16
2811,4,6,19,26,29,36,2014-11-12
2810,14,24,31,49,54,56,2014-11-09
2809,35,38,39,42,46,50,2014-11-05
2808,3,6,13,20,21,44,2014-11-02
2807,3,13,20,33,49,54,2014-10-29
2806,6,12,18,19,29,36,2014-10-26
2805,1,16,27,30,37,44,2014-10-22
2804,6,17,27,38,46,52,2014-10-19
2803,4,10,11,48,49,51,2014-10-15
2802,1,7,31,36,47,54,2014-10-12
2801,4,7,10,12,31,35,2014-10-08
2800,10,22,33,45,54,56,2014-10-05
2799,7,20,31,37,50,56,2014-10-01
2798,2,9,11,20,44,56,2014-09-28
2797,1,6,15,21,25,38,2014-09-24
2796,4,6,10,38,52,53,2014-09-21
2795,8,13,18,21,30,38,2014-09-17
2794,4,24,38,40,53,56,2014-09-14
2793,15,30,37,40,51,56,2014-09-10
2792,2,3,5,23,28,51,2014-09-07
2791,14,21,28,30,34,45,2014-09-03
2790,3,6,10,22,25,27,2014-08-31
2789,12,14,19,27,40,42,2014-08-27
2788,6,13,14,29,36,54,2014-08-24
2787,13,21,35,36,37,53,2014-08-20
2786,10,11,17,29,42,46,2014-08-17
2785,3,6,9,18,19,52,2014-08-13
2784,3,6,7,11,18,36,2014-08-10
2783,5,12,14,39,50,56,2014-08-06
2782,7,19,22,32,48,49,2014-08-03
2781,12,15,24,38,45,49,2014-07-30
2780,4,18,23,45,47,53,2014-07-27
2779,1,22,24,25,26,29,2014-07-23
2778,8,23,28,41,49,53,2014-07-20
2777,7,14,19,31,35,50,2014-07-16
2776,2,4,6,15,35,37,2014-07-13
2775,3,6,38,49,53,54,2014-07-09
2774,1,4,14,33,36,45,2014-07-06
2773,6,16,43,45,47,54,2014-07-02
2772,2,5,10,29,40,48,2014-06-29
2771,6,17,32,49,54,55,2014-06-25
2770,2,4,7,16,52,54,2014-06-22
2769,12,13,31,35,37,49,2014-06-18
2768,20,24,28,30,54,55,2014-06-15
2767,2,25,26,36,37,38,2014-06-11
2766,13,14,22,24,45,51,2014-06-08
2765,9,14,20,21,32,50,2014-06-04
2764,4,11,20,25,27,40,2014-06-01
2763,6,18,24,32,33,38,2014-05-28
2762,4,25,51,53,54,55,2014-05-25
2761,2,29,30,34,48,54,2014-05-21
2760,8,19,28,33,38,45,2014-05-18
2759,4,7,19,20,34,38,2014-05-14
2758,8,10,34,45,49,56,2014-05-11
2757,9,10,17,38,50,55,2014-05-07
2756,6,13,18,35,42,53,2014-05-04
2755,4,24,26,32,38,48,2014-04-30
2754,5,8,16,32,36,39,2014-04-27
2753,3,6,8,10,34,53,2014-04-23
2752,21,37,38,40,41,56,2014-04-20
2751,9,14,22,39,42,52,2014-04-16
2750,4,8,21,31,37,41,2014-04-13
2749,1,26,32,33,47,55,2014-04-09
2748,1,15,20,21,33,48,2014-04-06
2747,4,9,11,24,33,56,2014-04-02
2746,4,29,36,38,49,56,2014-03-30
2745,5,18,20,26,27,43,2014-03-26
2744,7,24,32,34,35,51,2014-03-23
2743,17,24,27,29,32,51,2014-03-19
2742,10,13,16,23,39,42,2014-03-16
2741,9,27,31,33,42,45,2014-03-12
2740,1,17,19,25,36,53,2014-03-09
2739,10,16,28,29,37,48,2014-03-05
2738,4,13,22,29,32,40,2014-03-02
2737,11,34,43,52,54,55,2014-02-26
2736,11,29,32,43,51,52,2014-02-23
2735,6,12,41,46,52,56,2014-02-19
2734,6,8,9,13,29,48,2014-02-16
2733,3,15,16,22,30,34,2014-02-12
2732,11,13,31,39,45,53,2014-02-09
2731,10,34,39,42,44,54,2014-02-05
2730,12,13,31,34,47,50,2014-02-02
2729,8,19,34,39,41,54,2014-01-29
2728,11,15,20,24,47,48,2014-01-26
2727,16,29,38,40,48,49,2014-01-22
2726,3,5,19,28,33,56,2014-01-19
2725,12,19,22,30,39,56,2014-01-15
2724,6,7,12,22,31,45,2014-01-12
2723,11,14,21,27,47,54,2014-01-08
2722,5,14,19,46,54,55,2014-01-05
2721,2,10,24,31,35,49,2014-01-01
2720,3,7,8,17,21,48,2013-12-29
2719,2,7,31,40,53,56,2013-12-25
2718,24,25,30,35,55,56,2013-12-22
2717,7,19,29,34,41,47,2013-12-18
2716,2,18,25,41,42,51,2013-12-15
2715,3,7,30,40,48,54,2013-12-11
2714,28,31,40,49,53,54,2013-12-08
2713,11,14,39,41,47,52,2013-12-04
2712,8,17,34,37,42,43,2013-12-01
2711,15,30,34,35,38,51,2013-11-27
2710,10,13,18,26,28,37,2013-11-24
2709,5,7,20,40,42,48,2013-11-20
2708,7,22,38,42,44,54,2013-11-17
2707,3,7,19,21,25,47,2013-11-13
2706,1,8,26,33,54,55,2013-11-10
2705,5,6,18,41,54,56,2013-11-06
2704,20,27,31,42,53,54,2013-11-03
2703,11,15,17,20,22,54,2013-10-30
2702,18,22,23,26,42,49,2013-10-27
2701,11,15,19,27,36,38,2013-10-23
2700,12,15,27,44,46,48,2013-10-20
2699,23,25,32,43,49,55,2013-10-16
2698,14,21,26,30,35,39,2013-10-13
2697,6,9,23,36,45,49,2013-10-09
2696,12,18,20,23,25,44,2013-10-06
2695,21,26,35,42,44,51,2013-10-02
2694,6,17,26,31,44,48,2013-09-29
2693,8,13,21,32,35,50,2013-09-25
2692,3,7,12,26,32,46,2013-09-22
2691,8,33,42,43,44,56,2013-09-18
2690,11,15,24,36,41,53,2013-09-15
2689,4,6,13,22,26,49,2013-09-11
2688,3,6,12,24,27,44,2013-09-08
2687,7,9,20,24,31,40,2013-09-04
2686,8,18,22,36,39,56,2013-09-01
2685,2,12,24,34,41,47,2013-08-28
2684,16,24,25,39,48,52,2013-08-25
2683,16,24,42,53,54,56,2013-08-21
2682,12,25,26,36,44,50,2013-08-18
2681,11,21,24,40,53,56,2013-08-14
2680,5,14,15,28,41,55,2013-08-11
2679,18,21,35,37,43,44,2013-08-07
2678,7,11,15,16,28,49,2013-08-04
2677,10,20,21,31,33,37,2013-07-31
2676,2,4,17,18,20,40,2013-07-28
2675,7,19,25,38,40,47,2013-07-24
2674,19,34,40,46,48,52,2013-07-21
2673,27,28,33,37,44,47,2013-07-17
2672,30,31,41,43,46,49,2013-07-14
2671,3,4,11,19,45,55,2013-07-10
2670,4,28,30,33,40,56,2013-07-07
2669,29,34,36,50,51,54,2013-07-03
2668,2,7,16,18,28,33,2013-06-30
2667,1,7,9,20,37,41,2013-06-26
2666,2,3,25,28,32,42,2013-06-23
2665,2,5,24,27,35,44,2013-06-19
2664,16,22,27,33,47,55,2013-06-16
2663,3,28,32,34,50,54,2013-06-12
2662,20,27,31,33,35,45,2013-06-09
2661,7,9,25,30,46,47,2013-06-05
2660,7,14,18,27,39,46,2013-06-02
2659,15,16,21,24,33,50,2013-05-29
2658,28,34,45,46,48,55,2013-05-26
2657,12,28,31,33,52,53,2013-05-22
2656,4,8,15,19,27,43,2013-05-19
2655,16,27,35,42,51,54,2013-05-15
2654,1,6,7,9,20,30,2013-05-12
2653,17,23,30,35,48,53,2013-05-08
2652,12,17,20,21,27,41,2013-05-05
2651,2,14,18,25,36,55,2013-05-01
2650,11,12,25,29,38,50,2013-04-28
2649,10,11,18,26,31,45,2013-04-24
2648,5,14,40,44,50,54,2013-04-21
2647,16,23,31,33,36,49,2013-04-17
2646,8,11,17,23,29,40,2013-04-14
2645,6,28,33,37,49,54,2013-04-10
2644,5,11,25,29,45,54,2013-04-07
2643,13,17,18,21,37,45,2013-04-03
2642,4,30,39,47,50,53,2013-03-31
2641,6,12,18,24,32,42,2013-03-27
2640,17,18,24,32,38,42,2013-03-24
2639,27,30,39,42,44,52,2013-03-20
2638,11,15,23,24,35,40,2013-03-17
2637,10,17,33,35,36,38,2013-03-13
2636,4,14,28,30,32,36,2013-03-10
2635,2,6,13,45,46,52,2013-03-06
2634,5,11,19,40,52,55,2013-03-03
2633,2,5,18,19,33,35,2013-02-27
2632,2,27,37,41,48,54,2013-02-24
2631,3,4,17,39,48,53,2013-02-20
2630,1,17,46,48,50,52,2013-02-17
2629,6,20,22,24,44,55,2013-02-13
2628,6,14,32,33,41,50,2013-02-10
2627,15,30,33,37,52,53,2013-02-06
2626,13,22,32,33,44,53,2013-02-03
2625,10,24,26,30,43,54,2013-01-30
2624,4,8,21,35,41,56,2013-01-27
2623,2,8,13,49,50,54,2013-01-23
2622,2,21,37,41,54,56,2013-01-20
2621,1,5,12,13,30,45,2013-01-16
2620,2,6,28,29,39,50,2013-01-13
2619,5,15,24,28,32,51,2013-01-09
2618,4,26,27,31,43,51,2013-01-06
2617,22,23,27,39,49,52,2013-01-02
2616,1,16,29,37,46,52,2012-12-30
2615,3,8,9,21,26,50,2012-12-26
2614,3,22,32,37,50,56,2012-12-23
2613,12,19,33,44,45,54,2012-12-19
2612,8,14,25,35,43,44,2012-12-16
2611,2,3,16,26,37,52,2012-12-12
2610,8,22,32,34,39,56,2012-12-09
2609,16,24,33,36,38,45,2012-12-05
2608,2,6,23,46,48,53,2012-12-02
2607,17,19,32,51,53,54,2012-11-28
2606,16,22,24,31,46,53,2012-11-25
2605,3,8,9,15,26,55,2012-11-21
2604,1,6,7,17,25,52,2012-11-18
2603,5,9,16,19,24,30,2012-11-14
2602,1,2,6,30,34,51,2012-11-11
2601,10,27,47,51,52,53,2012-11-07
2600,4,6,12,51,54,55,2012-11-04
2599,25,26,28,45,48,49,2012-10-31
2598,2,34,40,43,49,54,2012-10-28
2597,4,11,32,38,47,55,2012-10-24
2596,7,9,34,36,38,40,2012-10-21
2595,5,11,23,37,39,54,2012-10-17
2594,5,7,9,23,25,29,2012-10-14
2593,3,19,38,43,46,48,2012-10-10
2592,13,14,16,24,26,36,2012-10-07
2591,10,17,23,39,42,56,2012-10-03
2590,9,12,17,31,41,47,2012-09-30
2589,1,9,12,34,36,44,2012-09-26
2588,7,15,18,45,48,55,2012-09-23
2587,7,27,34,42,46,55,2012-09-19
2586,18,20,26,27,29,49,2012-09-16
2585,7,8,12,21,37,51,2012-09-12
2584,3,4,25,41,42,51,2012-09-09
2583,17,19,21,22,45,49,2012-09-05
2582,4,8,30,39,49,56,2012-09-02
2581,7,9,11,26,50,52,2012-08-29
2580,6,22,24,27,41,54,2012-08-26
2579,8,18,41,42,44,52,2012-08-22
2578,28,32,33,37,50,53,2012-08-19
2577,1,4,11,22,44,52,2012-08-15
2576,9,11,27,40,41,44,2012-08-12
2575,9,14,15,18,35,38,2012-08-08
2574,4,7,10,24,44,54,2012-08-05
2573,23,28,37,41,46,50,2012-08-01
2572,4,12,18,29,45,54,2012-07-29
2571,15,23,25,28,37,45,2012-07-25
2570,5,13,14,28,41,52,2012-07-22
2569,3,7,9,27,45,55,2012-07-18
2568,10,25,29,31,49,55,2012-07-15
2567,14,16,17,31,46,55,2012-07-11
2566,10,16,19,20,40,52,2012-07-08
2565,6,21,35,38,45,54,2012-07-04
2564,1,16,17,32,45,51,2012-07-01
2563,15,20,33,36,40,48,2012-06-27
2562,2,3,12,18,27,50,2012-06-24
2561,16,27,34,42,47,49,2012-06-20
2560,5,11,12,20,42,47,2012-06-17
2559,8,9,16,39,41,42,2012-06-13
2558,6,14,19,37,39,50,2012-06-10
2557,1,17,20,22,28,32,2012-06-06
2556,8,13,21,27,33,36,2012-06-03
2555,5,20,21,39,45,52,2012-05-30
2554,8,18,22,24,32,38,2012-05-27
2553,27,33,41,47,51,54,2012-05-23
2552,4,7,19,24,31,32,2012-05-20
2551,1,5,23,43,54,55,2012-05-16
2550,7,10,31,38,40,45,2012-05-13
2549,2,11,13,20,42,43,2012-05-09
2548,5,12,35,49,52,54,2012-05-06
2547,5,7,21,27,41,54,2012-05-02
2546,8,22,31,34,36,45,2012-04-29
2545,6,15,22,28,36,45,2012-04-25
2544,15,19,36,42,44,50,2012-04-22
2543,2,11,23,27,51,53,2012-04-18
2542,1,4,15,17,32,42,2012-04-15
2541,5,19,22,28,47,52,2012-04-11
2540,1,6,7,23,44,53,2012-04-08
2539,12,13,15,29,48,54,2012-04-04
2538,22,23,24,28,30,42,2012-04-01
2537,4,10,13,32,35,42,2012-03-28
2536,8,24,26,28,51,56,2012-03-25
2535,1,9,20,31,43,56,2012-03-21
2534,1,16,20,31,41,43,2012-03-18
2533,4,8,28,46,53,56,2012-03-14
2532,6,18,23,24,30,54,2012-03-11
2531,1,7,16,35,45,55,2012-03-07
2530,2,11,24,26,48,51,2012-03-04
2529,8,9,12,18,28,42,2012-02-29
2528,5,14,20,30,31,36,2012-02-26
2527,9,11,17,25,45,53,2012-02-22
2526,9,24,27,32,36,52,2012-02-19
2525,5,18,24,35,43,56,2012-02-15
2524,8,9,27,39,47,52,2012-02-12
2523,2,13,40,48,49,56,2012-02-08
2522,4,5,6,24,32,50,2012-02-05
2521,27,30,37,43,44,55,2012-02-01
2520,6,7,24,42,48,50,2012-01-29
2519,20,34,45,48,54,55,2012-01-25
2518,8,24,26,31,33,52,2012-01-22
2517,8,21,28,49,51,55,2012-01-18
2516,1,5,11,19,25,49,2012-01-15
2515,9,11,13,20,22,32,2012-01-11
2514,10,15,17,22,40,45,2012-01-08
2513,13,15,22,23,36,38,2012-01-04
2512,12,28,31,40,52,54,2012-01-01
2511,10,12,20,21,29,54,2011-12-28
2510,19,33,35,41,45,56,2011-12-25
2509,13,23,26,29,35,36,2011-12-21
2508,1,2,12,30,42,53,2011-12-18
2507,2,7,14,22,37,43,2011-12-14
2506,3,9,10,11,29,30,2011-12-11
2505,4,24,32,45,50,56,2011-12-07
2504,5,7,10,14,22,27,2011-12-04
2503,9,23,24,26,43,50,2011-11-30
2502,1,10,28,35,39,51,2011-11-27
2501,20,24,29,47,50,56,2011-11-23
2500,6,11,29,39,43,47,2011-11-20
2499,1,15,20,39,42,49,2011-11-16
2498,5,22,28,30,49,54,2011-11-13
2497,5,10,20,47,51,56,2011-11-09
2496,8,15,20,32,34,45,2011-11-06
2495,3,15,28,40,48,55,2011-11-02
2494,2,19,40,47,48,49,2011-10-30
2493,9,31,40,49,52,55,2011-10-26
2492,7,11,14,50,52,54,2011-10-23
2491,3,8,11,23,46,56,2011-10-19
2490,1,2,22,24,28,29,2011-10-16
2489,24,28,37,47,48,52,2011-10-12
2488,22,35,39,40,49,52,2011-10-09
2487,17,21,38,48,50,52,2011-10-05
2486,4,5,22,32,35,39,2011-10-02
2485,16,27,33,35,37,40,2011-09-28
2484,9,11,38,43,45,54,2011-09-25
2483,4,15,25,32,53,54,2011-09-21
2482,27,31,39,41,49,55,2011-09-18
2481,3,22,26,31,47,56,2011-09-14
2480,1,12,19,30,42,53,2011-09-11
2479,7,16,31,32,42,45,2011-09-07
2478,16,22,24,37,52,53,2011-09-04
2477,3,9,12,16,17,36,2011-08-31
2476,17,21,39,41,44,49,2011-08-28
2475,10,17,25,29,51,56,2011-08-24
2474,3,10,16,33,44,48,2011-08-21
2473,9,16,39,41,44,45,2011-08-17
2472,3,27,33,39,43,51,2011-08-14
2471,7,14,19,34,35,44,2011-08-10
2470,1,7,11,19,35,42,2011-08-07
2469,1,9,14,37,40,41,2011-08-03
2468,7,9,16,24,37,54,2011-07-31
2467,13,18,34,37,46,52,2011-07-27
2466,1,3,11,14,39,41,2011-07-24
2465,3,24,37,45,52,54,2011-07-20
2464,10,13,37,44,46,53,2011-07-17
2463,1,6,12,24,28,33,2011-07-13
2462,2,5,10,15,20,31,2011-07-10
2461,3,6,12,26,34,46,2011-07-06
2460,15,25,32,33,37,45,2011-07-03
2459,4,9,28,40,51,55,2011-06-29
2458,4,13,14,17,23,24,2011-06-26
2457,20,23,32,38,43,44,2011-06-22
2456,1,11,12,19,20,27,2011-06-19
2455,7,12,24,36,46,54,2011-06-15
2454,3,8,18,29,35,52,2011-06-12
2453,9,13,26,37,43,50,2011-06-08
2452,7,18,23,27,45,54,2011-06-05
2451,25,32,39,40,41,54,2011-06-01
2450,2,4,14,24,29,39,2011-05-29
2449,6,9,16,33,45,48,2011-05-25
2448,14,30,34,36,55,56,2011-05-22
2447,2,3,7,22,38,50,2011-05-18
2446,2,15,30,33,42,53,2011-05-15
2445,13,17,41,50,53,55,2011-05-11
2444,20,23,38,49,50,53,2011-05-08
2443,2,13,24,27,28,34,2011-05-04
2442,1,14,19,42,47,52,2011-05-01
2441,4,7,16,42,43,52,2011-04-27
2440,7,10,26,36,48,54,2011-04-24
2439,21,28,31,35,36,41,2011-04-20
2438,1,5,18,34,36,51,2011-04-17
2437,3,4,11,15,52,53,2011-04-13
2436,3,4,12,23,46,49,2011-04-10
2435,3,8,23,31,50,51,2011-04-06
2434,1,19,36,47,49,52,2011-04-03
2433,4,5,18,33,36,49,2011-03-30
2432,13,16,31,40,44,52,2011-03-27
2431,5,8,14,20,27,46,2011-03-23
2430,5,13,24,28,36,38,2011-03-20
2429,11,19,28,31,43,45,2011-03-16
2428,6,7,31,42,50,52,2011-03-13
2427,2,20,21,33,39,47,2011-03-09
2426,6,25,29,38,42,50,2011-03-06
2425,5,12,16,28,31,47,2011-03-02
2424,13,26,33,35,37,49,2011-02-27
2423,2,15,21,24,27,53,2011-02-23
2422,18,21,24,28,37,39,2011-02-20
2421,5,12,14,15,46,50,2011-02-16
2420,19,21,27,30,51,53,2011-02-13
2419,4,21,36,39,42,56,2011-02-09
2418,11,15,22,34,46,48,2011-02-06
2417,10,12,17,27,32,47,2011-02-02
2416,13,18,39,47,50,52,2011-01-30
2415,10,12,22,25,44,53,2011-01-26
2414,10,19,22,28,30,33,2011-01-23
2413,6,9,14,22,35,38,2011-01-19
2412,1,9,43,52,54,55,2011-01-16
2411,4,7,25,42,49,56,2011-01-12
2410,11,15,18,25,34,49,2011-01-09
2409,1,9,27,38,39,56,2011-01-05
2408,6,25,29,33,42,46,2011-01-02
2407,2,4,11,12,33,54,2010-12-29
2406,4,8,11,34,46,52,2010-12-26
2405,19,21,40,44,50,52,2010-12-22
2404,2,4,24,25,43,50,2010-12-19
2403,6,10,16,28,33,48,2010-12-15
2402,18,28,35,36,48,53,2010-12-12
2401,15,19,20,24,46,56,2010-12-08
2400,3,6,7,15,24,31,2010-12-05
2399,3,7,15,22,29,53,2010-12-01
2398,5,22,41,45,55,56,2010-11-28
2397,13,22,29,34,39,49,2010-11-24
2396,3,4,24,35,44,54,2010-11-21
2395,5,27,31,32,42,53,2010-11-17
2394,3,17,28,42,51,53,2010-11-14
2393,9,30,34,38,45,52,2010-11-10
2392,3,21,28,44,48,49,2010-11-07
2391,8,9,13,17,21,39,2010-11-03
2390,5,31,32,40,41,54,2010-10-31
2389,7,11,12,32,48,51,2010-10-27
2388,10,19,26,38,45,49,2010-10-24
2387,3,14,16,19,51,53,2010-10-20
2386,18,21,24,27,47,49,2010-10-17
2385,12,13,30,31,47,52,2010-10-13
2384,5,10,22,25,39,45,2010-10-10
2383,18,26,27,37,42,45,2010-10-06
2382,3,7,19,30,44,56,2010-10-03
2381,21,23,27,29,43,45,2010-09-29
2380,5,6,9,23,27,45,2010-09-26
2379,13,26,28,37,42,53,2010-09-22
2378,11,14,24,26,28,36,2010-09-19
2377,3,8,25,26,30,33,2010-09-15
2376,1,6,21,40,46,54,2010-09-12
2375,3,12,25,30,34,51,2010-09-08
2374,7,14,18,38,43,47,2010-09-05
2373,7,19,29,40,52,55,2010-09-01
2372,1,13,23,31,32,48,2010-08-29
2371,6,8,12,20,23,37,2010-08-25
