CONCURSO,R1,R2,R3,R4,R5,R6,FECHA
3625,5,8,13,14,48,52,2022-08-12
3624,11,22,29,46,53,55,2022-08-10
3623,6,12,14,18,21,42,2022-08-07
3622,18,27,33,43,50,56,2022-08-05
3621,13,17,18,22,30,44,2022-08-03
3620,4,14,20,22,40,53,2022-07-31
3619,8,10,35,44,47,56,2022-07-29
3618,25,26,35,41,44,55,2022-07-27
3617,4,6,17,23,24,30,2022-07-24
3616,5,30,35,38,45,56,2022-07-22
3615,11,17,19,21,47,50,2022-07-20
3614,17,29,37,41,51,56,2022-07-17
3613,4,21,23,27,32,43,2022-07-15
3612,8,9,17,30,43,56,2022-07-13
3611,12,16,29,38,53,54,2022-07-10
3610,5,12,17,29,37,53,2022-07-08
3609,19,26,27,30,46,52,2022-07-06
3608,5,24,38,44,46,53,2022-07-03
3607,4,9,27,28,31,52,2022-07-01
3606,3,8,9,11,28,47,2022-06-29
3605,6,7,13,14,34,53,2022-06-26
3604,7,16,26,28,41,53,2022-06-24
3603,1,7,15,38,41,42,2022-06-22
3602,5,20,32,41,52,55,2022-06-19
3601,19,23,36,39,41,56,2022-06-17
3600,26,29,39,43,46,54,2022-06-15
3599,27,31,33,35,41,43,2022-06-12
3598,12,19,33,41,53,56,2022-06-10
3597,3,5,6,24,30,43,2022-06-08
3596,5,7,31,38,39,54,2022-06-05
3595,5,9,15,20,46,50,2022-06-03
3594,12,15,19,24,32,33,2022-06-01
3593,2,36,39,41,46,49,2022-05-29
3592,1,4,5,20,44,47,2022-05-27
3591,1,17,29,35,36,55,2022-05-25
3590,19,22,33,38,47,55,2022-05-22
3589,6,11,18,23,24,41,2022-05-20
3588,12,18,19,21,26,44,2022-05-18
3587,3,8,15,50,51,56,2022-05-15
3586,1,24,25,32,33,49,2022-05-13
3585,6,10,12,37,52,54,2022-05-11
3584,1,4,16,19,37,53,2022-05-08
3583,13,22,28,32,46,56,2022-05-06
3582,4,21,22,30,34,36,2022-05-04
3581,4,13,19,22,31,49,2022-05-01
3580,1,3,15,23,34,44,2022-04-29
3579,2,19,33,38,41,52,2022-04-27
3578,15,25,31,32,35,55,2022-04-24
3577,8,13,14,23,38,56,2022-04-22
3576,4,8,24,32,45,46,2022-04-20
3575,7,9,10,19,43,56,2022-04-17
3574,3,9,15,36,38,55,2022-04-15
3573,27,33,34,36,47,54,2022-04-13
3572,2,3,5,24,43,53,2022-04-10
3571,5,15,20,28,29,31,2022-04-08
3570,3,11,24,54,55,56,2022-04-06
3569,14,26,29,30,38,53,2022-04-03
3568,4,11,16,18,19,25,2022-04-01
3567,16,19,20,25,26,39,2022-03-30
3566,12,13,28,30,37,55,2022-03-27
3565,11,29,34,39,41,48,2022-03-25
3564,7,13,14,36,44,45,2022-03-23
3563,25,27,28,30,52,54,2022-03-20
3562,14,18,21,31,40,50,2022-03-18
3561,1,2,29,31,41,54,2022-03-16
3560,17,24,37,42,47,53,2022-03-13
3559,2,7,18,42,45,53,2022-03-11
3558,1,4,10,14,21,37,2022-03-09
3557,8,22,34,43,50,54,2022-03-06
3556,2,12,27,32,41,52,2022-03-04
3555,4,14,26,31,50,52,2022-03-02
3554,2,9,20,23,46,52,2022-02-27
3553,1,8,13,20,53,56,2022-02-25
3552,8,13,17,41,43,49,2022-02-23
3551,1,7,11,16,37,42,2022-02-20
3550,8,10,14,23,25,35,2022-02-18
3549,2,10,11,33,35,48,2022-02-16
3548,2,13,28,30,37,44,2022-02-13
3547,2,17,23,45,46,48,2022-02-11
3546,13,18,29,33,44,55,2022-02-09
3545,1,8,11,23,32,47,2022-02-06
3544,12,17,39,40,46,49,2022-02-04
3543,2,21,23,37,40,42,2022-02-02
3542,16,20,35,40,42,54,2022-01-30
3541,3,15,17,25,35,36,2022-01-28
3540,10,15,20,23,54,56,2022-01-26
3539,13,14,15,39,43,53,2022-01-23
3538,8,13,15,18,47,55,2022-01-21
3537,8,13,29,43,54,56,2022-01-19
3536,5,42,47,48,50,56,2022-01-16
3535,12,14,31,33,35,36,2022-01-14
3534,5,20,22,25,29,31,2022-01-12
3533,3,9,21,32,35,53,2022-01-09
3532,3,5,17,18,40,51,2022-01-07
3531,1,15,19,20,46,48,2022-01-05
3530,10,31,33,40,43,45,2022-01-02
3529,1,3,31,33,37,53,2021-12-31
3528,6,10,15,28,40,51,2021-12-29
3527,7,15,33,46,53,55,2021-12-26
3526,17,28,31,32,41,47,2021-12-24
3525,7,21,38,46,48,52,2021-12-22
3524,17,19,30,32,45,48,2021-12-19
3523,17,28,29,31,41,51,2021-12-17
3522,5,15,17,23,49,56,2021-12-15
3521,4,27,37,47,49,51,2021-12-12
3520,6,14,24,32,37,50,2021-12-10
3519,24,33,38,42,50,51,2021-12-08
3518,9,28,31,37,44,55,2021-12-05
3517,5,12,23,28,31,33,2021-12-03
3516,18,19,27,36,38,40,2021-12-01
3515,3,4,14,24,38,42,2021-11-28
3514,4,31,42,45,49,50,2021-11-26
3513,12,27,32,35,44,51,2021-11-24
3512,1,25,39,43,49,56,2021-11-21
3511,5,18,20,22,43,56,2021-11-17
3510,20,26,32,33,48,55,2021-11-14
3509,6,25,36,49,54,55,2021-11-10
3508,6,8,10,23,33,35,2021-11-07
3507,6,18,34,37,48,52,2021-11-03
3506,4,8,36,40,45,50,2021-10-31
3505,11,30,43,44,50,56,2021-10-27
3504,21,28,39,41,42,49,2021-10-24
3503,11,19,23,28,39,50,2021-10-20
3502,8,16,33,37,44,52,2021-10-17
3501,3,15,19,24,40,54,2021-10-13
3500,18,26,31,38,50,55,2021-10-10
3499,3,6,17,31,38,52,2021-10-06
3498,9,25,30,34,43,54,2021-10-03
3497,1,15,23,26,43,54,2021-09-29
3496,21,27,36,41,47,53,2021-09-26
3495,1,7,9,23,51,55,2021-09-22
3494,5,12,31,41,43,54,2021-09-19
3493,18,22,28,29,39,55,2021-09-15
3492,10,18,24,34,47,48,2021-09-12
3491,17,21,24,25,33,48,2021-09-08
3490,6,9,28,29,33,54,2021-09-05
3489,14,18,19,22,32,50,2021-09-01
3488,5,20,24,29,32,34,2021-08-29
3487,1,13,24,25,41,49,2021-08-25
3486,9,23,31,33,54,56,2021-08-22
3485,6,14,15,23,39,40,2021-08-18
3484,17,35,38,40,44,52,2021-08-15
3483,5,14,21,45,50,55,2021-08-11
3482,1,20,30,42,45,50,2021-08-08
3481,3,4,18,19,40,45,2021-08-04
3480,15,23,30,36,40,42,2021-08-01
3479,7,17,32,35,46,56,2021-07-28
3478,7,13,21,22,28,30,2021-07-25
3477,1,7,22,34,36,41,2021-07-21
3476,9,15,17,20,22,26,2021-07-18
3475,7,19,23,30,41,51,2021-07-14
3474,2,25,26,38,50,54,2021-07-11
3473,3,5,16,17,35,44,2021-07-07
3472,1,22,29,31,49,51,2021-07-04
3471,23,27,35,53,54,55,2021-06-30
3470,2,16,30,48,49,54,2021-06-27
3469,2,3,8,14,29,33,2021-06-23
3468,4,8,22,26,43,45,2021-06-20
3467,2,10,22,29,31,49,2021-06-16
3466,5,30,40,43,50,55,2021-06-13
3465,6,11,30,35,47,52,2021-06-09
3464,4,5,12,43,50,54,2021-06-06
3463,5,21,24,36,52,53,2021-06-02
3462,17,26,28,44,50,52,2021-05-30
3461,3,12,13,38,40,44,2021-05-26
3460,3,5,9,33,43,54,2021-05-23
3459,4,28,33,45,46,47,2021-05-19
3458,4,9,13,37,41,51,2021-05-16
3457,2,7,16,19,34,49,2021-05-12
3456,7,8,20,21,50,52,2021-05-09
3455,12,14,35,39,49,52,2021-05-05
3454,8,14,24,45,51,54,2021-05-02
3453,3,6,15,18,26,39,2021-04-28
3452,6,16,21,24,28,37,2021-04-25
3451,26,30,35,44,45,48,2021-04-21
3450,16,26,32,38,44,50,2021-04-18
3449,11,25,35,44,46,49,2021-04-14
3448,2,44,49,50,54,55,2021-04-11
3447,9,13,15,17,45,50,2021-04-07
3446,3,6,19,20,39,45,2021-04-04
3445,4,6,17,37,47,49,2021-03-31
3444,8,13,29,44,45,46,2021-03-28
3443,12,15,24,27,29,35,2021-03-24
3442,4,9,41,44,51,53,2021-03-21
3441,3,18,19,36,42,52,2021-03-17
3440,24,28,31,50,55,56,2021-03-14
3439,2,5,21,25,38,39,2021-03-10
3438,6,15,18,29,34,49,2021-03-07
3437,2,8,14,24,27,46,2021-03-03
3436,8,14,26,51,54,56,2021-02-28
3435,1,17,19,33,39,42,2021-02-24
3434,7,23,29,36,44,53,2021-02-21
3433,1,28,32,40,49,55,2021-02-17
3432,7,23,26,34,36,51,2021-02-14
3431,1,13,31,33,38,48,2021-02-10
3430,3,28,35,36,45,51,2021-02-07
3429,1,14,24,30,45,50,2021-02-03
3428,3,12,13,14,41,46,2021-01-31
3427,1,3,5,24,37,53,2021-01-27
3426,8,10,27,34,45,56,2021-01-24
3425,3,6,7,34,43,53,2021-01-20
3424,2,12,28,35,45,46,2021-01-17
3423,14,21,38,41,42,46,2021-01-13
3422,1,2,12,39,51,55,2021-01-10
3421,1,22,23,29,32,36,2021-01-06
3420,14,22,23,37,45,51,2021-01-03
3419,1,10,17,30,47,54,2020-12-30
3418,2,18,20,26,44,49,2020-12-27
3417,1,23,31,47,48,54,2020-12-23
3416,8,10,22,25,36,53,2020-12-20
3415,11,19,26,37,40,44,2020-12-16
3414,3,5,7,27,29,52,2020-12-13
3413,5,7,12,33,34,48,2020-12-09
3412,5,6,10,33,34,43,2020-12-06
3411,14,16,19,32,53,56,2020-12-02
3410,8,10,15,26,28,36,2020-11-29
3409,22,33,36,39,43,50,2020-11-25
3408,5,30,32,42,44,50,2020-11-22
3407,2,18,20,34,49,52,2020-11-18
3406,4,27,35,44,49,52,2020-11-15
3405,9,18,34,42,43,46,2020-11-11
3404,3,4,9,26,35,37,2020-11-08
3403,14,21,26,40,42,56,2020-11-04
3402,1,10,23,32,36,49,2020-11-01
3401,3,7,21,31,34,51,2020-10-28
3400,15,20,24,33,40,49,2020-10-25
3399,23,39,42,45,46,54,2020-10-21
3398,8,16,18,20,28,49,2020-10-18
3397,8,39,48,51,52,54,2020-10-14
3396,21,24,31,32,40,45,2020-10-11
3395,6,15,21,29,31,38,2020-10-07
3394,3,21,27,35,45,54,2020-10-04
3393,11,15,24,25,48,50,2020-09-30
3392,11,19,23,26,32,33,2020-09-27
3391,31,33,38,42,45,55,2020-09-23
3390,6,14,20,34,55,56,2020-09-20
3389,5,7,8,14,24,29,2020-09-16
3388,9,19,21,35,46,50,2020-09-13
3387,5,13,21,23,38,41,2020-09-09
3386,4,7,11,30,46,48,2020-09-06
3385,1,8,16,25,39,50,2020-09-02
3384,8,11,35,36,53,56,2020-08-30
3383,18,24,26,35,36,50,2020-08-26
3382,19,28,39,41,47,48,2020-08-23
3381,7,8,18,25,49,54,2020-08-19
3380,4,6,31,34,37,54,2020-08-16
3379,5,17,23,38,40,51,2020-08-12
3378,6,29,34,42,46,47,2020-08-09
3377,6,14,20,27,49,55,2020-08-05
3376,1,17,35,36,37,52,2020-08-02
3375,8,11,28,30,41,52,2020-07-29
3374,9,22,33,38,50,52,2020-07-26
3373,6,7,22,26,37,45,2020-04-01
3372,17,33,39,45,47,54,2020-03-29
3371,4,10,20,24,28,40,2020-03-25
3370,26,33,34,41,53,56,2020-03-22
3369,2,7,12,18,28,30,2020-03-18
3368,7,26,29,45,51,56,2020-03-15
3367,1,12,14,30,32,50,2020-03-11
3366,10,21,29,30,49,50,2020-03-08
3365,5,15,37,40,42,46,2020-03-04
3364,2,17,27,30,43,44,2020-03-01
3363,2,4,30,34,42,48,2020-02-26
3362,7,14,15,19,39,52,2020-02-23
3361,18,21,22,33,35,54,2020-02-19
3360,3,15,27,37,40,50,2020-02-16
3359,21,30,42,46,47,55,2020-02-12
3358,2,4,5,13,28,41,2020-02-09
3357,3,21,27,38,44,46,2020-02-05
3356,12,23,29,32,45,46,2020-02-02
3355,2,10,18,27,30,45,2020-01-29
3354,1,2,7,8,11,52,2020-01-26
3353,18,38,47,49,50,52,2020-01-22
3352,5,7,17,23,34,50,2020-01-19
3351,11,13,16,19,25,28,2020-01-15
3350,1,4,14,18,27,36,2020-01-12
3349,5,8,9,15,40,44,2020-01-08
3348,13,23,33,36,40,50,2020-01-05
3347,3,10,22,32,36,44,2020-01-01
3346,12,21,24,35,39,48,2019-12-29
3345,1,24,30,35,39,51,2019-12-25
3344,13,18,20,47,48,49,2019-12-22
3343,2,14,15,22,35,44,2019-12-18
3342,4,11,14,18,21,29,2019-12-15
3341,3,19,33,36,43,49,2019-12-11
3340,6,8,9,24,27,43,2019-12-08
3339,1,4,8,16,35,36,2019-12-04
3338,4,24,34,38,40,55,2019-12-01
3337,10,21,24,31,39,51,2019-11-27
3336,10,32,37,40,42,45,2019-11-24
3335,15,21,35,37,38,52,2019-11-20
3334,2,14,16,21,39,43,2019-11-17
3333,24,25,31,35,38,42,2019-11-13
3332,11,14,15,40,53,54,2019-11-10
3331,2,4,22,33,39,51,2019-11-06
3330,24,26,27,35,46,56,2019-11-03
3329,4,19,32,38,44,51,2019-10-30
3328,6,7,19,28,48,53,2019-10-27
3327,3,16,31,32,40,50,2019-10-23
3326,7,29,34,36,45,51,2019-10-20
3325,12,13,35,36,47,49,2019-10-16
3324,21,32,33,41,45,55,2019-10-13
3323,29,32,36,37,41,46,2019-10-09
3322,1,10,12,23,40,52,2019-10-06
3321,12,16,25,44,47,49,2019-10-02
3320,7,8,14,17,27,30,2019-09-29
3319,11,20,23,32,41,48,2019-09-25
3318,4,14,26,40,46,48,2019-09-22
3317,2,4,16,50,52,56,2019-09-18
3316,3,32,33,38,42,55,2019-09-15
3315,6,7,15,28,34,55,2019-09-11
3314,13,15,17,38,39,40,2019-09-08
3313,14,17,21,27,49,54,2019-09-04
3312,22,28,42,46,52,54,2019-09-01
3311,5,6,15,16,37,52,2019-08-28
3310,9,10,13,16,27,31,2019-08-25
3309,5,6,19,39,52,53,2019-08-21
3308,14,18,24,31,55,56,2019-08-18
3307,5,22,25,34,40,51,2019-08-14
3306,8,21,22,43,47,49,2019-08-11
3305,10,18,25,26,40,41,2019-08-07
3304,7,13,17,22,29,43,2019-08-04
3303,1,11,43,44,53,56,2019-07-31
3302,4,7,15,16,29,48,2019-07-28
3301,8,17,26,35,52,55,2019-07-24
3300,25,27,36,43,45,56,2019-07-21
3299,27,30,31,39,41,42,2019-07-17
3298,6,12,14,29,30,49,2019-07-14
3297,4,5,12,42,48,49,2019-07-10
3296,4,17,27,37,40,49,2019-07-07
3295,1,15,20,29,42,52,2019-07-03
3294,10,14,19,30,41,51,2019-06-30
3293,17,29,36,49,55,56,2019-06-26
3292,10,26,45,48,49,55,2019-06-23
3291,20,27,33,40,48,54,2019-06-19
3290,1,9,16,19,21,38,2019-06-16
3289,5,18,21,34,49,54,2019-06-12
3288,5,9,10,24,39,51,2019-06-09
3287,19,27,32,34,46,50,2019-06-05
3286,9,23,26,29,37,38,2019-06-02
3285,4,17,21,24,50,53,2019-05-29
3284,5,11,17,32,46,53,2019-05-26
3283,5,8,20,29,31,52,2019-05-22
3282,1,5,17,41,42,55,2019-05-19
3281,4,8,13,16,23,24,2019-05-15
3280,6,10,12,21,34,44,2019-05-12
3279,4,7,11,33,50,54,2019-05-08
3278,3,19,26,38,40,56,2019-05-05
3277,1,26,32,42,47,48,2019-05-01
3276,2,19,24,38,44,51,2019-04-28
3275,14,29,38,41,47,49,2019-04-24
3274,5,7,15,20,35,56,2019-04-21
3273,5,9,10,20,32,43,2019-04-17
3272,13,14,18,21,31,40,2019-04-14
3271,2,21,22,34,48,51,2019-04-10
3270,2,6,20,37,46,48,2019-04-07
3269,5,7,23,30,35,47,2019-04-03
3268,2,9,11,13,17,21,2019-03-31
3267,6,24,39,43,50,55,2019-03-27
3266,2,26,28,31,53,56,2019-03-24
3265,17,18,31,34,38,53,2019-03-20
3264,3,12,22,38,52,54,2019-03-17
3263,2,22,23,36,47,50,2019-03-13
3262,18,20,33,34,50,52,2019-03-10
3261,7,9,15,30,42,45,2019-03-06
3260,9,14,16,38,50,53,2019-03-03
3259,13,22,24,29,46,48,2019-02-27
3258,5,17,18,24,26,54,2019-02-24
3257,4,23,25,34,48,51,2019-02-20
3256,7,8,14,28,29,30,2019-02-17
3255,2,3,5,31,32,50,2019-02-13
3254,3,7,17,27,28,47,2019-02-10
3253,2,10,16,23,28,48,2019-02-06
3252,5,44,45,51,54,55,2019-02-03
3251,22,30,37,41,54,56,2019-01-30
3250,13,15,17,18,21,26,2019-01-27
3249,12,19,22,34,41,55,2019-01-23
3248,21,26,29,37,38,42,2019-01-20
3247,31,44,45,47,48,56,2019-01-16
3246,14,28,32,52,53,55,2019-01-13
3245,5,11,31,35,36,48,2019-01-09
3244,22,31,33,34,39,53,2019-01-06
3243,1,2,4,10,34,55,2019-01-02
3242,10,37,38,43,44,45,2018-12-30
3241,1,5,8,38,42,46,2018-12-26
3240,6,8,9,10,36,41,2018-12-23
3239,13,17,29,30,36,44,2018-12-19
3238,9,16,20,38,39,49,2018-12-16
3237,9,14,27,31,49,50,2018-12-12
3236,10,19,20,21,22,53,2018-12-09
3235,4,6,24,33,42,43,2018-12-05
3234,11,12,23,37,42,45,2018-12-02
3233,5,16,22,32,37,50,2018-11-28
3232,8,18,23,27,31,52,2018-11-25
3231,3,8,13,15,40,44,2018-11-21
3230,9,23,24,25,29,32,2018-11-18
3229,3,5,7,34,48,50,2018-11-14
3228,3,17,23,25,48,54,2018-11-11
3227,7,10,40,42,43,56,2018-11-07
3226,10,21,28,46,49,54,2018-11-04
3225,2,9,22,26,34,55,2018-10-31
3224,9,21,42,43,51,52,2018-10-28
3223,5,7,12,24,28,36,2018-10-24
3222,2,12,21,32,37,52,2018-10-21
3221,9,13,29,31,45,48,2018-10-17
3220,18,24,32,35,37,49,2018-10-14
3219,12,18,37,44,46,51,2018-10-10
3218,17,24,28,35,42,47,2018-10-07
3217,2,17,27,37,38,46,2018-10-03
3216,26,36,37,50,55,56,2018-09-30
3215,1,12,17,21,42,48,2018-09-26
3214,1,9,12,13,40,52,2018-09-23
3213,13,39,45,48,53,55,2018-09-19
3212,2,6,23,40,48,56,2018-09-16
3211,9,13,24,33,49,50,2018-09-12
3210,2,5,13,21,23,25,2018-09-09
3209,3,4,16,33,39,46,2018-09-05
3208,13,15,26,29,30,47,2018-09-02
3207,16,17,27,30,48,56,2018-08-29
3206,11,12,16,25,28,41,2018-08-26
3205,7,8,26,44,53,55,2018-08-22
3204,8,14,21,32,38,45,2018-08-19
3203,2,22,31,40,45,50,2018-08-15
3202,4,7,23,25,31,34,2018-08-12
3201,4,9,12,16,21,30,2018-08-08
3200,16,22,24,25,28,46,2018-08-05
3199,7,17,27,35,49,50,2018-08-01
3198,26,29,30,35,48,52,2018-07-29
3197,12,19,33,34,45,53,2018-07-25
3196,1,7,11,14,18,26,2018-07-22
3195,8,27,32,40,45,56,2018-07-18
3194,15,18,24,25,39,44,2018-07-15
3193,13,21,29,30,46,52,2018-07-11
3192,10,12,13,29,51,56,2018-07-08
3191,2,7,25,30,41,52,2018-07-04
3190,16,18,25,40,52,54,2018-07-01
3189,17,18,26,27,36,37,2018-06-27
3188,11,12,28,36,47,52,2018-06-24
3187,6,7,13,18,19,30,2018-06-20
3186,6,25,26,28,35,37,2018-06-17
3185,10,15,20,46,54,55,2018-06-13
3184,7,22,27,39,43,46,2018-06-10
3183,14,20,34,47,48,49,2018-06-06
3182,7,8,16,17,28,53,2018-06-03
3181,4,6,9,20,34,49,2018-05-30
3180,15,19,20,27,38,39,2018-05-27
3179,9,28,35,39,43,48,2018-05-23
3178,1,6,32,35,47,50,2018-05-20
3177,12,27,35,36,37,46,2018-05-16
3176,6,9,12,41,44,56,2018-05-13
3175,3,14,20,28,37,56,2018-05-09
3174,4,11,24,33,37,55,2018-05-06
3173,9,27,28,37,45,49,2018-05-02
3172,1,5,10,12,21,22,2018-04-29
3171,18,19,37,47,48,53,2018-04-25
3170,6,12,37,44,45,51,2018-04-22
3169,6,11,13,25,34,46,2018-04-18
3168,3,8,9,16,36,52,2018-04-15
3167,11,26,29,39,42,53,2018-04-11
3166,2,17,22,27,45,49,2018-04-08
3165,3,6,18,35,46,48,2018-04-04
3164,16,36,37,41,49,54,2018-04-01
3163,15,19,21,36,42,50,2018-03-28
3162,5,13,16,24,30,38,2018-03-25
3161,1,9,22,23,29,39,2018-03-21
3160,7,14,23,33,34,35,2018-03-18
3159,9,18,19,24,43,51,2018-03-14
3158,15,19,24,29,32,34,2018-03-11
3157,1,2,5,15,38,48,2018-03-07
3156,1,17,20,43,48,51,2018-03-04
3155,8,25,30,34,38,43,2018-02-28
3154,5,23,27,38,40,48,2018-02-25
3153,2,34,37,38,46,48,2018-02-21
3152,3,5,7,20,38,55,2018-02-18
3151,2,3,5,17,47,48,2018-02-14
3150,10,16,20,47,52,53,2018-02-11
3149,3,4,27,32,42,47,2018-02-07
3148,1,11,17,21,40,46,2018-02-04
3147,13,19,33,35,37,55,2018-01-31
3146,14,15,17,35,36,42,2018-01-28
3145,12,25,26,36,39,53,2018-01-24
3144,3,4,12,16,28,33,2018-01-21
3143,15,28,29,40,44,45,2018-01-17
3142,2,6,32,36,42,56,2018-01-14
3141,2,6,8,52,53,55,2018-01-10
3140,11,17,25,41,44,56,2018-01-07
3139,5,19,30,39,42,44,2018-01-03
3138,8,16,23,31,38,44,2017-12-31
3137,4,11,40,45,51,53,2017-12-27
3136,3,5,19,36,46,51,2017-12-24
3135,5,16,34,45,50,51,2017-12-20
3134,2,13,40,49,50,56,2017-12-17
3133,7,11,26,31,51,55,2017-12-13
3132,8,19,21,23,33,39,2017-12-10
3131,10,30,31,32,37,46,2017-12-06
3130,13,16,21,24,39,55,2017-12-03
3129,17,24,29,33,35,39,2017-11-29
3128,10,17,39,47,52,56,2017-11-26
3127,12,15,21,25,40,54,2017-11-22
3126,10,13,30,31,37,48,2017-11-19
3125,17,27,30,40,51,55,2017-11-15
3124,5,13,16,18,21,23,2017-11-12
3123,7,14,30,34,37,56,2017-11-08
3122,5,23,29,43,49,54,2017-11-05
3121,3,7,12,13,28,37,2017-11-01
3120,5,9,18,41,46,53,2017-10-29
3119,14,15,22,32,47,53,2017-10-25
3118,5,32,37,44,47,49,2017-10-22
3117,2,4,9,11,27,29,2017-10-18
3116,14,19,22,31,35,53,2017-10-15
3115,24,28,40,41,47,53,2017-10-11
3114,1,28,32,47,49,56,2017-10-08
3113,2,13,15,22,28,34,2017-10-04
3112,16,17,25,33,42,56,2017-10-01
3111,3,8,17,24,43,44,2017-09-27
3110,10,17,18,24,28,38,2017-09-24
3109,10,13,22,24,30,35,2017-09-20
3108,9,10,41,44,51,56,2017-09-17
3107,15,16,21,35,46,56,2017-09-13
3106,4,20,26,28,36,40,2017-09-10
3105,19,20,32,37,39,47,2017-09-06
3104,8,20,27,30,50,55,2017-09-03
3103,6,19,20,26,38,43,2017-08-30
3102,4,8,10,22,27,44,2017-08-27
3101,5,11,31,37,40,55,2017-08-23
3100,1,3,6,43,51,55,2017-08-20
3099,16,20,21,31,39,54,2017-08-16
3098,4,7,23,29,38,52,2017-08-13
3097,9,24,32,36,37,56,2017-08-09
3096,3,4,12,23,42,51,2017-08-06
3095,12,26,27,28,36,37,2017-08-02
3094,20,25,38,39,41,44,2017-07-30
3093,6,9,12,36,39,49,2017-07-26
3092,8,13,16,29,33,35,2017-07-23
3091,16,23,24,27,32,46,2017-07-19
3090,6,28,32,36,44,56,2017-07-16
3089,12,15,16,18,41,47,2017-07-12
3088,5,10,15,41,45,48,2017-07-09
3087,10,11,24,29,40,48,2017-07-05
3086,5,16,30,40,50,52,2017-07-02
3085,11,19,31,34,46,55,2017-06-28
3084,2,3,4,39,40,45,2017-06-25
3083,5,26,27,29,41,54,2017-06-21
3082,14,17,22,44,47,51,2017-06-18
3081,6,20,32,50,51,55,2017-06-14
3080,14,15,25,33,46,50,2017-06-11
3079,3,12,27,28,49,55,2017-06-07
3078,8,10,18,23,34,53,2017-06-04
3077,13,22,27,39,45,51,2017-05-31
3076,9,13,19,20,29,46,2017-05-28
3075,1,2,28,32,35,42,2017-05-24
3074,6,28,34,46,47,54,2017-05-21
3073,6,11,22,27,33,51,2017-05-17
3072,1,22,26,30,39,50,2017-05-14
3071,8,17,25,40,51,53,2017-05-10
3070,6,23,38,44,47,56,2017-05-07
3069,10,11,14,26,33,42,2017-05-03
3068,4,28,33,42,46,47,2017-04-30
3067,4,17,32,33,44,49,2017-04-26
3066,2,12,34,37,42,48,2017-04-23
3065,2,15,16,18,48,55,2017-04-19
3064,5,13,39,48,51,52,2017-04-16
3063,4,27,29,40,47,53,2017-04-12
3062,10,11,13,38,40,52,2017-04-09
3061,8,9,37,40,43,45,2017-04-05
3060,4,7,17,26,29,42,2017-04-02
3059,13,15,16,26,38,50,2017-03-29
3058,3,10,24,31,33,48,2017-03-26
3057,15,24,26,44,49,53,2017-03-22
3056,17,26,35,40,48,51,2017-03-19
3055,2,26,43,46,47,51,2017-03-15
3054,9,15,27,29,45,52,2017-03-12
3053,4,21,25,44,46,51,2017-03-08
3052,16,22,37,43,45,53,2017-03-05
3051,32,44,46,47,51,54,2017-03-01
3050,3,15,27,28,37,49,2017-02-26
3049,2,33,37,38,39,50,2017-02-22
3048,3,6,8,14,53,56,2017-02-19
3047,2,6,9,15,32,34,2017-02-15
3046,2,7,16,39,46,50,2017-02-12
3045,11,28,32,40,43,47,2017-02-08
3044,6,14,20,40,47,50,2017-02-05
3043,2,18,19,21,35,54,2017-02-01
3042,11,20,31,34,46,55,2017-01-29
3041,25,27,30,39,40,50,2017-01-25
3040,6,9,15,17,23,37,2017-01-22
3039,35,36,37,40,46,54,2017-01-18
3038,4,8,17,24,43,44,2017-01-15
3037,21,23,32,37,44,55,2017-01-11
3036,28,29,38,43,51,55,2017-01-08
3035,8,29,32,39,43,44,2017-01-04
3034,14,17,19,26,27,35,2017-01-01
3033,17,32,34,38,49,53,2016-12-28
3032,18,24,25,30,40,43,2016-12-25
3031,13,15,30,33,47,50,2016-12-21
3030,8,21,28,51,53,55,2016-12-18
3029,13,15,32,34,36,38,2016-12-14
3028,12,14,29,31,36,45,2016-12-11
3027,5,11,16,26,34,55,2016-12-07
3026,7,23,24,27,31,56,2016-12-04
3025,5,15,29,38,46,53,2016-11-30
3024,1,2,5,40,47,49,2016-11-27
3023,6,10,18,24,48,56,2016-11-23
3022,2,4,30,36,41,47,2016-11-20
3021,9,11,21,46,54,55,2016-11-16
3020,1,26,32,39,47,53,2016-11-13
3019,5,23,36,46,47,56,2016-11-09
3018,13,17,19,22,38,46,2016-11-06
3017,11,14,26,29,38,50,2016-11-02
3016,10,26,37,41,42,46,2016-10-30
3015,9,18,33,35,53,54,2016-10-26
3014,5,11,17,24,49,53,2016-10-23
3013,9,15,26,30,36,39,2016-10-19
3012,3,24,31,32,41,45,2016-10-16
3011,9,19,25,26,38,53,2016-10-12
3010,6,19,21,25,39,43,2016-10-09
3009,2,12,17,26,44,49,2016-10-05
3008,17,23,30,38,53,56,2016-10-02
3007,6,10,25,40,46,56,2016-09-28
3006,21,22,32,45,50,51,2016-09-25
3005,9,40,41,43,44,50,2016-09-21
3004,11,15,16,29,44,47,2016-09-18
3003,19,32,35,46,50,51,2016-09-14
3002,14,18,20,22,23,30,2016-09-11
3001,4,12,21,51,53,56,2016-09-07
3000,14,36,42,49,50,52,2016-09-04
2999,1,28,41,43,48,50,2016-08-31
2998,9,21,28,29,42,51,2016-08-28
2997,18,22,24,37,46,51,2016-08-24
2996,10,18,25,26,39,46,2016-08-21
2995,2,15,17,40,45,49,2016-08-17
2994,11,13,23,35,47,53,2016-08-14
2993,14,19,22,23,25,28,2016-08-10
2992,3,16,25,52,54,55,2016-08-07
2991,18,38,40,44,51,53,2016-08-03
2990,6,19,26,37,39,55,2016-07-31
2989,4,5,15,24,32,39,2016-07-27
2988,2,5,20,21,32,33,2016-07-24
2987,1,14,31,32,37,51,2016-07-20
2986,18,32,39,40,50,54,2016-07-17
2985,8,18,20,26,37,52,2016-07-13
2984,1,14,27,28,34,38,2016-07-10
2983,21,26,33,40,42,46,2016-07-06
2982,18,27,34,38,45,47,2016-07-03
2981,6,7,20,29,44,47,2016-06-29
2980,7,8,11,31,55,56,2016-06-26
2979,8,10,24,31,37,38,2016-06-22
2978,7,14,16,22,35,56,2016-06-19
2977,2,21,30,39,40,41,2016-06-15
2976,10,12,24,30,32,49,2016-06-12
2975,12,20,29,45,46,52,2016-06-08
2974,1,3,6,9,16,31,2016-06-05
2973,2,9,11,28,48,51,2016-06-01
2972,8,13,17,38,48,50,2016-05-29
2971,14,21,22,27,37,54,2016-05-25
2970,5,10,12,19,21,55,2016-05-22
2969,1,26,32,41,46,49,2016-05-18
2968,2,6,7,19,30,50,2016-05-15
2967,13,24,32,36,38,53,2016-05-11
2966,5,18,25,27,42,48,2016-05-08
2965,3,12,34,35,36,39,2016-05-04
2964,4,5,6,19,42,47,2016-05-01
2963,7,8,29,33,51,55,2016-04-27
2962,5,21,24,30,31,39,2016-04-24
2961,1,7,13,15,38,41,2016-04-20
2960,6,9,11,15,34,53,2016-04-17
2959,15,19,22,24,50,51,2016-04-13
2958,3,25,28,30,36,55,2016-04-10
2957,17,19,37,48,51,52,2016-04-06
2956,8,9,12,20,31,48,2016-04-03
2955,9,12,40,46,47,50,2016-03-30
2954,14,16,36,47,51,53,2016-03-27
2953,7,8,25,28,50,54,2016-03-23
2952,5,10,12,16,17,54,2016-03-20
2951,13,16,26,33,39,54,2016-03-16
2950,10,19,29,33,40,53,2016-03-13
2949,7,14,20,22,37,44,2016-03-09
2948,4,8,27,30,36,53,2016-03-06
2947,8,18,22,30,33,52,2016-03-02
2946,11,21,23,35,48,50,2016-02-28
2945,13,21,22,23,25,51,2016-02-24
2944,26,33,35,43,49,54,2016-02-21
2943,3,4,26,27,35,36,2016-02-17
2942,17,21,36,44,45,53,2016-02-14
2941,16,28,29,43,50,54,2016-02-10
2940,5,8,17,42,47,51,2016-02-07
2939,3,37,38,39,55,56,2016-02-03
2938,2,13,15,32,39,43,2016-01-31
2937,11,21,28,31,35,49,2016-01-27
2936,2,16,19,20,23,55,2016-01-24
2935,13,15,17,39,45,46,2016-01-20
2934,1,4,14,27,39,44,2016-01-17
2933,1,8,12,27,36,51,2016-01-13
2932,15,16,18,25,28,44,2016-01-10
2931,32,42,43,44,45,56,2016-01-06
2930,5,7,24,36,42,43,2016-01-03
2929,3,8,13,21,23,31,2015-12-30
2928,4,11,22,26,42,51,2015-12-27
2927,2,9,14,20,24,38,2015-12-23
2926,12,35,37,39,44,46,2015-12-20
2925,13,20,22,26,31,56,2015-12-16
2924,5,11,15,30,42,54,2015-12-13
2923,1,6,10,16,29,33,2015-12-09
2922,2,14,15,19,36,40,2015-12-06
2921,23,30,32,38,48,54,2015-12-02
2920,19,23,29,32,41,48,2015-11-29
2919,13,14,37,39,43,46,2015-11-25
2918,21,37,39,51,55,56,2015-11-22
2917,5,25,27,31,45,47,2015-11-18
2916,6,25,30,38,44,50,2015-11-15
2915,7,31,32,34,38,49,2015-11-11
2914,5,6,7,9,39,43,2015-11-08
2913,25,31,34,36,37,45,2015-11-04
2912,5,8,43,44,51,56,2015-11-01
2911,1,5,14,36,48,51,2015-10-28
2910,3,27,28,31,41,46,2015-10-25
2909,18,33,36,37,46,49,2015-10-21
2908,1,12,19,20,42,49,2015-10-18
2907,20,22,25,27,30,38,2015-10-14
2906,1,15,32,34,36,47,2015-10-11
2905,3,12,16,40,42,53,2015-10-07
2904,13,17,20,30,49,53,2015-10-04
2903,10,21,23,35,37,53,2015-09-30
2902,8,24,30,36,38,50,2015-09-27
2901,3,15,19,37,42,44,2015-09-23
2900,7,20,21,29,38,49,2015-09-20
2899,14,18,27,28,42,51,2015-09-16
2898,1,2,9,34,35,49,2015-09-13
2897,8,16,28,30,31,44,2015-09-09
2896,3,9,12,19,25,47,2015-09-06
2895,16,18,22,37,45,46,2015-09-02
2894,8,13,18,20,46,53,2015-08-30
2893,6,12,24,41,47,55,2015-08-26
2892,5,12,16,17,29,34,2015-08-23
2891,19,28,29,43,48,53,2015-08-19
2890,1,16,22,25,43,51,2015-08-16
2889,4,29,31,33,37,51,2015-08-12
2888,1,4,34,42,43,45,2015-08-09
2887,14,20,32,39,41,46,2015-08-05
2886,5,18,20,36,45,55,2015-08-02
2885,15,27,34,35,36,48,2015-07-29
2884,2,20,25,43,45,50,2015-07-26
2883,2,10,30,36,37,47,2015-07-22
2882,17,41,43,50,52,53,2015-07-19
2881,17,20,23,25,41,55,2015-07-15
2880,6,11,12,34,50,53,2015-07-12
2879,14,20,36,44,47,56,2015-07-08
2878,2,4,13,24,31,42,2015-07-05
2877,3,16,21,25,29,43,2015-07-01
2876,7,29,31,37,39,54,2015-06-28
2875,4,13,14,23,30,55,2015-06-24
2874,9,18,24,38,49,53,2015-06-21
2873,5,6,20,31,41,49,2015-06-17
2872,21,27,30,32,36,42,2015-06-14
2871,4,11,29,30,36,54,2015-06-10
2870,9,14,17,37,43,47,2015-06-07
2869,14,15,17,36,39,54,2015-06-03
2868,15,25,33,42,49,51,2015-05-31
2867,6,26,31,41,42,56,2015-05-27
2866,4,11,15,16,33,44,2015-05-24
2865,15,25,29,33,34,36,2015-05-20
2864,3,5,23,30,48,49,2015-05-17
2863,7,23,26,30,44,56,2015-05-13
2862,21,29,35,38,44,45,2015-05-10
2861,2,18,22,40,46,52,2015-05-06
2860,3,19,26,29,37,40,2015-05-03
2859,5,6,9,10,16,36,2015-04-29
2858,8,17,18,25,35,37,2015-04-26
2857,22,26,40,45,52,53,2015-04-22
2856,25,26,34,35,42,46,2015-04-19
2855,12,28,37,43,45,52,2015-04-15
2854,6,10,32,39,42,46,2015-04-12
2853,8,28,39,44,47,55,2015-04-08
2852,1,2,4,10,37,55,2015-04-05
2851,2,9,13,16,17,23,2015-04-01
2850,7,13,17,22,29,52,2015-03-29
2849,3,20,28,32,49,52,2015-03-25
2848,35,39,44,48,53,56,2015-03-22
2847,15,24,30,40,52,55,2015-03-18
2846,1,3,4,10,17,56,2015-03-15
2845,9,33,37,45,48,52,2015-03-11
2844,28,30,35,43,47,50,2015-03-08
2843,2,6,7,25,29,34,2015-03-04
2842,1,12,14,18,39,40,2015-03-01
2841,17,18,37,38,43,52,2015-02-25
2840,2,15,31,40,45,49,2015-02-22
2839,13,23,26,39,47,48,2015-02-18
2838,4,30,31,33,51,54,2015-02-15
2837,8,13,31,36,41,54,2015-02-11
2836,1,7,22,28,49,55,2015-02-08
2835,1,4,17,31,43,56,2015-02-04
2834,4,20,35,36,38,56,2015-02-01
2833,13,23,26,37,51,54,2015-01-28
2832,4,6,9,25,38,55,2015-01-25
2831,18,22,25,45,49,52,2015-01-21
2830,18,25,30,41,49,56,2015-01-18
2829,27,32,36,39,43,46,2015-01-14
2828,10,20,28,42,44,51,2015-01-11
2827,1,5,16,20,31,52,2015-01-07
2826,1,6,21,25,48,55,2015-01-04
2825,17,36,40,42,48,50,2014-12-31
2824,3,12,25,33,39,51,2014-12-28
2823,1,17,34,38,48,54,2014-12-24
2822,4,32,33,35,39,42,2014-12-21
2821,3,32,35,36,43,56,2014-12-17
2820,3,4,11,12,36,53,2014-12-14
2819,8,16,18,19,33,45,2014-12-10
2818,3,11,32,40,41,47,2014-12-07
2817,16,18,20,25,47,55,2014-12-03
2816,3,16,17,18,36,43,2014-11-30
2815,4,21,22,33,34,50,2014-11-26
2814,10,12,31,32,38,42,2014-11-23
2813,2,21,24,28,29,53,2014-11-19
2812,5,18,20,32,33,49,2014-11-16
2811,6,12,25,31,37,42,2014-11-12
2810,24,28,32,36,40,52,2014-11-09
2809,2,24,33,45,49,51,2014-11-05
2808,22,23,40,50,52,56,2014-11-02
2807,4,38,43,47,50,53,2014-10-29
2806,10,19,27,42,46,54,2014-10-26
2805,4,19,32,35,42,56,2014-10-22
2804,12,22,37,39,46,49,2014-10-19
2803,7,25,29,35,43,54,2014-10-15
2802,2,6,27,41,44,46,2014-10-12
2801,5,13,21,43,45,53,2014-10-08
2800,7,17,22,32,42,53,2014-10-05
2799,8,24,27,38,51,52,2014-10-01
2798,2,13,16,29,45,49,2014-09-28
2797,17,29,31,35,46,54,2014-09-24
2796,4,41,45,52,53,55,2014-09-21
2795,24,28,30,32,37,47,2014-09-17
2794,7,10,28,33,41,45,2014-09-14
2793,16,22,27,28,30,49,2014-09-10
2792,3,4,15,18,21,34,2014-09-07
2791,1,7,16,22,34,55,2014-09-03
2790,1,16,45,46,53,54,2014-08-31
2789,16,24,47,50,52,55,2014-08-27
2788,6,12,13,24,36,53,2014-08-24
2787,16,24,27,29,35,53,2014-08-20
2786,4,23,28,44,45,48,2014-08-17
2785,13,20,35,36,37,52,2014-08-13
2784,19,29,33,34,43,46,2014-08-10
2783,6,7,15,23,31,46,2014-08-06
2782,18,20,27,38,47,54,2014-08-03
2781,6,26,29,41,46,48,2014-07-30
2780,2,3,15,16,26,47,2014-07-27
2779,14,16,17,31,48,56,2014-07-23
2778,4,10,13,31,38,54,2014-07-20
2777,16,19,28,34,48,49,2014-07-16
2776,1,26,39,40,41,52,2014-07-13
2775,3,20,22,31,43,52,2014-07-09
2774,5,25,26,29,32,37,2014-07-06
2773,13,19,21,25,54,56,2014-07-02
2772,8,17,20,22,28,44,2014-06-29
2771,4,5,14,39,42,45,2014-06-25
2770,5,25,32,35,40,51,2014-06-22
2769,20,30,35,40,41,45,2014-06-18
2768,6,13,27,46,52,55,2014-06-15
2767,3,4,7,24,28,56,2014-06-11
2766,8,24,30,31,43,44,2014-06-08
2765,23,25,26,28,55,56,2014-06-04
2764,8,9,17,34,38,53,2014-06-01
2763,17,18,31,39,47,54,2014-05-28
2762,5,15,17,22,38,46,2014-05-25
2761,24,32,39,43,47,51,2014-05-21
2760,1,5,20,27,35,54,2014-05-18
2759,11,13,19,25,36,37,2014-05-14
2758,9,22,44,45,48,49,2014-05-11
2757,32,34,35,36,50,55,2014-05-07
2756,12,19,33,34,41,55,2014-05-04
2755,4,12,16,20,22,47,2014-04-30
2754,8,10,23,26,44,56,2014-04-27
2753,17,26,28,31,37,47,2014-04-23
2752,7,10,14,22,39,54,2014-04-20
2751,2,21,24,32,37,47,2014-04-16
2750,14,24,46,54,55,56,2014-04-13
2749,1,2,4,22,36,37,2014-04-09
2748,24,33,36,43,48,52,2014-04-06
2747,3,4,15,26,42,47,2014-04-02
2746,2,21,27,29,33,47,2014-03-30
2745,15,19,21,24,38,48,2014-03-26
2744,4,5,20,36,41,53,2014-03-23
2743,14,23,26,31,37,45,2014-03-19
2742,25,33,34,50,52,53,2014-03-16
2741,3,4,13,22,27,29,2014-03-12
2740,3,9,21,27,46,48,2014-03-09
2739,10,14,36,49,51,54,2014-03-05
2738,11,12,28,30,50,54,2014-03-02
2737,1,11,14,22,27,34,2014-02-26
2736,7,17,18,29,33,52,2014-02-23
2735,1,26,33,34,44,45,2014-02-19
2734,5,26,27,30,44,51,2014-02-16
2733,7,18,23,24,31,56,2014-02-12
2732,14,17,18,39,46,53,2014-02-09
2731,15,19,29,50,51,53,2014-02-05
2730,17,23,32,34,40,41,2014-02-02
2729,2,10,34,36,42,50,2014-01-29
2728,17,21,23,32,34,45,2014-01-26
2727,8,19,40,42,50,52,2014-01-22
2726,4,7,8,12,25,50,2014-01-19
2725,7,18,19,38,50,56,2014-01-15
2724,2,13,19,30,38,56,2014-01-12
2723,2,32,37,39,48,52,2014-01-08
2722,4,22,29,33,46,52,2014-01-05
2721,1,10,13,24,30,40,2014-01-01
2720,2,24,27,32,42,52,2013-12-29
2719,3,17,24,30,34,46,2013-12-25
2718,16,21,33,34,39,45,2013-12-22
2717,8,9,16,40,41,46,2013-12-18
2716,6,8,13,19,21,25,2013-12-15
2715,5,11,13,17,21,35,2013-12-11
2714,18,23,38,40,43,52,2013-12-08
2713,1,12,44,46,51,55,2013-12-04
2712,1,19,30,43,45,46,2013-12-01
2711,8,15,19,25,26,27,2013-11-27
2710,19,21,24,26,45,50,2013-11-24
2709,3,12,14,16,27,56,2013-11-20
2708,4,7,28,29,50,53,2013-11-17
2707,17,25,31,32,37,56,2013-11-13
2706,5,24,30,35,43,48,2013-11-10
2705,17,18,30,39,45,46,2013-11-06
2704,2,11,16,23,24,31,2013-11-03
2703,21,25,27,36,40,55,2013-10-30
2702,9,10,11,16,26,29,2013-10-27
2701,7,17,32,36,38,39,2013-10-23
2700,12,18,23,25,38,40,2013-10-20
2699,7,29,35,37,50,51,2013-10-16
2698,7,11,13,21,34,50,2013-10-13
2697,2,4,6,27,45,51,2013-10-09
2696,25,28,31,41,43,53,2013-10-06
2695,2,3,6,8,19,30,2013-10-02
2694,14,21,25,30,34,56,2013-09-29
2693,4,13,18,32,36,47,2013-09-25
2692,3,8,11,37,40,53,2013-09-22
2691,5,23,26,34,35,55,2013-09-18
2690,12,13,35,42,46,49,2013-09-15
2689,30,35,36,39,40,45,2013-09-11
2688,1,5,6,8,15,29,2013-09-08
2687,6,9,24,26,32,49,2013-09-04
2686,10,16,19,37,48,56,2013-09-01
2685,4,15,18,30,31,44,2013-08-28
2684,3,17,26,28,31,32,2013-08-25
2683,13,33,37,42,48,55,2013-08-21
2682,7,15,19,40,46,54,2013-08-18
2681,8,23,28,33,47,52,2013-08-14
2680,4,12,18,22,30,43,2013-08-11
2679,2,15,20,32,36,51,2013-08-07
2678,5,7,17,24,35,56,2013-08-04
2677,4,10,18,36,50,52,2013-07-31
2676,4,27,42,46,50,53,2013-07-28
2675,3,8,11,14,15,24,2013-07-24
2674,3,12,17,38,39,48,2013-07-21
2673,17,21,30,35,36,40,2013-07-17
2672,9,12,17,24,29,54,2013-07-14
2671,3,7,34,42,46,52,2013-07-10
2670,5,11,25,26,30,35,2013-07-07
2669,5,6,23,33,35,44,2013-07-03
2668,1,12,20,35,46,47,2013-06-30
2667,13,21,22,24,47,55,2013-06-26
2666,2,19,26,32,33,49,2013-06-23
2665,2,3,13,34,39,50,2013-06-19
2664,9,11,23,25,33,42,2013-06-16
2663,3,4,9,17,31,56,2013-06-12
2662,3,10,26,42,43,50,2013-06-09
2661,4,13,21,25,29,50,2013-06-05
2660,21,29,31,42,46,49,2013-06-02
2659,10,30,32,44,45,47,2013-05-29
2658,8,18,23,29,30,37,2013-05-26
2657,5,22,32,36,50,55,2013-05-22
2656,4,14,20,34,39,40,2013-05-19
2655,8,11,26,32,38,41,2013-05-15
2654,2,4,41,48,49,52,2013-05-12
2653,18,26,33,39,43,45,2013-05-08
2652,1,7,23,25,44,55,2013-05-05
2651,2,3,11,32,37,40,2013-05-01
2650,1,12,16,18,35,48,2013-04-28
2649,4,6,26,38,43,50,2013-04-24
2648,11,12,21,39,40,45,2013-04-21
2647,1,4,9,26,42,46,2013-04-17
2646,9,15,16,24,33,50,2013-04-14
2645,6,17,27,32,41,53,2013-04-10
2644,1,4,11,26,44,47,2013-04-07
2643,16,26,33,35,40,54,2013-04-03
2642,1,4,15,23,33,47,2013-03-31
2641,2,4,13,19,52,55,2013-03-27
2640,3,26,31,38,49,56,2013-03-24
2639,23,29,35,37,45,54,2013-03-20
2638,17,20,33,42,43,52,2013-03-17
2637,5,25,29,32,40,55,2013-03-13
2636,15,29,33,38,48,54,2013-03-10
2635,5,6,7,25,38,40,2013-03-06
2634,21,23,28,46,47,53,2013-03-03
2633,4,17,19,26,52,54,2013-02-27
2632,8,15,20,31,38,54,2013-02-24
2631,6,7,10,18,49,56,2013-02-20
2630,9,16,24,28,43,55,2013-02-17
2629,1,3,15,32,46,53,2013-02-13
2628,2,13,33,36,38,43,2013-02-10
2627,5,27,29,31,43,44,2013-02-06
2626,5,15,18,21,42,56,2013-02-03
2625,8,10,16,21,45,47,2013-01-30
2624,2,12,22,33,35,44,2013-01-27
2623,8,10,11,17,34,35,2013-01-23
2622,14,22,43,48,55,56,2013-01-20
2621,21,27,28,30,35,40,2013-01-16
2620,5,9,11,17,33,34,2013-01-13
2619,5,7,31,38,47,50,2013-01-09
2618,10,19,25,35,44,56,2013-01-06
2617,2,14,16,26,34,43,2013-01-02
2616,5,8,16,32,44,45,2012-12-30
2615,11,12,14,27,31,50,2012-12-26
2614,1,11,18,22,26,30,2012-12-23
2613,2,8,30,34,37,39,2012-12-19
2612,2,7,16,25,33,54,2012-12-16
2611,11,17,28,38,50,56,2012-12-12
2610,1,9,20,28,33,44,2012-12-09
2609,14,25,27,34,50,55,2012-12-05
2608,7,15,16,21,36,39,2012-12-02
2607,22,24,30,40,50,56,2012-11-28
2606,9,20,45,54,55,56,2012-11-25
2605,1,26,35,48,52,54,2012-11-21
2604,4,15,17,21,35,37,2012-11-18
2603,1,12,19,26,38,54,2012-11-14
2602,14,26,39,41,44,48,2012-11-11
2601,16,17,28,41,44,53,2012-11-07
2600,10,27,40,53,55,56,2012-11-04
2599,3,9,14,27,42,53,2012-10-31
2598,3,5,11,30,35,50,2012-10-28
2597,1,37,38,39,41,51,2012-10-24
2596,11,13,22,26,36,48,2012-10-21
2595,12,16,30,32,40,54,2012-10-17
2594,12,13,17,26,41,55,2012-10-14
2593,6,21,25,36,41,48,2012-10-10
2592,13,18,20,34,51,55,2012-10-07
2591,6,13,23,30,33,45,2012-10-03
2590,4,16,26,31,33,36,2012-09-30
2589,13,14,24,31,50,55,2012-09-26
2588,4,11,16,17,20,45,2012-09-23
2587,1,13,24,25,43,46,2012-09-19
2586,8,21,24,33,34,40,2012-09-16
2585,10,16,26,33,34,55,2012-09-12
2584,15,20,29,50,53,56,2012-09-09
2583,5,16,31,38,40,53,2012-09-05
2582,3,5,10,12,20,37,2012-09-02
2581,12,14,15,24,44,50,2012-08-29
2580,3,18,22,23,25,37,2012-08-26
2579,11,15,26,43,51,53,2012-08-22
2578,9,28,31,39,47,52,2012-08-19
2577,3,7,33,50,52,56,2012-08-15
2576,5,21,32,34,41,53,2012-08-12
2575,6,7,9,17,29,46,2012-08-08
2574,19,24,25,27,30,36,2012-08-05
2573,5,7,9,10,25,45,2012-08-01
2572,1,27,34,41,50,56,2012-07-29
2571,2,6,18,25,51,55,2012-07-25
2570,3,23,36,39,41,48,2012-07-22
2569,13,21,28,29,30,39,2012-07-18
2568,15,23,37,40,48,49,2012-07-15
2567,2,13,24,49,53,55,2012-07-11
2566,4,22,26,27,37,41,2012-07-08
2565,3,13,25,35,41,50,2012-07-04
2564,4,20,22,41,49,51,2012-07-01
2563,5,10,14,20,25,51,2012-06-27
2562,1,16,31,35,45,46,2012-06-24
2561,3,13,15,18,40,54,2012-06-20
2560,2,6,8,12,31,49,2012-06-17
2559,8,13,16,20,37,43,2012-06-13
2558,3,9,37,39,40,54,2012-06-10
2557,10,12,16,21,47,49,2012-06-06
2556,5,9,25,36,40,48,2012-06-03
2555,15,28,31,43,49,52,2012-05-30
2554,4,8,15,29,30,52,2012-05-27
2553,5,7,15,18,23,37,2012-05-23
2552,19,24,29,39,49,51,2012-05-20
2551,2,14,19,21,26,40,2012-05-16
2550,2,4,6,18,42,51,2012-05-13
2549,2,10,17,19,20,44,2012-05-09
2548,8,18,25,28,29,30,2012-05-06
2547,5,11,24,25,29,36,2012-05-02
2546,11,14,25,29,53,55,2012-04-29
2545,7,23,28,30,45,47,2012-04-25
2544,7,9,14,24,48,56,2012-04-22
2543,6,11,24,33,49,56,2012-04-18
2542,1,3,12,29,50,52,2012-04-15
2541,1,9,27,42,50,53,2012-04-11
2540,13,20,23,33,39,51,2012-04-08
2539,5,13,25,46,52,56,2012-04-04
2538,10,36,42,50,51,55,2012-04-01
2537,4,21,44,48,49,56,2012-03-28
2536,6,9,16,26,51,54,2012-03-25
2535,23,24,26,35,36,38,2012-03-21
2534,6,28,36,38,39,41,2012-03-18
2533,7,22,30,31,38,44,2012-03-14
2532,14,15,28,31,40,50,2012-03-11
2531,4,5,7,29,36,37,2012-03-07
2530,7,10,18,20,42,48,2012-03-04
2529,3,13,15,16,17,24,2012-02-29
2528,26,28,33,44,46,54,2012-02-26
2527,10,20,23,53,55,56,2012-02-22
2526,2,29,34,39,49,54,2012-02-19
2525,7,12,24,25,44,47,2012-02-15
2524,2,5,20,24,36,37,2012-02-12
2523,6,8,20,29,40,44,2012-02-08
2522,3,12,19,31,37,49,2012-02-05
2521,3,5,35,38,52,56,2012-02-01
2520,12,22,26,42,53,56,2012-01-29
2519,19,21,25,39,48,53,2012-01-25
2518,9,20,36,51,53,54,2012-01-22
2517,24,28,30,35,36,45,2012-01-18
2516,1,6,27,31,45,49,2012-01-15
2515,13,19,25,27,31,47,2012-01-11
2514,10,15,19,26,38,44,2012-01-08
2513,9,17,23,47,50,55,2012-01-04
2512,2,19,23,29,43,45,2012-01-01
2511,11,22,30,41,42,56,2011-12-28
2510,3,12,18,27,34,48,2011-12-25
2509,10,11,13,44,52,55,2011-12-21
2508,2,5,16,32,46,50,2011-12-18
2507,21,25,26,38,47,51,2011-12-14
2506,8,9,28,34,42,49,2011-12-11
2505,6,31,34,35,45,55,2011-12-07
2504,7,18,23,27,45,54,2011-12-04
2503,1,14,23,29,45,52,2011-11-30
2502,7,9,10,15,39,44,2011-11-27
2501,6,7,9,39,42,53,2011-11-23
2500,1,13,17,51,53,55,2011-11-20
2499,12,16,18,27,30,51,2011-11-16
2498,4,25,39,41,46,49,2011-11-13
2497,3,36,37,39,40,49,2011-11-09
2496,5,9,18,19,27,51,2011-11-06
2495,7,20,30,37,46,48,2011-11-02
2494,3,20,31,51,52,54,2011-10-30
2493,5,14,18,23,34,42,2011-10-26
2492,5,24,27,32,33,36,2011-10-23
2491,2,4,10,19,30,46,2011-10-19
2490,14,24,26,31,44,56,2011-10-16
2489,1,10,29,31,39,44,2011-10-12
2488,13,22,34,42,44,48,2011-10-09
2487,14,24,46,51,53,56,2011-10-05
2486,26,40,43,44,51,55,2011-10-02
2485,4,20,26,37,51,56,2011-09-28
2484,12,24,28,40,49,53,2011-09-25
2483,5,20,32,36,45,54,2011-09-21
2482,2,5,19,47,50,52,2011-09-18
2481,7,10,12,18,21,27,2011-09-14
2480,30,36,46,52,53,54,2011-09-11
2479,12,15,18,28,36,48,2011-09-07
2478,1,13,14,22,30,43,2011-09-04
2477,3,5,16,32,38,40,2011-08-31
2476,9,13,23,26,27,29,2011-08-28
2475,10,37,39,41,42,46,2011-08-24
2474,13,21,26,29,43,46,2011-08-21
2473,2,11,16,26,28,35,2011-08-17
2472,4,16,29,37,48,56,2011-08-14
2471,5,15,17,33,50,54,2011-08-10
2470,2,9,35,40,49,55,2011-08-07
2469,4,15,24,39,44,47,2011-08-03
2468,5,32,40,41,43,44,2011-07-31
2467,6,22,37,38,39,54,2011-07-27
2466,2,11,17,25,49,52,2011-07-24
2465,2,20,36,38,41,55,2011-07-20
2464,18,25,30,34,36,47,2011-07-17
2463,13,22,30,33,49,56,2011-07-13
2462,5,41,45,51,52,53,2011-07-10
2461,1,3,15,19,24,39,2011-07-06
2460,4,10,18,23,40,48,2011-07-03
2459,3,18,22,39,47,53,2011-06-29
2458,7,10,40,42,50,53,2011-06-26
2457,18,19,26,43,46,51,2011-06-22
2456,18,39,40,50,54,56,2011-06-19
2455,2,9,15,41,42,44,2011-06-15
2454,7,11,14,21,52,56,2011-06-12
2453,8,18,26,33,41,43,2011-06-08
2452,2,17,23,24,51,55,2011-06-05
2451,20,22,23,33,43,44,2011-06-01
2450,4,13,14,42,45,56,2011-05-29
2449,1,19,21,37,49,53,2011-05-25
2448,7,16,18,23,35,48,2011-05-22
2447,1,6,13,42,48,54,2011-05-18
2446,9,15,22,26,46,47,2011-05-15
2445,1,3,7,12,15,33,2011-05-11
2444,1,6,29,31,35,37,2011-05-08
2443,2,7,11,36,42,49,2011-05-04
2442,16,22,40,42,44,53,2011-05-01
2441,30,33,38,39,55,56,2011-04-27
2440,5,14,18,27,53,55,2011-04-24
2439,28,31,33,36,38,43,2011-04-20
2438,3,5,15,25,36,41,2011-04-17
2437,8,22,23,32,37,54,2011-04-13
2436,7,9,19,26,31,44,2011-04-10
2435,4,8,13,17,20,29,2011-04-06
2434,5,6,26,33,35,38,2011-04-03
2433,4,8,33,35,36,55,2011-03-30
2432,13,16,26,34,35,52,2011-03-27
2431,1,2,3,39,46,50,2011-03-23
2430,14,15,17,18,33,38,2011-03-20
2429,2,27,28,33,45,50,2011-03-16
2428,4,16,33,43,46,48,2011-03-13
2427,5,17,21,24,26,47,2011-03-09
2426,1,11,24,31,34,47,2011-03-06
2425,6,7,14,18,28,46,2011-03-02
2424,1,11,14,38,41,43,2011-02-27
2423,2,11,16,42,49,50,2011-02-23
2422,9,11,23,33,45,56,2011-02-20
2421,10,13,18,22,35,44,2011-02-16
2420,4,5,13,19,25,52,2011-02-13
2419,9,19,29,33,46,50,2011-02-09
2418,1,8,14,34,37,47,2011-02-06
2417,29,30,36,44,46,53,2011-02-02
2416,8,22,30,49,50,53,2011-01-30
2415,4,18,20,23,41,44,2011-01-26
2414,15,18,40,42,51,54,2011-01-23
2413,23,28,34,40,45,50,2011-01-19
2412,7,8,14,30,43,46,2011-01-16
2411,21,27,31,44,52,56,2011-01-12
2410,1,15,24,36,47,49,2011-01-09
2409,2,9,10,17,28,40,2011-01-05
2408,8,13,19,33,40,54,2011-01-02
2407,12,24,27,32,33,43,2010-12-29
2406,26,27,35,36,38,51,2010-12-26
2405,12,19,23,30,47,48,2010-12-22
2404,6,11,14,20,44,55,2010-12-19
2403,13,18,19,22,47,54,2010-12-15
2402,8,13,15,20,28,35,2010-12-12
2401,11,21,26,32,40,55,2010-12-08
2400,1,15,16,23,44,53,2010-12-05
2399,7,10,27,30,31,51,2010-12-01
2398,14,31,36,42,50,54,2010-11-28
2397,2,25,27,32,37,53,2010-11-24
2396,26,28,35,43,49,50,2010-11-21
2395,5,24,32,39,40,46,2010-11-17
2394,2,13,14,24,34,55,2010-11-14
2393,4,6,7,41,51,56,2010-11-10
2392,1,11,15,28,34,56,2010-11-07
2391,7,11,24,25,37,54,2010-11-03
2390,6,8,9,23,36,47,2010-10-31
2389,15,18,30,35,36,40,2010-10-27
2388,12,16,33,37,41,43,2010-10-24
2387,8,18,20,36,40,54,2010-10-20
2386,9,12,17,20,23,38,2010-10-17
2385,3,8,22,29,47,48,2010-10-13
2384,6,13,16,19,41,56,2010-10-10
2383,8,19,29,30,36,50,2010-10-06
2382,4,13,18,24,32,50,2010-10-03
2381,2,12,18,45,49,50,2010-09-29
2380,24,27,34,36,39,55,2010-09-26
2379,6,8,23,24,28,54,2010-09-22
2378,5,9,15,17,23,43,2010-09-19
2377,1,17,18,24,33,48,2010-09-15
2376,13,25,26,35,36,50,2010-09-12
2375,2,9,14,15,28,55,2010-09-08
2374,8,21,25,45,52,54,2010-09-05
2373,1,9,27,38,48,49,2010-09-01
2372,3,19,26,35,51,52,2010-08-29
2371,3,11,13,24,30,56,2010-08-25
2370,10,18,21,37,38,39,2010-08-22
2369,2,16,28,37,50,51,2010-08-18
2368,4,6,11,22,35,47,2010-08-15
2367,34,35,40,41,54,56,2010-08-11
2366,7,25,29,38,39,54,2010-08-08
2365,4,32,33,37,48,54,2010-08-04
2364,6,12,22,28,37,50,2010-08-01
2363,14,17,39,40,50,53,2010-07-28
2362,9,11,14,24,40,54,2010-07-25
2361,16,18,48,49,50,52,2010-07-21
2360,1,9,10,35,42,54,2010-07-18
2359,1,10,22,40,41,46,2010-07-14
2358,4,28,31,32,40,42,2010-07-11
2357,9,16,26,38,48,50,2010-07-07
2356,9,14,18,38,43,45,2010-07-04
2355,2,18,28,43,44,46,2010-06-30
2354,2,15,23,26,29,30,2010-06-27
2353,22,30,39,43,44,53,2010-06-23
2352,2,17,26,36,50,54,2010-06-20
2351,16,17,40,43,45,47,2010-06-16
2350,10,11,24,42,45,53,2010-06-13
2349,9,27,30,34,46,48,2010-06-09
2348,16,18,19,21,31,38,2010-06-06
2347,1,11,15,33,40,48,2010-06-02
2346,3,7,14,20,23,54,2010-05-30
2345,2,9,12,21,29,52,2010-05-26
2344,3,25,30,33,36,46,2010-05-23
2343,15,17,19,33,40,41,2010-05-19
2342,4,17,18,31,52,55,2010-05-16
2341,6,17,31,36,42,56,2010-05-12
2340,2,9,13,15,16,38,2010-05-09
2339,3,16,31,36,37,40,2010-05-05
2338,20,24,25,33,50,54,2010-05-02
2337,2,24,33,36,40,46,2010-04-28
2336,6,13,14,15,49,54,2010-04-25
2335,5,11,24,31,47,52,2010-04-21
2334,20,26,30,32,43,56,2010-04-18
2333,9,12,26,27,36,49,2010-04-14
2332,1,20,21,36,40,47,2010-04-11
2331,4,10,16,39,45,49,2010-04-07
2330,2,22,32,42,45,56,2010-04-04
2329,5,23,36,37,39,43,2010-03-31
2328,1,28,38,46,49,50,2010-03-28
2327,11,12,14,26,39,47,2010-03-24
2326,8,9,16,41,46,54,2010-03-21
2325,8,11,30,32,37,44,2010-03-17
2324,21,22,33,37,39,54,2010-03-14
2323,12,14,26,28,42,52,2010-03-10
2322,9,12,17,25,28,37,2010-03-07
2321,4,20,31,38,46,56,2010-03-03
2320,10,14,28,30,36,40,2010-02-28
2319,14,19,20,22,44,53,2010-02-24
2318,23,24,29,39,43,45,2010-02-21
2317,3,26,32,38,48,53,2010-02-17
2316,35,37,44,45,47,56,2010-02-14
2315,9,10,11,25,28,29,2010-02-10
2314,15,17,28,35,41,49,2010-02-07
2313,10,12,24,31,47,49,2010-02-03
2312,4,11,17,28,40,46,2010-01-31
2311,5,7,18,26,28,33,2010-01-27
2310,18,29,34,40,49,55,2010-01-24
2309,3,8,16,27,46,49,2010-01-20
2308,5,7,17,20,26,51,2010-01-17
2307,3,7,20,22,51,56,2010-01-13
2306,13,19,25,33,41,52,2010-01-10
2305,4,11,14,29,40,45,2010-01-06
2304,21,30,31,41,52,54,2010-01-03
2303,1,12,21,28,34,48,2009-12-30
2302,1,4,13,45,51,55,2009-12-27
2301,17,22,23,29,31,46,2009-12-23
2300,6,24,34,38,44,49,2009-12-20
2299,14,26,30,36,41,42,2009-12-16
2298,13,15,35,36,38,52,2009-12-13
2297,12,43,45,52,53,54,2009-12-09
2296,28,35,37,41,42,55,2009-12-06
2295,13,20,22,34,44,50,2009-12-02
2294,3,13,19,35,42,55,2009-11-29
2293,6,7,18,22,26,30,2009-11-25
2292,4,8,13,16,22,23,2009-11-22
2291,3,10,28,29,43,50,2009-11-18
2290,6,16,26,43,50,52,2009-11-15
2289,3,8,19,20,34,40,2009-11-11
2288,4,12,14,20,24,38,2009-11-08
2287,4,5,11,36,40,52,2009-11-04
2286,13,15,26,30,37,43,2009-11-01
2285,9,14,18,40,50,52,2009-10-28
2284,3,22,23,25,36,45,2009-10-25
2283,8,13,25,30,34,48,2009-10-21
2282,11,27,37,41,48,50,2009-10-18
2281,8,15,21,39,46,55,2009-10-14
2280,12,27,29,38,43,51,2009-10-11
2279,2,12,19,28,29,51,2009-10-07
2278,2,3,15,43,46,49,2009-10-04
2277,16,21,29,39,41,47,2009-09-30
2276,6,24,30,33,36,43,2009-09-27
2275,2,7,13,27,28,54,2009-09-23
2274,22,23,33,42,43,55,2009-09-20
2273,5,6,21,32,40,53,2009-09-16
2272,13,22,25,40,55,56,2009-09-13
2271,8,17,19,37,45,56,2009-09-09
2270,13,21,25,40,44,45,2009-09-06
2269,24,29,33,37,48,52,2009-09-02
2268,3,5,7,16,25,49,2009-08-30
2267,4,5,7,16,23,44,2009-08-26
2266,12,13,19,25,41,52,2009-08-23
2265,10,26,29,35,42,53,2009-08-19
2264,1,14,33,45,49,55,2009-08-16
2263,4,7,42,46,51,55,2009-08-12
2262,3,12,30,33,34,53,2009-08-09
2261,3,6,15,17,18,42,2009-08-05
2260,2,9,22,25,27,31,2009-08-02
2259,7,9,16,33,44,47,2009-07-29
2258,6,14,25,26,34,35,2009-07-26
2257,15,29,36,42,46,49,2009-07-22
2256,2,17,30,40,48,51,2009-07-19
2255,1,9,22,23,33,48,2009-07-15
2254,17,25,31,36,42,43,2009-07-12
2253,11,16,24,28,29,36,2009-07-08
2252,6,15,17,40,43,46,2009-07-05
2251,6,15,38,41,55,56,2009-07-01
2250,4,8,16,29,42,51,2009-06-28
2249,29,31,37,45,46,47,2009-06-24
2248,16,22,29,34,37,52,2009-06-21
2247,14,15,39,40,47,52,2009-06-17
2246,8,16,21,27,48,56,2009-06-14
2245,23,27,29,39,51,55,2009-06-10
2244,1,26,34,46,55,56,2009-06-07
2243,9,15,32,33,47,54,2009-06-03
2242,3,10,16,19,45,49,2009-05-31
2241,6,14,39,44,47,54,2009-05-27
2240,2,6,27,30,47,55,2009-05-24
2239,7,22,28,33,39,40,2009-05-20
2238,6,16,21,26,50,55,2009-05-17
2237,1,16,17,22,24,51,2009-05-13
2236,2,30,35,39,43,52,2009-05-10
2235,4,8,28,35,36,48,2009-05-06
2234,2,9,15,17,51,53,2009-05-03
2233,1,20,21,49,52,55,2009-04-29
2232,14,19,26,39,48,50,2009-04-26
2231,15,33,40,43,53,56,2009-04-22
2230,10,11,28,33,42,56,2009-04-19
2229,1,31,38,39,49,52,2009-04-15
2228,1,2,14,18,19,37,2009-04-12
2227,2,15,20,25,31,52,2009-04-08
2226,8,21,26,29,36,46,2009-04-05
2225,1,4,5,12,14,27,2009-04-01
2224,3,25,31,35,43,54,2009-03-29
2223,1,13,30,36,55,56,2009-03-25
2222,11,17,22,33,36,44,2009-03-22
2221,7,31,32,34,39,46,2009-03-18
2220,2,10,11,28,36,55,2009-03-15
2219,4,9,27,32,35,55,2009-03-11
2218,6,7,21,25,36,49,2009-03-08
2217,1,5,25,28,49,53,2009-03-04
2216,17,24,25,26,33,38,2009-03-01
2215,9,10,34,35,44,53,2009-02-25
2214,7,13,14,15,29,44,2009-02-22
2213,8,16,19,23,34,40,2009-02-18
2212,7,14,19,42,48,53,2009-02-15
2211,10,12,23,31,32,34,2009-02-11
2210,2,10,13,17,22,26,2009-02-08
2209,6,11,13,24,30,41,2009-02-04
2208,2,4,6,14,45,54,2009-02-01
2207,3,12,21,25,42,44,2009-01-28
2206,4,5,6,33,36,46,2009-01-25
2205,4,12,15,23,41,42,2009-01-21
2204,17,20,21,23,30,38,2009-01-18
2203,9,13,27,39,40,51,2009-01-14
2202,4,6,24,38,39,49,2009-01-11
2201,15,17,26,29,42,54,2009-01-07
2200,6,28,33,42,44,49,2009-01-04
2199,2,5,10,36,43,56,2008-12-31
2198,3,31,33,43,47,50,2008-12-28
2197,1,7,10,21,32,45,2008-12-24
2196,3,9,22,47,52,56,2008-12-21
2195,20,35,40,41,48,52,2008-12-17
2194,18,25,27,29,41,45,2008-12-14
2193,10,24,35,37,46,50,2008-12-10
2192,1,7,15,27,29,39,2008-12-07
2191,10,17,32,35,37,43,2008-12-03
2190,2,6,9,44,53,54,2008-11-30
2189,7,22,32,45,50,55,2008-11-26
2188,2,20,23,43,46,54,2008-11-23
2187,6,8,11,23,32,36,2008-11-19
2186,8,10,11,16,32,53,2008-11-16
2185,4,10,15,34,36,37,2008-11-12
2184,7,19,38,50,51,52,2008-11-09
2183,5,21,30,38,42,50,2008-11-05
2182,5,10,12,29,37,51,2008-11-02
2181,4,8,23,32,50,52,2008-10-29
2180,4,10,17,22,31,55,2008-10-26
2179,24,25,26,29,37,41,2008-10-22
2178,13,17,27,40,47,56,2008-10-19
2177,8,20,23,34,41,55,2008-10-15
2176,3,15,19,36,43,51,2008-10-12
2175,6,8,27,30,46,48,2008-10-08
2174,7,17,21,30,32,50,2008-10-05
2173,11,15,18,30,39,54,2008-10-01
2172,12,26,32,35,37,43,2008-09-28
2171,7,31,33,34,48,50,2008-09-24
2170,1,12,28,29,43,50,2008-09-21
2169,33,37,47,51,53,54,2008-09-17
2168,5,6,39,46,48,54,2008-09-14
2167,8,26,32,35,37,50,2008-09-10
2166,12,13,15,37,50,56,2008-09-07
2165,1,3,24,28,45,46,2008-09-03
2164,6,20,35,41,43,48,2008-08-31
2163,7,14,28,31,36,56,2008-08-27
2162,40,48,50,51,53,55,2008-08-24
2161,3,7,9,15,38,48,2008-08-20
2160,21,27,29,31,42,53,2008-08-17
2159,8,11,12,24,32,42,2008-08-13
2158,1,7,16,17,19,41,2008-08-10
2157,1,7,8,29,47,48,2008-08-06
2156,14,23,25,30,39,41,2008-08-03
2155,5,11,23,28,37,41,2008-07-30
2154,23,26,43,49,53,54,2008-07-27
2153,18,20,28,30,40,53,2008-07-23
2152,25,32,38,45,50,52,2008-07-20
2151,10,23,32,39,41,54,2008-07-16
2150,10,14,15,25,28,48,2008-07-13
2149,32,42,45,46,51,55,2008-07-09
2148,10,19,32,45,46,49,2008-07-06
2147,11,14,23,34,44,56,2008-07-02
2146,7,24,25,26,51,55,2008-06-29
2145,8,10,19,30,35,45,2008-06-25
2144,4,7,23,33,42,45,2008-06-22
2143,30,34,36,47,52,53,2008-06-18
2142,3,6,20,28,52,53,2008-06-15
2141,2,4,7,19,39,52,2008-06-11
2140,1,11,23,38,41,44,2008-06-08
2139,3,20,33,34,44,48,2008-06-04
2138,5,6,22,42,45,52,2008-06-01
2137,5,18,19,21,40,41,2008-05-28
2136,4,6,8,10,23,44,2008-05-25
2135,1,5,36,40,41,47,2008-05-21
2134,16,19,20,24,27,47,2008-05-18
2133,12,13,17,23,24,30,2008-05-14
2132,25,29,37,38,39,55,2008-05-11
2131,4,6,13,38,49,50,2008-05-07
2130,21,23,32,35,37,51,2008-05-04
2129,7,9,20,22,35,48,2008-04-30
2128,6,25,32,34,41,56,2008-04-27
2127,6,25,27,35,51,55,2008-04-23
2126,12,13,28,35,52,54,2008-04-20
2125,18,26,29,31,34,46,2008-04-16
2124,4,11,22,36,41,50,2008-04-13
2123,1,4,24,27,38,41,2008-04-09
2122,16,31,32,35,39,49,2008-04-06
2121,19,21,26,31,37,52,2008-04-02
2120,8,10,12,28,37,56,2008-03-30
2119,9,27,30,37,38,45,2008-03-26
2118,4,13,14,34,35,41,2008-03-23
2117,2,18,19,22,24,28,2008-03-19
2116,5,34,43,45,49,52,2008-03-16
2115,6,17,19,20,26,37,2008-03-12
2114,3,16,27,33,34,43,2008-03-09
2113,9,12,21,22,37,46,2008-03-05
2112,16,19,37,42,43,50,2008-03-02
2111,24,30,32,47,50,51,2008-02-27
2110,7,26,30,33,40,42,2008-02-24
2109,4,10,12,24,27,33,2008-02-20
2108,9,10,11,33,50,55,2008-02-17
2107,4,22,23,27,28,33,2008-02-13
2106,19,26,28,32,48,49,2008-02-10
2105,11,20,21,23,45,49,2008-02-06
2104,10,16,21,25,36,43,2008-02-03
2103,2,19,27,29,43,51,2008-01-30
2102,12,22,24,25,29,53,2008-01-27
2101,3,15,18,24,28,38,2008-01-23
2100,9,21,28,36,38,53,2008-01-20
2099,23,40,48,51,53,55,2008-01-16
2098,4,9,22,33,38,45,2008-01-13
2097,4,5,28,32,40,44,2008-01-09
2096,7,15,27,31,32,56,2008-01-06
2095,4,7,13,30,40,54,2008-01-02
2094,4,18,23,31,41,44,2007-12-30
2093,5,39,42,43,44,48,2007-12-26
2092,8,12,31,33,46,55,2007-12-23
2091,8,21,33,35,41,44,2007-12-19
2090,2,4,25,33,44,50,2007-12-16
2089,18,22,39,42,44,56,2007-12-12
2088,4,8,24,29,36,40,2007-12-09
2087,1,5,12,21,31,35,2007-12-05
2086,2,7,9,34,42,43,2007-12-02
2085,7,17,33,40,46,47,2007-11-28
2084,4,16,24,28,37,51,2007-11-25
2083,1,2,6,18,20,44,2007-11-21
2082,3,11,22,33,37,40,2007-11-18
2081,4,14,32,34,35,50,2007-11-14
2080,12,17,24,29,31,36,2007-11-11
2079,5,19,24,30,35,44,2007-11-07
2078,9,11,14,34,39,42,2007-11-04
2077,9,13,19,34,39,40,2007-10-31
2076,2,12,22,23,29,44,2007-10-28
2075,7,10,14,39,40,48,2007-10-24
2074,2,8,11,14,43,48,2007-10-21
2073,8,9,23,38,50,51,2007-10-17
2072,3,4,32,33,39,51,2007-10-14
2071,18,21,25,30,34,43,2007-10-10
2070,5,8,13,18,30,32,2007-10-07
2069,14,36,37,42,43,48,2007-10-03
2068,5,12,17,19,37,41,2007-09-30
2067,3,9,13,17,25,27,2007-09-26
2066,29,33,34,35,41,50,2007-09-23
2065,15,20,27,40,42,43,2007-09-19
2064,5,11,12,20,29,31,2007-09-16
2063,6,7,13,20,23,48,2007-09-12
2062,6,9,15,24,39,40,2007-09-09
2061,19,20,35,41,44,46,2007-09-05
2060,12,13,19,35,39,41,2007-09-02
2059,6,18,22,24,32,46,2007-08-29
2058,3,4,13,18,21,26,2007-08-26
2057,10,31,33,34,38,47,2007-08-22
2056,9,16,25,27,39,45,2007-08-19
2055,23,24,27,46,48,51,2007-08-15
2054,14,24,35,38,39,48,2007-08-12
2053,16,17,18,19,24,47,2007-08-08
2052,5,8,10,20,32,35,2007-08-05
2051,6,16,26,35,38,48,2007-08-01
2050,4,13,26,35,37,50,2007-07-29
2049,5,7,10,16,24,38,2007-07-25
2048,3,14,29,34,36,47,2007-07-22
2047,5,17,27,37,39,45,2007-07-18
2046,7,12,13,24,38,41,2007-07-15
2045,10,13,29,34,38,49,2007-07-11
2044,14,17,28,44,48,51,2007-07-08
2043,11,14,38,43,44,45,2007-07-04
2042,9,19,21,24,27,43,2007-07-01
2041,2,34,38,47,49,50,2007-06-27
2040,7,23,28,33,38,44,2007-06-24
2039,7,9,23,36,42,50,2007-06-20
2038,3,13,14,25,49,50,2007-06-17
2037,3,17,20,25,32,44,2007-06-13
2036,16,17,32,36,38,48,2007-06-10
2035,5,7,11,19,31,49,2007-06-06
2034,1,9,23,24,34,37,2007-06-03
2033,14,18,21,29,34,50,2007-05-30
2032,4,9,22,24,28,32,2007-05-27
2031,6,12,21,23,27,33,2007-05-23
2030,22,31,36,39,43,51,2007-05-20
2029,2,4,15,30,31,41,2007-05-16
2028,2,13,21,32,41,45,2007-05-13
2027,4,23,24,34,38,44,2007-05-09
2026,1,12,27,35,43,50,2007-05-06
2025,10,19,21,28,37,38,2007-05-02
2024,1,3,9,29,30,41,2007-04-29
2023,28,34,38,42,46,47,2007-04-25
2022,3,20,22,23,40,41,2007-04-22
2021,1,22,26,33,47,51,2007-04-18
2020,9,17,45,46,48,49,2007-04-15
2019,18,28,39,41,45,46,2007-04-11
2018,16,19,32,37,44,49,2007-04-08
2017,6,8,17,23,26,47,2007-04-04
2016,1,3,6,13,26,34,2007-04-01
2015,9,12,26,28,35,42,2007-03-28
2014,3,7,30,39,42,50,2007-03-25
2013,4,30,35,45,50,51,2007-03-21
2012,2,23,41,43,44,49,2007-03-18
2011,7,9,19,29,34,40,2007-03-14
2010,1,21,28,35,43,46,2007-03-11
2009,5,24,33,35,45,49,2007-03-07
2008,7,10,12,16,20,35,2007-03-04
2007,9,12,15,18,21,44,2007-02-28
2006,6,9,22,31,33,38,2007-02-25
2005,10,18,23,26,31,39,2007-02-21
2004,9,13,15,32,41,50,2007-02-18
2003,16,20,21,27,29,39,2007-02-14
2002,8,15,21,25,26,43,2007-02-11
2001,1,20,28,35,42,44,2007-02-07
2000,8,22,26,28,31,48,2007-02-04
1999,4,13,15,19,29,41,2007-01-31
1998,25,33,36,40,43,51,2007-01-28
1997,4,5,12,23,27,39,2007-01-24
1996,1,12,18,24,26,38,2007-01-21
1995,4,6,7,8,9,21,2007-01-17
1994,4,6,24,31,32,43,2007-01-14
1993,10,14,22,26,33,36,2007-01-10
1992,27,30,34,44,48,51,2007-01-07
1991,3,4,10,15,35,46,2007-01-03
1990,3,13,18,24,26,50,2006-12-31
1989,1,8,17,27,28,50,2006-12-27
1988,4,10,13,20,32,38,2006-12-24
1987,5,11,17,22,42,50,2006-12-20
1986,1,3,7,29,35,37,2006-12-17
1985,2,12,13,14,26,38,2006-12-13
1984,10,26,28,29,37,38,2006-12-10
1983,2,17,33,38,42,50,2006-12-06
1982,4,8,22,38,40,44,2006-12-03
1981,7,10,13,25,31,45,2006-11-29
1980,2,8,13,39,49,50,2006-11-26
1979,10,22,24,43,45,47,2006-11-22
1978,4,8,10,16,43,46,2006-11-19
1977,7,10,12,27,42,43,2006-11-15
1976,22,36,37,43,48,50,2006-11-12
1975,1,10,11,19,29,41,2006-11-08
1974,1,5,26,36,43,49,2006-11-05
1973,13,31,32,38,42,44,2006-11-01
1972,7,8,13,26,32,36,2006-10-29
1971,1,19,20,34,41,51,2006-10-25
1970,10,16,20,22,23,35,2006-10-22
1969,3,5,9,26,39,40,2006-10-18
1968,1,2,6,32,43,45,2006-10-15
1967,12,20,22,23,35,40,2006-10-11
1966,2,3,15,24,31,38,2006-10-08
1965,2,9,10,21,38,39,2006-10-04
1964,1,15,16,26,39,50,2006-10-01
1963,5,11,14,38,40,41,2006-09-27
1962,4,8,28,43,45,49,2006-09-24
1961,1,16,42,46,47,51,2006-09-20
1960,3,9,10,15,34,43,2006-09-17
1959,6,16,19,23,27,49,2006-09-13
1958,8,12,13,33,34,35,2006-09-10
1957,3,5,15,30,45,49,2006-09-06
1956,7,8,23,26,27,36,2006-09-03
1955,16,19,24,31,33,46,2006-08-30
1954,9,15,21,23,31,34,2006-08-27
1953,2,11,19,34,50,51,2006-08-23
1952,3,7,9,24,32,49,2006-08-20
1951,1,6,43,45,49,51,2006-08-16
1950,8,16,18,20,39,51,2006-08-13
1949,1,22,27,30,36,48,2006-08-09
1948,4,10,17,25,33,40,2006-08-06
1947,12,24,25,29,40,43,2006-08-02
1946,4,16,23,26,32,51,2006-07-30
1945,1,5,15,29,43,44,2006-07-26
1944,11,19,21,25,29,36,2006-07-23
1943,12,13,19,34,46,51,2006-07-19
1942,11,25,27,39,43,50,2006-07-16
1941,8,36,37,42,43,46,2006-07-12
1940,18,27,30,39,40,51,2006-07-09
1939,5,23,30,38,42,45,2006-07-05
1938,7,11,14,47,49,50,2006-07-02
1937,27,31,43,46,48,49,2006-06-28
1936,7,9,11,16,32,43,2006-06-25
1935,14,22,34,35,36,44,2006-06-21
1934,1,27,33,36,41,49,2006-06-18
1933,4,18,31,37,50,51,2006-06-14
1932,2,5,19,20,28,51,2006-06-11
1931,3,8,16,26,36,45,2006-06-07
1930,13,22,35,41,44,49,2006-06-04
1929,11,16,20,31,48,49,2006-05-31
1928,3,5,9,37,47,48,2006-05-28
1927,5,6,18,25,37,49,2006-05-24
1926,3,14,21,28,40,47,2006-05-21
1925,5,9,34,37,42,48,2006-05-17
1924,9,15,30,37,46,50,2006-05-14
1923,9,11,13,19,35,47,2006-05-10
1922,2,17,26,34,35,49,2006-05-07
1921,9,21,22,47,49,50,2006-05-03
1920,3,9,12,32,47,49,2006-04-30
1919,3,19,20,23,38,40,2006-04-26
1918,2,3,14,19,24,37,2006-04-23
1917,4,21,23,24,39,49,2006-04-19
1916,14,17,30,33,47,49,2006-04-16
1915,4,7,11,37,38,49,2006-04-12
1914,1,7,17,18,23,31,2006-04-09
1913,9,19,25,30,34,43,2006-04-05
1912,13,14,19,22,23,51,2006-04-02
1911,6,8,28,32,36,38,2006-03-29
1910,7,18,29,42,46,50,2006-03-26
1909,3,17,23,27,37,51,2006-03-22
1908,6,7,21,24,33,43,2006-03-19
1907,3,18,26,31,41,43,2006-03-15
1906,10,13,16,21,39,42,2006-03-12
1905,3,7,11,17,20,25,2006-03-08
1904,1,16,23,27,30,42,2006-03-05
1903,1,15,17,32,36,48,2006-03-01
1902,5,26,28,30,40,43,2006-02-26
1901,1,21,22,30,46,48,2006-02-22
1900,4,13,26,34,37,42,2006-02-19
1899,1,11,15,20,31,42,2006-02-15
1898,2,6,16,20,22,34,2006-02-12
1897,1,10,19,22,26,51,2006-02-08
1896,7,10,21,28,37,39,2006-02-05
1895,7,17,27,30,35,50,2006-02-01
1894,2,10,17,24,36,41,2006-01-29
1893,15,19,20,31,41,47,2006-01-25
1892,9,10,11,18,31,35,2006-01-22
1891,7,8,12,19,24,48,2006-01-18
1890,9,10,30,34,40,51,2006-01-15
1889,2,13,22,28,34,40,2006-01-11
1888,2,4,13,29,33,37,2006-01-08
1887,5,9,14,15,26,44,2006-01-04
1886,2,13,17,38,44,46,2006-01-01
1885,13,16,21,37,40,46,2005-12-28
1884,6,33,36,41,47,50,2005-12-25
1883,3,16,23,28,40,51,2005-12-21
1882,4,8,14,17,30,33,2005-12-18
1881,24,26,27,29,34,50,2005-12-14
1880,11,28,32,34,39,42,2005-12-11
1879,1,11,20,21,23,49,2005-12-07
1878,7,12,15,18,35,45,2005-12-04
1877,10,12,30,35,44,45,2005-11-30
1876,17,24,33,35,38,44,2005-11-27
1875,2,9,22,28,33,40,2005-11-23
1874,1,5,7,10,16,19,2005-11-20
1873,2,9,21,28,37,45,2005-11-16
1872,4,6,25,31,38,46,2005-11-13
1871,7,10,16,18,19,23,2005-11-09
1870,10,16,17,33,39,41,2005-11-06
1869,2,18,23,27,32,38,2005-11-02
1868,20,32,33,42,43,44,2005-10-30
1867,1,10,11,18,42,44,2005-10-26
1866,1,9,11,18,45,46,2005-10-23
1865,7,9,16,29,35,42,2005-10-19
1864,9,10,24,37,42,46,2005-10-16
1863,9,25,37,43,45,46,2005-10-12
1862,13,23,35,36,42,43,2005-10-09
1861,3,20,27,30,32,37,2005-10-05
1860,25,26,27,34,43,45,2005-10-02
1859,5,10,18,20,33,42,2005-09-28
1858,1,8,10,15,37,41,2005-09-25
1857,3,12,32,40,45,46,2005-09-21
1856,4,15,22,31,33,39,2005-09-18
1855,4,6,7,23,28,34,2005-09-14
1854,3,26,29,30,32,41,2005-09-11
1853,1,8,9,16,21,29,2005-09-07
1852,2,7,8,36,41,43,2005-09-04
1851,7,19,21,22,37,40,2005-08-31
1850,6,19,29,32,42,47,2005-08-28
1849,1,2,17,23,34,41,2005-08-24
1848,8,11,13,15,17,34,2005-08-21
1847,16,20,24,28,43,44,2005-08-17
1846,10,19,21,29,41,45,2005-08-14
1845,23,26,27,28,30,38,2005-08-10
1844,11,13,14,32,37,43,2005-08-07
1843,4,6,9,17,36,39,2005-08-03
1842,16,19,29,30,38,44,2005-07-31
1841,17,20,29,32,37,46,2005-07-27
1840,9,10,20,23,37,43,2005-07-24
1839,14,30,34,36,41,43,2005-07-20
1838,2,13,16,20,24,46,2005-07-17
1837,2,10,15,20,31,46,2005-07-13
1836,4,7,15,30,34,45,2005-07-10
1835,14,18,26,42,43,47,2005-07-06
1834,4,11,12,19,38,41,2005-07-03
1833,4,16,29,34,42,43,2005-06-29
1832,3,13,19,25,31,36,2005-06-26
1831,1,2,3,11,16,29,2005-06-22
1830,5,8,15,25,35,37,2005-06-19
1829,7,8,17,32,33,38,2005-06-15
1828,3,15,33,39,44,45,2005-06-12
1827,6,22,34,35,42,43,2005-06-08
1826,6,7,9,17,18,44,2005-06-05
1825,11,18,19,22,40,47,2005-06-01
1824,8,12,25,42,45,47,2005-05-29
1823,4,17,30,35,36,45,2005-05-25
1822,7,9,12,35,39,44,2005-05-22
1821,2,12,13,33,45,46,2005-05-18
1820,10,15,20,24,35,44,2005-05-15
1819,1,11,16,25,30,31,2005-05-11
1818,2,11,19,25,28,36,2005-05-08
1817,10,14,21,22,42,44,2005-05-04
1816,18,29,32,40,42,43,2005-05-01
1815,2,4,9,18,23,37,2005-04-27
1814,4,10,14,36,45,47,2005-04-24
1813,1,5,21,28,43,46,2005-04-20
1812,5,6,11,16,34,38,2005-04-17
1811,12,13,37,39,41,47,2005-04-13
1810,4,6,28,33,38,44,2005-04-10
1809,23,25,36,38,43,47,2005-04-06
1808,3,10,14,23,26,37,2005-04-03
1807,5,11,27,38,39,44,2005-03-30
1806,3,7,11,14,21,24,2005-03-27
1805,3,5,16,36,40,47,2005-03-23
1804,5,21,30,35,40,47,2005-03-20
1803,3,11,23,31,32,47,2005-03-16
1802,4,14,17,24,46,47,2005-03-13
1801,27,29,31,32,34,43,2005-03-09
1800,19,25,31,37,43,44,2005-03-06
1799,1,15,27,29,34,35,2005-03-02
1798,4,9,15,18,40,45,2005-02-27
1797,11,29,33,36,39,45,2005-02-23
1796,19,28,32,36,37,39,2005-02-20
1795,13,20,22,28,29,34,2005-02-16
1794,4,14,15,23,37,44,2005-02-13
1793,9,10,13,15,25,27,2005-02-09
1792,4,5,8,34,43,45,2005-02-06
1791,17,19,33,34,39,43,2005-02-02
1790,2,4,21,26,36,45,2005-01-30
1789,2,5,9,27,34,41,2005-01-26
1788,10,17,38,43,45,47,2005-01-23
1787,2,8,9,25,39,42,2005-01-19
1786,8,16,22,25,28,47,2005-01-16
1785,8,9,17,19,23,47,2005-01-12
1784,6,17,23,25,29,40,2005-01-09
1783,1,8,9,23,39,42,2005-01-05
1782,8,12,26,32,39,45,2005-01-02
1781,2,5,7,23,28,46,2004-12-29
1780,7,8,16,20,24,38,2004-12-26
1779,9,11,14,17,19,21,2004-12-22
1778,7,14,20,37,40,46,2004-12-19
1777,2,9,18,25,28,42,2004-12-15
1776,2,15,26,34,37,42,2004-12-12
1775,2,3,35,39,40,47,2004-12-08
1774,13,14,17,20,25,47,2004-12-05
1773,7,11,13,16,31,34,2004-12-01
1772,2,3,21,24,26,28,2004-11-28
1771,11,12,18,20,30,32,2004-11-24
1770,14,16,21,27,42,45,2004-11-21
1769,1,12,15,36,41,45,2004-11-17
1768,4,7,26,30,33,36,2004-11-14
1767,19,21,24,36,41,46,2004-11-10
1766,1,11,13,22,27,28,2004-11-07
1765,5,7,12,13,16,29,2004-11-03
1764,1,6,13,15,44,47,2004-10-31
1763,7,13,16,19,20,46,2004-10-27
1762,14,20,24,28,30,45,2004-10-24
1761,9,29,32,37,39,42,2004-10-20
1760,8,15,28,36,39,41,2004-10-17
1759,2,10,19,32,34,37,2004-10-13
1758,12,23,27,30,40,41,2004-10-10
1757,12,15,41,43,45,46,2004-10-06
1756,6,10,17,30,37,46,2004-10-03
1755,1,8,28,32,35,43,2004-09-29
1754,6,9,11,13,33,36,2004-09-26
1753,2,9,16,31,32,44,2004-09-22
1752,7,10,11,28,38,45,2004-09-19
1751,2,10,20,32,33,38,2004-09-15
1750,4,5,12,14,22,31,2004-09-12
1749,11,16,25,30,31,36,2004-09-08
1748,1,7,9,29,37,45,2004-09-05
1747,3,17,21,24,32,42,2004-09-01
1746,3,21,22,26,31,37,2004-08-29
1745,22,23,26,29,30,35,2004-08-25
1744,1,7,8,25,35,39,2004-08-22
1743,1,13,14,26,33,42,2004-08-18
1742,13,16,19,23,28,31,2004-08-15
1741,2,6,9,18,19,35,2004-08-11
1740,1,2,4,12,14,34,2004-08-08
1739,1,7,21,25,36,46,2004-08-04
1738,2,4,13,23,28,40,2004-08-01
1737,5,18,20,22,24,31,2004-07-28
1736,4,11,24,29,30,40,2004-07-25
1735,4,11,13,14,26,47,2004-07-21
1734,6,8,9,31,35,37,2004-07-18
1733,9,11,13,24,37,47,2004-07-14
1732,3,14,24,26,28,46,2004-07-11
1731,10,14,31,32,38,45,2004-07-07
1730,7,29,36,37,39,46,2004-07-04
1729,2,8,24,35,43,46,2004-06-30
1728,5,15,29,33,39,44,2004-06-27
1727,6,18,29,30,37,41,2004-06-23
1726,7,9,13,26,32,39,2004-06-20
1725,10,11,15,17,30,47,2004-06-16
1724,3,11,27,33,45,47,2004-06-13
1723,4,10,13,14,27,30,2004-06-09
1722,1,3,11,13,14,43,2004-06-06
1721,9,10,24,32,33,40,2004-06-02
1720,15,17,23,33,34,38,2004-05-30
1719,4,6,7,18,39,47,2004-05-26
1718,2,5,19,21,24,33,2004-05-23
1717,2,7,9,10,21,45,2004-05-19
1716,2,27,29,36,37,42,2004-05-16
1715,1,2,22,34,39,40,2004-05-12
1714,4,29,33,35,39,43,2004-05-09
1713,3,7,13,14,16,30,2004-05-05
1712,8,14,21,28,40,41,2004-05-02
1711,5,7,12,18,25,46,2004-04-28
1710,1,4,5,13,20,26,2004-04-25
1709,10,11,16,18,20,37,2004-04-21
1708,7,9,27,30,35,44,2004-04-18
1707,1,20,21,25,37,44,2004-04-14
1706,8,12,39,41,43,47,2004-04-11
1705,5,11,22,23,31,36,2004-04-07
1704,2,9,14,32,36,47,2004-04-04
1703,16,21,22,34,37,45,2004-03-31
1702,2,5,24,25,30,40,2004-03-28
1701,10,17,25,35,46,47,2004-03-24
1700,5,9,11,13,22,24,2004-03-21
1699,15,34,39,43,44,46,2004-03-17
1698,10,22,24,28,36,42,2004-03-14
1697,2,10,17,35,46,47,2004-03-10
1696,19,21,27,28,31,47,2004-03-07
1695,1,11,14,25,26,46,2004-03-03
1694,22,36,37,40,41,44,2004-02-29
1693,15,17,20,21,30,38,2004-02-25
1692,6,18,20,28,30,42,2004-02-22
1691,16,17,18,24,29,35,2004-02-18
1690,3,27,32,33,39,44,2004-02-15
1689,2,20,24,26,28,41,2004-02-11
1688,10,16,31,42,44,46,2004-02-08
1687,10,17,24,38,39,41,2004-02-04
1686,5,9,37,39,40,47,2004-02-01
1685,4,9,19,22,31,35,2004-01-28
1684,4,10,12,17,32,43,2004-01-25
1683,1,28,33,36,40,42,2004-01-21
1682,3,19,21,22,24,33,2004-01-18
1681,3,7,11,20,31,35,2004-01-14
1680,5,24,27,32,34,37,2004-01-11
1679,4,5,10,12,16,43,2004-01-07
1678,3,6,9,14,29,42,2004-01-04
1677,2,5,8,9,15,34,2003-12-31
1676,2,16,19,30,31,35,2003-12-28
1675,10,14,16,24,32,38,2003-12-24
1674,6,14,18,19,28,37,2003-12-21
1673,8,12,24,30,38,45,2003-12-17
1672,5,9,11,19,22,43,2003-12-17
1671,2,5,9,12,20,34,2003-12-10
1670,2,7,24,26,43,47,2003-12-07
1669,4,8,11,24,28,46,2003-12-03
1668,1,2,20,26,29,34,2003-11-30
1667,5,10,25,35,37,38,2003-11-26
1666,13,16,31,37,39,45,2003-11-23
1665,7,12,15,16,44,47,2003-11-19
1664,2,16,31,33,37,42,2003-11-16
1663,1,4,8,11,18,36,2003-11-12
1662,7,20,32,35,36,41,2003-11-09
1661,3,22,30,33,35,45,2003-11-05
1660,7,11,14,20,27,41,2003-11-02
1659,1,3,15,17,19,30,2003-10-29
1658,5,26,31,39,42,45,2003-10-26
1657,4,8,13,14,22,39,2003-10-22
1656,11,17,24,28,43,46,2003-10-19
1655,3,6,15,25,35,39,2003-10-15
1654,2,4,13,29,33,44,2003-10-12
1653,5,6,11,40,46,47,2003-10-08
1652,4,28,30,32,34,44,2003-10-05
1651,10,11,16,32,42,43,2003-10-01
1650,19,23,24,30,35,39,2003-09-28
1649,1,16,29,31,33,42,2003-09-24
1648,2,6,18,33,37,41,2003-09-21
1647,9,24,30,34,41,45,2003-09-17
1646,8,13,20,37,39,41,2003-09-14
1645,2,4,19,27,36,42,2003-09-10
1644,2,17,20,21,32,39,2003-09-07
1643,8,16,18,30,31,39,2003-09-03
1642,12,26,30,33,35,46,2003-08-31
1641,12,32,34,36,38,40,2003-08-27
1640,5,18,25,28,29,32,2003-08-24
1639,10,15,21,34,38,39,2003-08-20
1638,3,8,13,31,37,44,2003-08-17
1637,2,9,27,36,41,45,2003-08-13
1636,3,14,25,30,32,34,2003-08-10
1635,3,4,20,25,34,39,2003-08-06
1634,3,9,17,18,30,31,2003-08-03
1633,15,18,35,38,39,42,2003-07-30
1632,6,14,18,20,42,43,2003-07-27
1631,6,11,17,33,43,47,2003-07-23
1630,12,18,19,25,30,35,2003-07-20
1629,2,4,13,22,43,46,2003-07-16
1628,11,16,25,33,40,43,2003-07-13
1627,3,13,17,32,36,40,2003-07-09
1626,1,3,9,18,33,42,2003-07-06
1625,1,10,16,26,32,41,2003-07-02
1624,3,8,15,16,26,43,2003-06-29
1623,13,19,24,32,37,42,2003-06-25
1622,1,9,36,37,42,45,2003-06-22
1621,12,17,20,23,30,43,2003-06-18
1620,1,20,25,28,41,46,2003-06-15
1619,4,19,24,27,31,37,2003-06-11
1618,9,12,15,22,25,26,2003-06-08
1617,2,7,8,11,15,46,2003-06-04
1616,9,23,27,30,32,35,2003-06-01
1615,8,9,11,28,31,32,2003-05-28
1614,4,8,13,23,24,38,2003-05-25
1613,15,17,21,25,28,29,2003-05-21
1612,4,18,27,34,36,41,2003-05-18
1611,9,25,27,36,39,43,2003-05-14
1610,11,14,20,24,33,42,2003-05-11
1609,6,16,33,35,46,47,2003-05-07
1608,1,13,16,17,42,44,2003-05-04
1607,5,19,21,31,35,41,2003-04-30
1606,9,13,17,25,34,46,2003-04-27
1605,3,11,12,16,19,35,2003-04-23
1604,11,13,18,20,34,44,2003-04-20
1603,2,5,25,35,42,44,2003-04-16
1602,11,14,27,30,37,39,2003-04-13
1601,3,12,15,20,30,36,2003-04-09
1600,1,7,18,20,30,43,2003-04-06
1599,2,10,14,42,44,45,2003-04-02
1598,3,8,10,30,36,37,2003-03-30
1597,11,14,18,27,36,41,2003-03-26
1596,2,3,19,24,31,34,2003-03-23
1595,16,17,37,38,39,46,2003-03-19
1594,10,18,26,30,37,44,2003-03-16
1593,6,7,15,18,34,42,2003-03-12
1592,1,8,15,27,31,45,2003-03-09
1591,1,2,7,10,20,28,2003-03-05
1590,4,10,20,21,25,41,2003-03-02
1589,16,22,24,27,35,36,2003-02-26
1588,14,17,39,42,43,47,2003-02-23
1587,1,8,11,21,24,28,2003-02-19
1586,1,7,21,26,30,33,2003-02-16
1585,14,19,31,40,46,47,2003-02-12
1584,2,27,28,33,38,45,2003-02-09
1583,1,14,15,16,17,31,2003-02-05
1582,2,13,21,22,40,47,2003-02-02
1581,1,8,25,32,36,43,2003-01-29
1580,4,18,20,31,35,38,2003-01-26
1579,2,17,30,39,43,44,2003-01-22
1578,15,18,19,24,31,42,2003-01-19
1577,5,15,34,41,45,46,2003-01-15
1576,6,11,26,29,33,38,2003-01-12
1575,3,13,14,15,40,43,2003-01-08
1574,4,6,8,16,30,42,2003-01-05
1573,2,10,30,38,42,46,2003-01-01
1572,13,20,23,32,38,46,2002-12-29
1571,5,6,19,20,34,45,2002-12-25
1570,6,11,26,30,33,44,2002-12-22
1569,11,14,16,24,28,34,2002-12-18
1568,1,6,19,21,43,45,2002-12-15
1567,4,9,20,28,34,36,2002-12-11
1566,6,12,13,34,37,43,2002-12-08
1565,7,19,21,28,41,46,2002-12-04
1564,10,19,21,33,40,43,2002-12-01
1563,3,8,13,27,38,42,2002-11-27
1562,13,14,26,28,41,47,2002-11-24
1561,2,6,7,30,37,47,2002-11-20
1560,11,13,18,21,30,45,2002-11-17
1559,1,5,8,11,16,24,2002-11-13
1558,22,24,28,30,38,41,2002-11-10
1557,4,17,19,22,29,41,2002-11-06
1556,7,8,22,28,35,43,2002-11-03
1555,2,24,28,29,33,47,2002-10-30
1554,8,10,26,27,28,35,2002-10-27
1553,6,10,13,34,39,44,2002-10-23
1552,11,14,21,25,26,36,2002-10-20
1551,14,23,25,26,36,39,2002-10-16
1550,9,16,20,21,41,46,2002-10-13
1549,6,23,24,30,40,45,2002-10-09
1548,1,7,10,21,44,46,2002-10-06
1547,15,17,18,20,34,38,2002-10-02
1546,14,16,17,18,20,37,2002-09-29
1545,5,19,26,30,36,38,2002-09-25
1544,11,16,26,30,37,39,2002-09-22
1543,7,8,24,25,29,32,2002-09-18
1542,7,14,30,32,40,42,2002-09-15
1541,13,16,25,34,38,44,2002-09-11
1540,11,23,25,29,34,38,2002-09-08
1539,7,17,18,32,34,39,2002-09-04
1538,1,3,5,10,14,26,2002-09-01
1537,2,10,21,22,36,40,2002-08-28
1536,3,5,16,17,21,39,2002-08-25
1535,4,12,16,20,24,42,2002-08-21
1534,7,11,14,22,29,43,2002-08-18
1533,11,14,17,29,32,39,2002-08-14
1532,6,10,15,19,25,30,2002-08-11
1531,11,15,21,26,27,32,2002-08-07
1530,7,18,23,33,37,41,2002-08-04
1529,2,5,14,20,24,36,2002-07-31
1528,7,28,30,34,36,41,2002-07-28
1527,8,10,14,15,25,34,2002-07-24
1526,9,23,25,33,37,42,2002-07-21
1525,3,13,21,22,40,43,2002-07-17
1524,1,8,9,10,19,23,2002-07-14
1523,4,7,17,19,38,43,2002-07-10
1522,2,35,40,42,43,44,2002-07-07
1521,6,11,13,14,29,39,2002-07-03
1520,2,5,30,31,34,41,2002-06-30
1519,1,24,32,34,35,43,2002-06-26
1518,3,4,12,23,29,32,2002-06-23
1517,2,8,23,30,33,42,2002-06-19
1516,5,7,10,14,24,34,2002-06-16
1515,6,24,28,32,36,39,2002-06-12
1514,12,18,20,33,35,41,2002-06-09
1513,4,6,24,26,31,44,2002-06-05
1512,8,11,13,16,22,25,2002-06-02
1511,5,20,21,26,37,40,2002-05-29
1510,7,8,9,13,22,42,2002-05-26
1509,4,13,23,34,37,38,2002-05-22
1508,1,20,25,26,33,34,2002-05-19
1507,1,4,11,21,24,26,2002-05-15
1506,9,23,28,29,31,33,2002-05-12
1505,3,7,13,20,34,38,2002-05-08
1504,5,9,21,24,31,32,2002-05-05
1503,2,4,14,21,22,43,2002-05-01
1502,2,11,19,33,41,42,2002-04-28
1501,10,23,30,33,35,40,2002-04-24
1500,4,10,12,38,40,41,2002-04-21
1499,4,12,19,27,35,39,2002-04-17
1498,8,24,27,30,37,38,2002-04-14
1497,4,18,23,25,39,40,2002-04-10
1496,7,10,16,17,28,32,2002-04-07
1495,13,14,21,30,41,42,2002-04-03
1494,12,13,17,24,29,40,2002-03-31
1493,1,5,6,27,34,43,2002-03-27
1492,6,11,12,31,33,42,2002-03-24
1491,9,16,22,23,27,37,2002-03-20
1490,11,14,27,34,35,40,2002-03-17
1489,2,11,23,37,38,44,2002-03-13
1488,9,10,21,29,31,35,2002-03-10
1487,13,16,24,31,36,37,2002-03-06
1486,2,14,21,37,38,39,2002-03-03
1485,13,26,29,30,34,37,2002-02-27
1484,11,14,15,29,39,43,2002-02-24
1483,12,20,22,24,29,43,2002-02-20
1482,5,7,9,30,31,37,2002-02-17
1481,3,18,21,23,25,35,2002-02-13
1480,2,17,27,28,35,38,2002-02-10
1479,14,30,36,39,41,42,2002-02-06
1478,15,20,25,27,35,37,2002-02-03
1477,6,7,8,21,36,44,2002-01-30
1476,1,10,18,26,27,39,2002-01-27
1475,2,8,9,19,25,37,2002-01-23
1474,17,29,30,36,41,42,2002-01-20
1473,21,22,30,35,36,43,2002-01-16
1472,3,19,24,32,33,44,2002-01-13
1471,8,9,10,28,31,33,2002-01-09
1470,2,9,13,24,28,29,2002-01-06
1469,12,16,17,25,26,31,2002-01-02
1468,10,13,15,17,24,35,2001-12-30
1467,3,11,13,14,39,43,2001-12-26
1466,5,7,11,15,21,39,2001-12-23
1465,1,4,10,32,33,44,2001-12-19
1464,6,7,25,29,33,40,2001-12-16
1463,9,23,32,39,42,43,2001-12-12
1462,2,3,6,30,32,38,2001-12-09
1461,11,12,19,20,26,29,2001-12-05
1460,10,14,21,28,41,44,2001-12-02
1459,11,21,30,39,40,42,2001-11-28
1458,3,6,7,19,23,29,2001-11-25
1457,16,32,36,40,41,42,2001-11-21
1456,4,7,19,20,26,30,2001-11-18
1455,15,18,20,23,29,39,2001-11-14
1454,16,20,24,28,36,44,2001-11-11
1453,3,11,15,16,22,29,2001-11-07
1452,4,7,16,27,29,32,2001-11-04
1451,1,18,19,30,32,43,2001-10-31
1450,6,20,22,24,41,42,2001-10-28
1449,3,12,27,32,35,41,2001-10-24
1448,13,30,33,35,37,41,2001-10-21
1447,3,17,25,36,38,44,2001-10-17
1446,7,16,17,24,34,42,2001-10-14
1445,5,10,16,24,28,34,2001-10-10
1444,6,22,23,27,38,42,2001-10-07
1443,4,15,19,33,39,42,2001-10-03
1442,18,19,25,37,42,44,2001-09-30
1441,6,7,20,23,32,41,2001-09-26
1440,4,14,23,24,33,37,2001-09-23
1439,17,18,33,34,38,44,2001-09-19
1438,3,22,28,29,30,44,2001-09-16
1437,6,11,12,13,20,39,2001-09-12
1436,2,6,8,17,26,29,2001-09-09
1435,10,19,27,29,37,40,2001-09-05
1434,2,18,27,28,31,43,2001-09-02
1433,2,11,12,13,21,42,2001-08-29
1432,5,8,11,21,22,30,2001-08-26
1431,15,16,25,30,32,38,2001-08-22
1430,2,9,11,32,39,42,2001-08-19
1429,1,4,12,23,27,37,2001-08-15
1428,10,13,23,27,31,44,2001-08-12
1427,5,10,14,24,26,37,2001-08-08
1426,5,9,23,24,39,43,2001-08-05
1425,2,11,17,18,42,44,2001-08-01
1424,5,20,31,35,37,42,2001-07-29
1423,5,11,15,17,32,39,2001-07-25
1422,5,7,11,18,21,35,2001-07-22
1421,12,20,21,34,37,43,2001-07-18
1420,1,2,5,10,19,24,2001-07-15
1419,4,6,16,32,35,38,2001-07-11
1418,4,5,29,31,32,40,2001-07-08
1417,7,15,17,18,34,41,2001-07-04
1416,2,21,22,29,38,43,2001-07-01
1415,7,8,10,21,26,30,2001-06-27
1414,6,18,21,22,35,43,2001-06-24
1413,1,21,25,33,36,38,2001-06-20
1412,1,8,16,25,28,43,2001-06-17
1411,21,23,28,35,41,42,2001-06-13
1410,4,9,22,32,34,44,2001-06-10
1409,10,18,19,20,21,33,2001-06-06
1408,3,7,17,23,28,30,2001-06-03
1407,7,14,23,29,32,34,2001-05-30
1406,2,3,15,21,23,42,2001-05-27
1405,3,7,12,17,25,27,2001-05-23
1404,24,25,28,30,33,44,2001-05-20
1403,3,25,34,36,39,40,2001-05-16
1402,10,14,17,26,34,42,2001-05-13
1401,3,10,15,26,43,44,2001-05-09
1400,3,9,10,23,39,41,2001-05-06
1399,2,12,16,25,42,44,2001-05-02
1398,6,16,27,30,36,39,2001-04-29
1397,1,7,19,20,27,35,2001-04-25
1396,2,20,25,28,38,42,2001-04-22
1395,12,20,28,40,43,44,2001-04-18
1394,5,10,17,18,35,41,2001-04-15
1393,1,6,19,35,39,42,2001-04-11
1392,8,12,16,26,28,38,2001-04-08
1391,7,10,29,30,32,43,2001-04-04
1390,2,3,9,10,16,20,2001-04-01
1389,8,11,16,18,36,43,2001-03-28
1388,2,4,15,23,39,44,2001-03-25
1387,4,13,14,22,32,39,2001-03-21
1386,6,12,27,30,36,41,2001-03-18
1385,12,13,15,28,33,35,2001-03-14
1384,3,9,16,37,41,44,2001-03-11
1383,5,17,18,19,40,42,2001-03-07
1382,3,4,9,20,23,30,2001-03-04
1381,1,3,22,27,31,32,2001-02-28
1380,14,26,30,31,34,38,2001-02-25
1379,4,6,10,12,28,35,2001-02-21
1378,4,10,17,28,38,42,2001-02-18
1377,6,9,10,19,33,40,2001-02-14
1376,6,13,15,23,27,42,2001-02-11
1375,5,8,15,24,26,41,2001-02-07
1374,3,16,22,29,39,42,2001-02-04
1373,20,21,27,29,39,43,2001-01-31
1372,11,19,30,31,32,38,2001-01-28
1371,1,10,16,29,30,40,2001-01-24
1370,3,10,28,31,33,40,2001-01-21
1369,1,2,10,19,29,42,2001-01-17
1368,4,5,6,26,31,35,2001-01-14
1367,11,12,15,24,32,41,2001-01-10
1366,3,10,12,15,25,44,2001-01-07
1365,1,12,13,31,32,38,2001-01-03
1364,3,14,18,27,28,36,2000-12-31
1363,9,11,14,16,32,40,2000-12-27
1362,2,6,11,19,20,43,2000-12-24
1361,3,6,20,26,28,32,2000-12-20
1360,6,22,23,29,34,36,2000-12-17
1359,20,24,27,32,35,38,2000-12-13
1358,12,17,19,22,25,28,2000-12-10
1357,2,6,19,26,35,38,2000-12-06
1356,2,12,21,23,34,44,2000-12-03
1355,3,4,12,17,19,33,2000-11-29
1354,6,13,19,20,39,42,2000-11-26
1353,1,13,28,29,32,42,2000-11-22
1352,2,12,24,25,27,29,2000-11-19
1351,3,12,17,32,34,38,2000-11-15
1350,5,9,28,33,34,39,2000-11-12
1349,27,28,31,33,34,38,2000-11-08
1348,8,9,12,27,32,41,2000-11-05
1347,2,3,24,40,42,43,2000-11-01
1346,11,12,14,23,29,39,2000-10-29
1345,1,10,23,26,30,37,2000-10-25
1344,11,13,25,27,30,40,2000-10-22
1343,2,9,13,22,34,37,2000-10-18
1342,7,15,17,21,26,33,2000-10-15
1341,1,2,10,16,35,41,2000-10-11
1340,6,20,21,32,35,37,2000-10-08
1339,9,12,17,18,23,42,2000-10-04
1338,2,9,10,14,27,35,2000-10-01
1337,8,10,39,41,43,44,2000-09-27
1336,3,19,21,29,37,44,2000-09-24
1335,5,10,13,20,36,43,2000-09-20
1334,6,8,15,29,33,38,2000-09-17
1333,15,16,23,25,26,32,2000-09-13
1332,2,5,24,33,34,38,2000-09-10
1331,13,18,27,28,37,41,2000-09-06
1330,7,14,24,26,31,40,2000-09-03
1329,3,8,23,24,33,35,2000-08-30
1328,5,9,10,14,37,38,2000-08-27
1327,1,3,4,22,31,43,2000-08-23
1326,13,23,26,30,32,37,2000-08-20
1325,10,12,19,23,24,39,2000-08-16
1324,1,7,11,16,19,34,2000-08-13
1323,2,9,11,15,22,43,2000-08-09
1322,9,17,20,21,31,43,2000-08-06
1321,17,19,28,29,35,43,2000-08-02
1320,3,20,22,23,31,40,2000-07-30
1319,1,7,17,23,30,38,2000-07-26
1318,3,12,15,23,30,31,2000-07-23
1317,9,10,14,18,30,41,2000-07-19
1316,21,23,26,28,35,37,2000-07-16
1315,2,16,37,39,40,43,2000-07-12
1314,5,14,15,26,31,37,2000-07-09
1313,3,14,17,22,27,44,2000-07-05
1312,1,3,31,34,36,41,2000-07-02
1311,5,10,18,35,37,43,2000-06-28
1310,1,2,10,18,29,43,2000-06-25
1309,10,13,16,27,33,36,2000-06-21
1308,16,20,22,26,27,35,2000-06-18
1307,1,10,14,22,24,36,2000-06-14
1306,5,6,18,25,27,40,2000-06-11
1305,21,29,30,38,40,41,2000-06-07
1304,1,3,5,10,15,31,2000-06-04
1303,2,8,23,25,31,41,2000-05-31
1302,2,17,18,30,34,35,2000-05-28
1301,2,12,25,26,37,38,2000-05-24
1300,6,22,31,34,35,42,2000-05-21
1299,13,18,29,39,40,42,2000-05-17
1298,3,11,22,24,27,43,2000-05-14
1297,7,10,32,35,36,44,2000-05-10
1296,6,13,15,21,29,31,2000-05-07
1295,11,13,17,19,28,33,2000-05-03
1294,5,10,18,31,43,44,2000-04-30
1293,6,8,10,20,23,39,2000-04-26
1292,16,21,22,30,41,44,2000-04-23
1291,19,24,28,31,39,41,2000-04-19
1290,2,13,25,27,33,38,2000-04-16
1289,10,28,29,30,38,42,2000-04-12
1288,5,18,20,22,26,42,2000-04-09
1287,3,7,13,19,42,44,2000-04-05
1286,12,13,22,31,38,39,2000-04-02
1285,7,15,26,29,34,41,2000-03-29
1284,2,3,4,23,29,31,2000-03-26
1283,2,7,10,25,38,42,2000-03-22
1282,3,14,15,20,27,33,2000-03-19
1281,3,15,17,22,27,31,2000-03-15
1280,5,7,14,16,26,28,2000-03-12
1279,1,2,15,21,30,42,2000-03-08
1278,4,6,8,34,42,43,2000-03-05
1277,5,6,17,23,35,41,2000-03-01
1276,2,9,14,17,37,38,2000-02-27
1275,3,14,20,22,32,41,2000-02-23
1274,22,24,26,29,32,44,2000-02-20
1273,17,18,19,23,27,42,2000-02-16
1272,12,21,22,34,40,41,2000-02-13
1271,14,23,29,33,35,42,2000-02-09
1270,1,16,23,25,31,35,2000-02-06
1269,6,18,20,21,40,43,2000-02-02
1268,2,3,13,27,31,37,2000-01-30
1267,3,8,9,15,16,44,2000-01-26
1266,18,20,29,36,37,42,2000-01-23
1265,8,12,26,28,32,34,2000-01-19
1264,4,24,27,29,31,34,2000-01-16
1263,1,12,16,27,29,31,2000-01-12
1262,1,2,8,11,12,41,2000-01-09
1261,2,6,9,14,15,27,2000-01-05
1260,8,10,12,13,14,23,2000-01-02
1259,10,14,22,24,30,44,1999-12-29
1258,11,24,25,31,34,35,1999-12-26
1257,2,16,25,31,32,44,1999-12-22
1256,5,6,15,19,32,39,1999-12-19
1255,11,12,13,33,34,43,1999-12-15
1254,4,5,16,29,35,42,1999-12-12
1253,4,21,28,31,41,43,1999-12-08
1252,12,15,18,22,32,34,1999-12-05
1251,2,8,26,29,34,41,1999-12-01
1250,2,9,26,31,36,42,1999-11-28
1249,13,22,23,29,37,43,1999-11-24
1248,8,13,15,26,31,34,1999-11-21
1247,5,17,27,34,39,43,1999-11-17
1246,3,10,16,17,37,41,1999-11-14
1245,5,22,26,30,36,44,1999-11-10
1244,4,5,11,20,24,37,1999-11-07
1243,3,18,24,29,36,38,1999-11-03
1242,4,11,16,21,31,40,1999-10-31
1241,7,20,21,26,39,42,1999-10-27
1240,4,11,13,14,33,41,1999-10-24
1239,3,15,30,31,34,41,1999-10-20
1238,24,26,30,34,38,43,1999-10-17
1237,3,8,14,15,40,44,1999-10-13
1236,15,19,21,23,27,30,1999-10-10
1235,3,11,12,19,41,44,1999-10-06
1234,1,4,9,18,21,27,1999-10-03
1233,2,12,13,22,29,35,1999-09-29
1232,15,17,22,27,31,33,1999-09-26
1231,1,20,25,29,34,39,1999-09-22
1230,2,5,8,11,22,28,1999-09-19
1229,2,5,7,28,39,44,1999-09-15
1228,4,10,12,19,26,35,1999-09-12
1227,7,18,32,37,40,41,1999-09-08
1226,3,8,18,34,37,42,1999-09-05
1225,3,19,22,25,31,34,1999-09-01
1224,2,17,25,26,27,42,1999-08-29
1223,6,9,13,26,35,37,1999-08-25
1222,6,7,8,11,15,44,1999-08-22
1221,4,20,21,32,37,39,1999-08-18
1220,4,5,11,14,18,43,1999-08-15
1219,6,12,13,17,22,32,1999-08-11
1218,7,8,14,18,35,36,1999-08-08
1217,15,18,19,38,39,43,1999-08-04
1216,12,14,27,31,34,44,1999-08-01
1215,10,18,20,32,35,38,1999-07-28
1214,5,8,15,20,21,39,1999-07-25
1213,12,17,22,29,34,36,1999-07-21
1212,15,16,19,22,25,28,1999-07-18
1211,1,6,11,24,35,40,1999-07-14
1210,5,9,21,28,33,44,1999-07-11
1209,5,17,22,26,29,30,1999-07-07
1208,4,19,27,32,33,43,1999-07-04
1207,9,18,23,25,29,31,1999-06-30
1206,1,12,13,19,25,32,1999-06-27
1205,16,18,28,30,31,39,1999-06-23
1204,13,17,30,31,34,41,1999-06-20
1203,11,12,14,26,34,38,1999-06-16
1202,2,13,26,37,38,42,1999-06-13
1201,3,18,21,23,29,41,1999-06-09
1200,4,25,27,34,36,41,1999-06-06
1199,2,5,12,26,28,39,1999-06-02
1198,3,14,17,24,30,41,1999-05-30
1197,5,14,15,25,26,34,1999-05-26
1196,3,6,23,28,30,42,1999-05-23
1195,5,25,30,34,39,44,1999-05-19
1194,5,9,17,18,29,42,1999-05-16
1193,1,5,6,15,35,42,1999-05-12
1192,7,10,17,21,37,43,1999-05-09
1191,5,7,16,31,32,36,1999-05-05
1190,5,14,15,23,31,44,1999-05-02
1189,13,24,30,34,36,41,1999-04-28
1188,6,11,14,21,23,27,1999-04-25
1187,3,18,21,29,37,39,1999-04-21
1186,2,10,15,30,42,44,1999-04-18
1185,12,19,20,24,30,34,1999-04-14
1184,4,8,27,31,32,35,1999-04-11
1183,17,21,25,28,31,34,1999-04-07
1182,6,25,28,30,35,42,1999-04-04
1181,3,18,23,31,34,38,1999-03-31
1180,5,7,12,13,32,43,1999-03-28
1179,21,23,25,29,33,44,1999-03-24
1178,10,15,21,25,29,39,1999-03-21
1177,6,12,18,20,25,32,1999-03-17
1176,3,19,37,39,40,43,1999-03-14
1175,7,33,35,40,42,44,1999-03-10
1174,6,8,18,24,32,39,1999-03-07
1173,2,5,18,26,30,31,1999-03-03
1172,3,6,7,8,17,43,1999-02-28
1171,10,11,18,21,27,32,1999-02-24
1170,2,3,17,18,27,29,1999-02-21
1169,6,11,17,18,30,43,1999-02-17
1168,6,9,10,13,22,35,1999-02-14
1167,3,12,13,18,25,41,1999-02-10
1166,1,16,28,31,36,43,1999-02-07
1165,8,9,12,13,22,24,1999-02-03
1164,19,21,26,30,43,44,1999-01-31
1163,1,15,17,24,33,36,1999-01-27
1162,6,11,15,17,22,42,1999-01-24
1161,3,10,29,35,41,42,1999-01-20
1160,13,30,34,39,41,44,1999-01-17
1159,11,16,32,38,39,44,1999-01-13
1158,3,17,20,25,35,37,1999-01-10
1157,8,14,29,33,38,43,1999-01-06
1156,19,21,24,30,34,41,1999-01-03
1155,10,18,27,28,40,42,1998-12-30
1154,1,2,6,10,19,23,1998-12-27
1153,8,12,14,18,41,44,1998-12-23
1152,13,16,25,28,31,42,1998-12-20
1151,4,6,10,13,31,32,1998-12-16
1150,1,9,14,17,21,33,1998-12-13
1149,1,10,25,32,36,39,1998-12-09
1148,13,17,21,22,30,37,1998-12-06
1147,1,19,29,33,36,40,1998-12-02
1146,1,16,21,31,33,40,1998-11-29
1145,9,15,18,19,23,44,1998-11-25
1144,5,10,19,21,36,38,1998-11-22
1143,17,27,29,33,37,38,1998-11-18
1142,17,24,26,29,38,41,1998-11-15
1141,2,8,15,16,19,33,1998-11-11
1140,19,23,26,28,36,39,1998-11-08
1139,4,11,29,30,37,41,1998-11-04
1138,11,13,23,25,33,38,1998-11-01
1137,2,14,27,40,43,44,1998-10-28
1136,3,11,12,22,23,34,1998-10-25
1135,16,20,26,30,31,36,1998-10-21
1134,6,12,16,20,41,43,1998-10-18
1133,4,8,12,13,39,43,1998-10-14
1132,2,19,23,35,36,40,1998-10-11
1131,4,22,26,29,41,44,1998-10-07
1130,1,9,10,18,25,33,1998-10-04
1129,9,16,19,24,26,43,1998-09-30
1128,5,8,17,18,35,44,1998-09-27
1127,1,2,7,23,25,35,1998-09-23
1126,1,6,24,26,33,37,1998-09-20
1125,11,18,22,27,30,44,1998-09-16
1124,2,9,13,37,41,43,1998-09-13
1123,3,4,10,19,28,41,1998-09-09
1122,8,9,22,26,34,37,1998-09-06
1121,10,28,34,35,36,41,1998-09-02
1120,13,22,26,35,37,42,1998-08-30
1119,5,16,24,28,35,41,1998-08-26
1118,3,21,26,33,38,41,1998-08-23
1117,1,3,5,7,33,38,1998-08-19
1116,6,9,20,28,36,43,1998-08-16
1115,10,15,23,25,31,40,1998-08-12
1114,1,28,30,40,41,43,1998-08-09
1113,9,17,29,35,38,40,1998-08-05
1112,8,12,23,24,40,42,1998-08-02
1111,4,15,24,29,30,39,1998-07-29
1110,6,16,17,26,28,34,1998-07-26
1109,2,6,22,29,32,40,1998-07-22
1108,8,12,23,24,29,39,1998-07-19
1107,2,4,8,27,32,33,1998-07-15
1106,1,7,8,14,20,26,1998-07-12
1105,10,28,38,41,42,43,1998-07-08
1104,13,18,21,27,38,43,1998-07-05
1103,1,22,25,33,36,37,1998-07-01
1102,7,12,38,39,41,42,1998-06-28
1101,5,6,21,23,40,44,1998-06-24
1100,3,15,18,23,33,38,1998-06-21
1099,2,10,18,27,34,36,1998-06-17
1098,3,11,22,23,34,41,1998-06-14
1097,5,11,18,30,32,35,1998-06-10
1096,1,13,20,30,36,42,1998-06-07
1095,9,22,23,25,32,44,1998-06-03
1094,1,7,12,14,29,37,1998-05-31
1093,2,5,10,17,22,26,1998-05-27
1092,5,9,22,30,35,37,1998-05-24
1091,11,21,34,39,42,44,1998-05-20
1090,6,19,32,33,36,37,1998-05-17
1089,4,7,15,23,28,32,1998-05-13
1088,6,20,21,25,28,41,1998-05-10
1087,14,16,21,23,31,43,1998-05-06
1086,4,30,31,32,36,42,1998-05-03
1085,8,10,18,20,23,36,1998-04-29
1084,9,11,16,17,18,43,1998-04-26
1083,12,17,19,22,30,44,1998-04-22
1082,5,11,21,26,27,31,1998-04-19
1081,5,6,7,22,33,38,1998-04-15
1080,15,17,22,27,29,39,1998-04-12
1079,18,23,28,36,37,40,1998-04-08
1078,2,18,24,33,38,42,1998-04-05
1077,13,21,23,25,32,37,1998-04-01
1076,2,9,10,17,33,39,1998-03-29
1075,3,4,9,12,30,40,1998-03-25
1074,8,16,20,30,35,40,1998-03-22
1073,5,27,31,38,42,44,1998-03-18
1072,12,15,25,30,36,38,1998-03-15
1071,2,3,12,16,21,25,1998-03-11
1070,6,10,15,20,26,28,1998-03-08
1069,1,15,19,29,39,40,1998-03-04
1068,12,13,14,31,34,41,1998-03-01
1067,12,18,20,21,29,41,1998-02-25
1066,2,3,6,17,40,41,1998-02-22
1065,7,12,30,34,36,43,1998-02-18
1064,7,9,11,17,32,44,1998-02-15
1063,1,2,6,19,29,43,1998-02-11
1062,3,18,22,40,42,43,1998-02-08
1061,7,14,19,20,27,39,1998-02-04
1060,1,14,37,38,40,42,1998-02-01
1059,2,8,11,26,43,44,1998-01-28
1058,5,12,15,18,24,37,1998-01-25
1057,3,7,13,20,37,38,1998-01-21
1056,13,14,26,38,43,44,1998-01-18
1055,2,9,12,14,23,36,1998-01-14
1054,8,11,26,32,41,44,1998-01-11
1053,3,6,8,21,22,28,1998-01-07
1052,9,18,21,29,39,43,1998-01-04
1051,3,6,9,11,13,28,1997-12-31
1050,1,6,13,18,22,39,1997-12-28
1049,13,16,17,18,21,24,1997-12-24
1048,12,21,22,28,29,43,1997-12-21
1047,3,17,19,21,30,34,1997-12-17
1046,13,14,19,25,26,40,1997-12-14
1045,7,17,26,28,36,43,1997-12-10
1044,17,23,30,32,40,41,1997-12-07
1043,3,5,8,9,32,39,1997-12-03
1042,7,16,18,21,29,36,1997-11-30
1041,11,20,22,29,39,42,1997-11-26
1040,2,24,28,29,31,34,1997-11-23
1039,1,9,23,26,29,36,1997-11-19
1038,1,12,14,32,34,37,1997-11-16
1037,7,26,27,30,33,44,1997-11-12
1036,8,9,17,24,40,42,1997-11-09
1035,5,11,22,31,34,43,1997-11-05
1034,11,22,25,26,31,38,1997-11-02
1033,1,7,33,38,42,43,1997-10-29
1032,2,8,11,18,20,27,1997-10-26
1031,10,11,12,21,27,29,1997-10-22
1030,15,19,29,32,42,44,1997-10-19
1029,16,19,24,26,27,36,1997-10-15
1028,7,12,14,16,19,26,1997-10-12
1027,1,12,14,28,39,43,1997-10-08
1026,4,11,12,13,17,34,1997-10-05
1025,3,4,8,12,15,31,1997-10-01
1024,3,11,17,21,37,44,1997-09-28
1023,8,17,20,21,28,44,1997-09-24
1022,1,14,18,33,35,40,1997-09-21
1021,7,15,33,34,35,39,1997-09-17
1020,1,5,9,12,35,39,1997-09-14
1019,3,5,19,25,28,36,1997-09-10
1018,13,22,23,24,27,38,1997-09-07
1017,16,27,31,35,38,40,1997-09-03
1016,1,5,26,31,34,43,1997-08-31
1015,15,17,22,30,31,42,1997-08-27
1014,5,10,16,20,31,33,1997-08-24
1013,8,11,14,19,21,34,1997-08-20
1012,1,13,28,29,36,42,1997-08-17
1011,4,10,15,18,26,39,1997-08-13
1010,4,12,15,19,20,34,1997-08-10
1009,2,12,25,29,33,42,1997-08-06
