DRAW,DRAW_DATE,N1,N2,N3,N4,N5,MEGA_BALL,MULTIPLIER,ESTIMATED_JACKPOT,PRIMES,REPEATED,MEAN
2057,2022-02-11,11,16,23,24,30,24,3,53000000,2,0,20.8
2056,2022-02-08,1,17,20,52,54,2,3,42000000,1,0,28.8
2055,2022-02-04,7,16,34,44,61,24,4,31000000,2,0,32.4
2055,2022-02-01,11,24,38,62,66,1,4,31000000,1,0,40.2
2054,2022-01-28,3,16,25,44,55,13,3,20000000,1,1,28.6
2053,2022-01-25,3,12,38,53,58,13,3,421000000,2,1,32.8
2052,2022-01-21,38,45,46,55,67,18,2,396000000,1,0,50.2
2051,2022-01-18,4,19,39,42,52,9,4,376000000,1,0,31.2
2050,2022-01-14,5,8,13,22,48,25,2,347000000,2,0,19.2
2049,2022-01-11,2,3,19,52,58,16,2,325000000,3,0,26.8
2048,2022-01-07,7,29,43,56,57,6,3,300000000,3,0,38.4
2047,2022-01-04,4,6,16,21,22,1,3,278000000,0,0,13.8
2046,2021-12-31,2,5,30,46,61,8,3,244000000,3,1,28.8
2045,2021-12-28,3,5,8,31,38,4,3,221000000,3,0,17.0
2044,2021-12-24,16,17,25,36,37,16,2,201000000,2,1,26.2
2043,2021-12-21,25,31,58,64,67,24,3,187000000,2,0,49.0
2042,2021-12-17,21,32,38,48,62,10,3,171000000,0,0,40.2
2041,2021-12-14,33,35,44,55,69,20,3,148000000,0,0,47.2
2040,2021-12-10,23,25,40,42,60,8,2,148000000,1,1,38.0
2039,2021-12-07,1,7,40,43,68,1,2,135000000,2,0,31.8
2038,2021-12-03,22,45,48,58,61,13,5,135000000,1,0,46.8
2037,2021-11-30,7,8,26,30,39,17,2,112000000,1,1,22.0
2036,2021-11-26,7,27,37,42,59,2,2,102000000,3,1,34.4
2035,2021-11-23,7,24,54,57,58,6,3,94000000,1,0,40.0
2034,2021-11-19,5,23,52,53,59,18,5,83000000,4,1,38.4
2033,2021-11-16,6,22,44,53,65,3,3,74000000,1,0,38.0
2032,2021-11-12,30,32,42,46,48,15,2,63000000,0,0,39.6
2031,2021-11-09,9,14,16,26,49,14,3,53000000,0,0,22.8
2030,2021-11-05,10,15,20,66,68,18,2,45000000,0,1,35.8
2029,2021-11-02,5,10,26,58,65,9,2,26000000,1,1,32.8
2028,2021-10-29,15,26,28,35,45,4,3,26000000,0,0,29.8
2027,2021-10-26,6,14,19,56,62,9,4,26000000,1,1,31.4
2026,2021-10-22,9,14,26,29,66,22,3,20000000,1,0,28.8
2025,2021-10-19,3,12,13,19,52,1,3,108000000,3,1,19.8
2024,2021-10-15,3,20,31,34,65,18,3,94000000,2,1,30.6
2023,2021-10-12,21,26,56,61,65,4,3,84000000,1,1,45.8
2022,2021-10-08,21,24,36,40,70,22,5,73000000,0,1,38.2
2021,2021-10-05,7,11,18,30,36,4,3,60000000,2,1,20.4
2020,2021-10-01,21,25,36,62,63,6,2,45000000,0,0,41.4
2019,2021-09-28,18,30,43,68,69,22,4,34000000,1,1,45.6
2018,2021-09-24,17,21,27,43,56,15,3,22000000,2,1,32.8
2017,2021-09-21,36,41,45,51,56,13,3,20000000,1,0,45.8
2016,2021-09-17,17,32,40,59,61,18,3,432000000,3,0,41.8
2015,2021-09-14,4,13,19,63,64,16,2,405000000,2,1,32.6
2014,2021-09-10,20,32,35,47,64,18,2,383000000,1,1,39.6
2013,2021-09-07,15,17,25,32,53,12,3,368000000,2,0,28.4
2012,2021-09-03,7,10,12,61,65,3,2,345000000,2,0,31.0
2011,2021-08-31,8,14,31,58,68,15,3,323000000,1,0,35.8
2010,2021-08-27,1,10,44,47,56,23,3,306000000,1,0,31.6
2009,2021-08-24,17,18,26,52,67,19,2,288000000,2,0,36.0
2008,2021-08-20,41,43,51,57,70,1,2,270000000,2,0,52.4
2007,2021-08-17,3,6,16,38,56,24,3,256000000,1,0,23.8
2006,2021-08-13,17,21,35,40,53,11,2,242000000,2,0,33.2
2005,2021-08-10,29,45,50,59,62,12,2,225000000,2,0,49.0
2004,2021-08-06,9,18,40,46,69,9,2,208000000,0,1,36.4
2003,2021-08-03,1,9,17,27,34,24,2,191000000,1,0,17.6
2002,2021-07-30,19,26,31,52,68,10,3,179000000,2,0,39.2
2001,2021-07-27,2,35,36,54,64,11,3,166000000,1,0,38.2
2000,2021-07-23,13,17,19,40,69,17,3,153000000,3,0,31.6
1999,2021-07-20,10,26,30,52,57,10,2,138000000,0,2,35.0
1998,2021-07-16,24,25,47,52,57,24,4,128000000,1,0,41.0
1997,2021-07-13,3,10,17,26,55,24,2,117000000,2,0,22.2
1996,2021-07-09,6,37,39,41,46,17,2,104000000,2,0,33.8
1995,2021-07-06,18,47,63,68,69,14,3,94000000,1,0,53.0
1994,2021-07-02,8,31,32,34,45,19,2,82000000,1,0,30.0
1993,2021-06-29,7,38,50,52,69,21,3,72000000,1,0,43.2
1992,2021-06-25,17,20,42,45,65,12,4,61000000,1,0,37.8
1991,2021-06-22,1,26,48,51,59,25,4,50000000,1,0,37.0
1990,2021-06-18,14,36,44,46,53,18,2,40000000,1,0,38.6
1989,2021-06-15,18,22,27,38,52,11,4,30000000,0,0,31.4
1988,2021-06-11,4,43,56,63,68,13,4,22000000,1,0,46.8
1987,2021-06-08,9,22,39,41,54,19,3,20000000,1,1,33.0
1986,2021-06-04,4,30,34,41,64,8,3,56000000,1,0,34.6
1985,2021-06-01,7,11,33,58,63,23,2,45000000,2,0,34.4
1984,2021-05-28,10,14,20,47,70,15,2,34000000,1,1,32.2
1983,2021-05-25,14,21,31,34,54,11,3,22000000,1,0,30.8
1982,2021-05-21,6,9,17,18,48,8,3,20000000,1,0,19.6
1981,2021-05-18,3,5,56,61,66,4,2,515000000,3,1,38.2
1980,2021-05-14,3,18,41,44,68,3,2,468000000,2,0,34.8
1979,2021-05-11,7,8,20,36,39,22,3,430000000,1,0,22.0
1978,2021-05-07,5,10,19,21,50,10,4,396000000,2,0,21.0
1977,2021-05-04,4,27,32,57,63,22,3,370000000,0,0,36.6
1976,2021-04-30,8,19,26,48,49,5,3,345000000,1,0,30.0
1975,2021-04-27,15,22,30,41,42,25,4,319000000,1,1,30.0
1974,2021-04-23,4,28,29,30,60,25,3,297000000,1,0,30.2
1973,2021-04-20,6,23,43,49,52,5,3,277000000,2,0,34.6
1972,2021-04-16,17,27,28,50,55,25,4,257000000,1,0,35.4
1971,2021-04-13,10,15,19,45,68,9,4,240000000,1,0,31.4
1970,2021-04-09,22,26,27,58,66,12,2,220000000,0,0,39.8
1969,2021-04-06,1,19,20,32,42,17,3,201000000,1,1,22.8
1968,2021-04-02,10,42,48,53,62,19,2,184000000,1,1,43.0
1967,2021-03-30,11,37,47,53,56,15,3,168000000,4,1,40.8
1966,2021-03-26,4,25,37,46,67,15,3,152000000,2,0,35.8
1965,2021-03-23,12,23,35,38,55,11,2,137000000,1,0,32.6
1964,2021-03-19,9,14,40,58,69,8,3,122000000,0,1,38.0
1963,2021-03-16,10,41,46,52,69,8,2,105000000,1,0,43.6
1962,2021-03-12,2,24,25,31,65,18,4,93000000,2,1,29.4
1961,2021-03-09,4,33,46,58,65,13,2,79000000,0,0,41.2
1960,2021-03-05,10,11,17,27,54,20,2,68000000,2,0,23.8
1959,2021-03-02,4,8,13,34,64,18,2,55000000,1,1,24.6
1958,2021-02-26,11,15,37,62,64,5,2,43000000,2,0,37.8
1957,2021-02-23,5,7,9,20,57,15,3,30000000,2,0,19.6
1956,2021-02-19,27,32,47,50,53,4,4,22000000,2,0,41.8
1955,2021-02-16,1,36,44,54,66,10,3,20000000,0,0,40.2
1954,2021-02-12,5,14,24,25,27,14,3,96000000,1,0,19.0
1953,2021-02-09,7,18,21,31,40,9,4,82000000,2,0,23.4
1952,2021-02-05,14,17,28,29,44,2,4,68000000,2,0,26.4
1951,2021-02-02,13,37,38,40,67,10,2,54000000,3,0,39.0
1950,2021-01-29,4,44,58,59,70,3,3,42000000,1,0,47.0
1949,2021-01-26,29,49,56,66,67,24,3,25000000,2,0,53.4
1948,2021-01-22,4,26,42,50,60,24,2,20000000,0,2,36.4
1947,2021-01-19,10,19,26,28,50,16,2,970000000,1,0,26.6
1946,2021-01-15,3,11,12,38,43,15,4,1,3,1,21.4
1945,2021-01-12,12,14,26,28,33,9,2,1,0,0,22.6
1944,2021-01-08,3,6,16,18,58,11,2,1,1,0,20.2
1943,2021-01-05,20,43,51,55,57,4,2,1,1,0,45.2
1942,2021-01-01,8,24,53,68,69,7,5,1,1,0,44.4
1941,2020-12-29,1,31,35,48,62,19,3,1,1,0,35.4
1940,2020-12-25,17,23,36,69,70,19,2,1,2,0,43.0
1939,2020-12-22,29,53,56,59,67,21,2,1,4,0,52.8
1938,2020-12-18,7,15,25,51,60,5,3,1,1,0,31.6
1937,2020-12-15,1,10,18,20,46,15,2,1,0,0,19.0
1936,2020-12-11,19,31,37,55,67,25,4,1,4,1,41.8
1935,2020-12-08,15,19,33,39,68,25,3,1,1,1,34.8
1934,2020-12-04,3,19,24,44,50,8,3,1,2,0,28.0
1933,2020-12-01,7,33,53,61,65,14,2,1,3,0,43.8
1932,2020-11-27,4,10,27,35,58,10,2,1,0,0,26.8
1931,2020-11-24,9,15,34,61,64,6,2,1,1,1,36.6
1930,2020-11-20,26,33,45,61,68,17,3,1,1,1,46.6
1929,2020-11-17,8,13,35,46,68,16,3,1,1,0,34.0
1928,2020-11-13,6,7,14,28,59,7,2,1,2,0,22.8
1927,2020-11-10,23,45,53,58,62,13,5,1,2,0,48.2
1926,2020-11-06,18,24,27,34,60,2,2,1,0,0,32.6
1925,2020-11-03,7,31,44,45,55,19,3,1,2,0,36.4
1924,2020-10-30,14,19,34,39,59,11,2,1,2,1,33.0
1923,2020-10-27,6,13,34,46,62,1,3,1,1,1,32.2
1922,2020-10-23,18,34,44,60,69,22,2,1,0,0,45.0
1921,2020-10-20,46,54,57,58,66,10,3,1,0,1,56.2
1920,2020-10-16,27,32,50,52,57,12,5,1,0,0,43.6
1919,2020-10-13,11,44,45,46,70,25,2,1,1,1,43.2
1918,2020-10-09,5,11,25,27,64,13,2,1,2,0,26.4
1917,2020-10-06,15,16,18,39,59,17,3,1,1,0,29.4
1916,2020-10-02,9,38,47,49,68,25,2,1,1,0,42.2
1915,2020-09-29,14,39,43,44,67,19,3,1,2,1,41.4
1914,2020-09-25,20,36,37,48,67,16,2,1,2,1,41.6
1913,2020-09-22,36,43,44,55,68,12,4,1,1,0,49.2
1912,2020-09-18,26,29,41,52,64,11,3,1,2,0,42.4
1911,2020-09-15,25,28,38,59,62,22,4,1,1,0,42.4
1910,2020-09-11,3,15,42,48,56,13,2,1,1,1,32.8
1909,2020-09-08,7,10,15,31,57,21,2,1,2,0,24.0
1908,2020-09-04,19,22,24,28,53,25,3,1,2,0,29.2
1907,2020-09-01,15,25,26,38,47,22,4,1,1,0,30.2
1906,2020-08-28,3,9,50,53,64,1,3,1,2,0,35.8
1905,2020-08-25,8,10,15,17,57,12,3,1,1,1,21.4
1904,2020-08-21,11,15,31,42,63,14,2,1,2,0,32.4
1903,2020-08-18,4,18,26,27,58,23,4,1,0,0,26.6
1902,2020-08-14,3,24,29,42,47,13,2,1,3,1,29.0
1901,2020-08-11,8,22,29,43,56,9,4,1,2,0,31.6
1900,2020-08-07,4,44,53,64,70,3,2,1,1,0,47.0
1899,2020-08-04,2,22,30,42,62,20,3,1,1,0,31.6
1898,2020-07-31,12,35,46,48,69,23,2,1,0,0,42.0
1897,2020-07-28,17,20,27,31,34,19,4,1,2,0,25.8
1896,2020-07-24,8,33,39,54,58,17,3,1,0,0,38.4
1895,2020-07-21,14,25,26,41,43,15,3,1,2,0,29.8
1894,2020-07-17,12,13,21,46,57,21,3,1,1,0,29.8
1893,2020-07-14,6,26,55,56,64,22,4,1,0,0,41.4
1892,2020-07-10,10,15,20,49,53,22,5,1,1,1,29.4
1891,2020-07-07,16,20,25,30,43,18,3,1,1,1,26.8
1890,2020-07-03,20,40,44,45,50,24,2,1,0,0,39.8
1889,2020-06-30,9,16,29,37,53,11,2,1,3,1,28.8
1888,2020-06-26,19,33,37,56,57,6,2,1,2,1,40.4
1887,2020-06-23,6,20,37,40,48,15,3,1,1,0,30.2
1886,2020-06-19,11,34,36,52,66,7,2,1,1,0,39.8
1885,2020-06-16,21,23,33,35,42,6,3,1,1,0,30.8
1884,2020-06-12,9,14,57,67,70,2,3,1,1,1,43.4
1883,2020-06-09,1,5,9,10,23,22,2,1,2,0,9.6
1882,2020-06-05,32,35,37,47,55,22,3,1,2,0,41.2
1881,2020-06-02,9,20,23,26,29,8,3,1,2,0,21.4
1880,2020-05-29,10,13,32,41,51,3,2,1,2,0,29.4
1879,2020-05-26,34,52,58,59,62,4,3,1,1,0,53.0
1878,2020-05-22,8,10,20,44,46,18,4,1,0,1,25.6
1877,2020-05-19,8,19,25,36,66,9,2,1,1,0,30.8
1876,2020-05-15,11,17,32,33,46,25,3,1,2,0,27.8
1875,2020-05-12,7,16,27,44,52,5,5,1,1,0,29.2
1874,2020-05-08,5,20,22,61,70,4,2,1,2,0,35.6
1873,2020-05-05,7,13,17,21,45,14,2,1,3,0,20.6
1872,2020-05-01,28,30,31,35,66,14,2,1,1,0,38.0
1871,2020-04-28,13,19,53,54,63,17,3,1,3,0,40.4
1870,2020-04-24,1,27,32,60,67,18,2,1,1,1,37.4
1869,2020-04-21,13,15,24,67,70,17,2,1,2,1,37.8
1868,2020-04-17,13,35,39,46,55,14,4,1,1,0,37.6
1867,2020-04-14,29,47,65,69,70,7,4,1,2,0,56.0
1866,2020-04-10,2,11,21,57,60,13,2,1,2,0,30.2
1865,2020-04-07,25,33,43,51,68,20,2,1,1,0,44.0
1864,2020-04-03,24,38,44,57,58,17,4,1,0,1,44.2
1863,2020-03-31,8,17,51,57,70,2,4,1,1,0,40.6
1862,2020-03-27,3,25,28,50,60,1,4,1,1,0,33.2
1861,2020-03-24,2,8,16,18,31,14,2,1,2,0,15.0
1860,2020-03-20,34,35,41,45,54,5,4,1,1,0,41.8
1859,2020-03-17,20,27,28,58,59,25,3,1,1,0,38.4
1858,2020-03-13,7,22,37,43,44,22,4,1,3,0,30.6
1857,2020-03-10,6,17,48,54,69,12,5,1,1,1,38.8
1856,2020-03-06,15,48,56,58,70,4,4,1,0,1,49.4
1855,2020-03-03,8,12,33,56,64,2,2,1,0,1,34.6
1854,2020-02-28,2,3,14,41,64,17,2,1,3,1,24.8
1853,2020-02-25,2,9,43,49,63,15,2,1,2,0,33.2
1852,2020-02-21,4,7,13,16,60,6,4,1,2,0,20.0
1851,2020-02-18,6,12,39,61,70,4,3,1,1,0,37.6
1850,2020-02-14,10,32,48,54,55,18,5,1,0,1,39.8
1849,2020-02-11,4,6,32,52,64,6,2,1,0,1,31.6
1848,2020-02-07,9,14,27,36,52,4,3,1,0,0,27.6
1847,2020-02-04,32,48,50,51,64,10,2,1,0,0,49.0
1846,2020-01-31,28,31,33,57,62,19,2,1,1,1,42.2
1845,2020-01-28,17,36,47,51,62,21,3,1,2,0,42.6
1844,2020-01-24,3,4,18,23,38,24,4,1,2,1,17.2
1843,2020-01-21,16,18,29,31,37,8,3,1,3,0,26.2
1842,2020-01-17,3,25,30,54,70,9,3,1,1,0,36.4
1841,2020-01-14,9,11,13,31,47,11,2,1,4,0,22.2
1840,2020-01-10,17,27,49,51,66,2,2,1,1,0,42.0
1839,2020-01-07,25,40,41,52,56,21,4,1,1,1,42.8
1838,2020-01-03,37,41,42,53,63,16,2,1,3,1,47.2
1837,2019-12-31,30,44,49,53,56,11,3,1,1,0,46.4
1836,2019-12-27,17,34,40,63,64,24,4,1,1,1,43.6
1835,2019-12-24,27,37,48,63,66,11,2,1,1,0,48.2
1834,2019-12-20,3,20,23,35,60,16,3,1,2,0,28.2
1833,2019-12-17,22,30,53,55,56,16,2,1,1,1,43.2
1832,2019-12-13,17,21,29,39,56,22,3,1,2,0,32.4
1831,2019-12-10,18,31,46,54,61,25,2,1,2,3,42.0
1830,2019-12-06,20,31,40,46,61,20,5,1,2,0,39.6
1829,2019-12-03,23,43,60,63,69,19,2,1,2,0,51.6
1828,2019-11-29,6,8,31,50,65,9,2,1,1,1,32.0
1827,2019-11-26,8,27,29,38,43,13,2,1,2,0,29.0
1826,2019-11-22,7,12,17,49,53,24,4,1,3,0,27.6
1825,2019-11-19,22,43,44,47,66,22,3,1,2,0,44.4
1824,2019-11-15,12,19,34,35,68,20,2,1,1,1,33.6
1823,2019-11-12,19,30,44,56,65,24,2,1,1,0,42.8
1822,2019-11-08,3,4,10,39,58,14,3,1,1,0,22.8
1821,2019-11-05,2,9,24,49,54,19,3,1,1,2,27.6
1820,2019-11-01,9,20,36,41,54,22,2,1,1,1,32.0
1819,2019-10-29,4,9,17,27,39,22,2,1,1,0,19.2
1818,2019-10-25,16,24,25,52,60,6,3,1,0,1,35.4
1817,2019-10-22,5,11,14,23,25,10,4,1,3,0,15.6
1816,2019-10-18,18,58,60,65,67,20,3,1,1,0,53.6
1815,2019-10-15,4,12,14,35,70,2,2,1,0,1,27.0
1814,2019-10-11,14,22,30,37,60,8,3,1,1,0,32.6
1813,2019-10-08,5,8,10,17,48,23,3,1,2,1,17.6
1812,2019-10-04,11,38,44,48,70,17,2,1,1,0,42.2
1811,2019-10-01,10,17,39,42,59,3,2,1,2,0,33.4
1810,2019-09-27,12,20,31,43,45,20,3,1,2,0,30.2
1809,2019-09-24,6,14,24,42,46,9,4,1,0,2,26.4
1808,2019-09-20,23,24,42,48,53,22,2,1,2,0,38.0
1807,2019-09-17,12,15,30,50,65,1,4,1,0,0,34.4
1806,2019-09-13,6,16,37,59,62,5,2,1,2,0,36.0
1805,2019-09-10,34,47,48,50,55,24,2,1,1,0,46.8
1804,2019-09-06,4,11,13,19,31,10,4,1,4,1,15.6
1803,2019-09-03,13,20,27,61,62,5,2,1,2,0,36.6
1802,2019-08-30,3,9,11,34,39,10,4,1,2,1,19.2
1801,2019-08-27,8,12,23,39,43,6,2,1,2,0,25.0
1800,2019-08-23,11,15,37,54,68,21,2,1,2,0,37.0
1799,2019-08-20,8,14,25,51,63,4,3,1,0,1,32.2
1798,2019-08-16,4,14,24,26,46,14,2,1,0,0,22.8
1797,2019-08-13,7,27,31,34,51,5,3,1,2,0,30.0
1796,2019-08-09,15,53,56,59,63,1,2,1,2,0,49.2
1795,2019-08-06,11,17,31,43,55,16,2,1,4,1,31.4
1794,2019-08-02,11,20,26,48,70,19,2,1,1,0,35.0
1793,2019-07-30,10,24,28,33,38,6,3,1,0,0,26.6
1792,2019-07-26,4,6,11,43,48,11,3,1,2,1,22.4
1791,2019-07-23,1,4,23,40,45,11,2,1,1,0,22.6
1790,2019-07-19,16,18,28,33,67,14,3,1,1,1,32.4
1789,2019-07-16,8,16,31,48,52,23,3,1,1,1,31.0
1788,2019-07-12,8,25,38,56,59,7,2,1,1,0,37.2
1787,2019-07-09,12,26,40,48,64,1,2,1,0,0,38.0
1786,2019-07-05,6,38,47,57,63,12,2,1,1,0,42.2
1785,2019-07-02,3,25,37,40,55,13,2,1,2,0,32.0
1784,2019-06-28,2,35,49,53,63,1,2,1,2,0,40.4
1783,2019-06-25,24,33,45,47,61,17,3,1,2,0,42.0
1782,2019-06-21,13,30,36,48,62,18,3,1,1,1,37.8
1781,2019-06-18,12,14,22,24,48,21,2,1,0,0,24.0
1780,2019-06-14,19,40,47,57,65,6,2,1,2,1,45.6
1779,2019-06-11,20,34,39,43,57,13,3,1,1,0,38.6
1778,2019-06-07,17,19,27,40,68,2,3,1,2,1,34.2
1777,2019-06-04,25,37,46,48,68,25,2,1,1,0,44.8
1776,2019-05-31,7,8,26,65,67,4,3,1,2,0,34.6
1775,2019-05-28,9,21,34,42,50,21,2,1,0,0,31.2
1774,2019-05-24,14,41,44,56,62,10,2,1,1,1,43.4
1773,2019-05-21,10,50,55,56,58,15,5,1,0,0,45.8
1772,2019-05-17,5,17,28,32,63,11,3,1,2,0,29.0
1771,2019-05-14,11,59,66,67,68,18,4,1,3,0,54.2
1770,2019-05-10,3,16,21,61,62,19,2,1,2,1,32.6
1769,2019-05-07,3,6,34,54,63,19,3,1,1,0,32.0
1768,2019-05-03,8,16,22,66,68,11,2,1,0,0,36.0
1767,2019-04-30,24,37,41,61,70,20,3,1,3,0,46.6
1766,2019-04-26,9,17,23,30,46,10,4,1,2,1,25.0
1765,2019-04-23,7,24,30,48,67,9,4,1,2,0,35.2
1764,2019-04-19,18,25,43,44,57,25,4,1,1,0,37.4
1763,2019-04-16,11,29,34,48,54,10,2,1,2,0,35.2
1762,2019-04-12,1,24,25,40,70,4,2,1,0,0,32.0
1761,2019-04-09,11,22,34,44,58,9,2,1,1,1,33.8
1760,2019-04-05,8,22,24,38,64,21,2,1,0,1,31.2
1759,2019-04-02,33,47,58,59,64,25,3,1,2,0,52.2
1758,2019-03-29,5,14,15,62,66,3,3,1,1,1,32.4
1757,2019-03-26,4,14,22,43,58,9,3,1,1,1,28.2
1756,2019-03-22,7,36,58,60,62,10,3,1,1,0,44.6
1755,2019-03-19,10,42,53,67,68,15,3,1,2,0,48.0
1754,2019-03-15,3,29,56,62,64,4,3,1,2,0,42.8
1753,2019-03-12,10,12,16,49,57,18,4,1,0,0,28.8
1752,2019-03-08,4,9,42,62,68,7,4,1,0,0,37.0
1751,2019-03-05,15,20,32,37,52,6,3,1,1,0,31.2
1750,2019-03-01,29,33,39,60,66,21,2,1,1,1,45.4
1749,2019-02-26,10,12,14,24,60,20,3,1,0,1,24.0
1748,2019-02-22,18,24,31,34,55,4,4,1,1,2,32.4
1747,2019-02-19,17,24,34,56,65,3,2,1,1,1,39.2
1746,2019-02-15,10,38,40,43,65,12,2,1,1,1,39.2
1745,2019-02-12,15,32,39,50,65,7,3,1,0,0,40.2
1744,2019-02-08,14,24,31,42,48,13,3,1,1,0,31.8
1743,2019-02-05,3,34,36,59,66,7,2,1,2,1,39.6
1742,2019-02-01,2,37,48,66,68,11,5,1,2,0,44.2
1741,2019-01-29,10,33,53,54,62,22,2,1,1,0,42.4
1740,2019-01-25,8,16,30,38,61,10,2,1,1,0,30.6
1739,2019-01-22,4,15,37,59,64,16,5,1,2,1,35.8
1738,2019-01-18,2,43,48,62,64,24,3,1,2,1,43.8
1737,2019-01-15,29,52,58,60,62,7,2,1,1,1,52.2
1736,2019-01-11,4,5,31,62,69,20,3,1,2,0,34.2
1735,2019-01-08,13,26,29,38,64,5,5,1,2,1,34.0
1734,2019-01-04,21,29,35,54,60,15,4,1,1,0,39.8
1733,2019-01-01,34,44,57,62,70,14,4,1,0,0,53.4
1732,2018-12-28,9,10,25,37,38,21,2,1,1,0,23.8
1731,2018-12-25,2,8,42,43,50,6,3,1,2,0,29.0
1730,2018-12-21,10,13,61,62,70,5,3,1,2,1,43.2
1729,2018-12-18,13,22,32,60,69,9,3,1,1,1,39.2
1728,2018-12-14,5,22,26,43,49,23,4,1,2,0,29.0
1727,2018-12-11,4,38,39,54,59,12,2,1,1,1,38.8
1726,2018-12-07,4,10,20,33,57,13,3,1,0,0,24.8
1725,2018-12-04,28,31,41,42,50,4,3,1,2,1,38.4
1724,2018-11-30,25,28,40,43,63,19,3,1,1,0,39.8
1723,2018-11-27,12,24,37,42,57,18,4,1,1,0,34.4
1722,2018-11-23,7,10,30,33,59,23,4,1,2,1,27.8
1721,2018-11-20,10,16,31,42,66,10,3,1,1,0,33.0
1720,2018-11-16,33,36,63,68,69,16,3,1,0,1,53.8
1719,2018-11-13,34,46,57,65,69,11,3,1,0,1,54.2
1718,2018-11-09,8,14,27,57,67,5,4,1,1,0,34.6
1717,2018-11-06,28,34,37,56,69,12,2,1,1,1,44.8
1716,2018-11-02,3,23,28,46,62,16,2,1,2,1,32.4
1715,2018-10-30,20,31,39,46,49,23,2,1,1,0,37.0
1714,2018-10-26,1,28,61,62,63,5,4,1,1,2,43.0
1713,2018-10-23,5,28,62,65,70,5,3,1,1,2,46.0
1712,2018-10-19,15,23,53,65,70,7,2,1,2,0,45.2
1711,2018-10-16,3,45,49,61,69,9,5,1,2,1,45.4
1710,2018-10-12,4,24,46,61,70,7,3,1,1,0,41.0
1709,2018-10-09,20,22,39,54,60,18,3,1,0,0,39.0
1708,2018-10-05,27,28,32,41,69,12,2,1,1,0,39.4
1707,2018-10-02,2,22,29,31,34,1,3,1,3,0,23.6
1706,2018-09-28,39,45,52,56,59,15,3,1,1,0,50.2
1705,2018-09-25,8,16,32,48,61,12,2,1,1,0,33.0
1704,2018-09-21,1,2,11,52,64,9,4,1,2,0,26.0
1703,2018-09-18,31,32,43,63,68,17,2,1,2,1,47.4
1702,2018-09-14,23,30,40,43,66,13,4,1,2,1,40.4
1701,2018-09-11,15,30,51,62,67,19,2,1,1,0,45.0
1700,2018-09-07,8,10,41,54,68,10,2,1,1,0,36.2
1699,2018-09-04,2,7,25,35,44,3,3,1,2,1,22.6
1698,2018-08-31,7,18,29,32,45,17,3,1,2,0,26.2
1697,2018-08-28,3,20,33,34,41,20,3,1,2,0,26.2
1696,2018-08-24,1,6,13,18,49,8,2,1,1,0,17.4
1695,2018-08-21,14,16,19,38,57,11,3,1,1,0,28.8
1694,2018-08-17,1,31,32,47,56,3,2,1,2,0,33.4
1693,2018-08-14,11,26,44,45,46,11,2,1,1,0,34.4
1692,2018-08-10,1,3,12,22,42,6,5,1,1,0,16.0
1691,2018-08-07,2,13,15,21,62,2,5,1,2,0,22.6
1690,2018-08-03,9,28,30,54,60,2,2,1,0,0,36.2
1689,2018-07-31,12,15,35,64,69,9,2,1,0,0,39.0
1688,2018-07-27,1,32,40,49,63,20,3,1,0,1,37.0
1687,2018-07-24,1,2,4,19,29,20,3,1,3,1,11.0
1686,2018-07-20,1,14,30,44,62,1,2,1,0,0,30.2
1685,2018-07-17,40,41,61,66,67,12,5,1,3,0,55.0
1684,2018-07-13,21,22,39,59,68,2,2,1,1,0,41.8
1683,2018-07-10,1,17,28,56,70,14,3,1,1,1,34.4
1682,2018-07-06,2,10,46,50,56,16,3,1,1,0,32.8
1681,2018-07-03,13,35,45,49,68,23,2,1,1,2,42.0
1680,2018-06-29,2,32,47,49,68,23,4,1,2,0,39.6
1679,2018-06-26,17,25,29,39,60,19,2,1,2,0,34.0
1678,2018-06-22,2,6,11,27,44,20,2,1,2,1,18.0
1677,2018-06-19,11,13,28,65,70,14,3,1,2,1,37.4
1676,2018-06-15,1,11,37,47,51,6,2,1,3,1,29.4
1675,2018-06-12,1,3,5,8,70,3,2,1,2,0,17.4
1674,2018-06-08,14,30,33,44,56,13,2,1,0,1,35.4
1673,2018-06-05,22,33,41,48,52,4,2,1,1,1,39.2
1672,2018-06-01,5,24,52,62,66,17,3,1,1,0,41.8
1671,2018-05-29,2,11,55,58,67,2,3,1,3,1,38.6
1670,2018-05-25,11,14,51,64,68,25,4,1,1,0,41.6
1669,2018-05-22,16,17,21,36,48,9,3,1,1,0,27.6
1668,2018-05-18,9,26,53,64,66,11,2,1,1,0,43.6
1667,2018-05-15,21,34,44,49,61,21,2,1,1,0,41.8
1666,2018-05-11,14,38,40,53,70,22,3,1,1,0,43.0
1665,2018-05-08,8,15,39,64,67,13,2,1,1,0,38.6
1664,2018-05-04,4,5,10,12,18,21,4,1,1,0,9.8
1663,2018-05-01,2,7,20,55,70,1,4,1,2,1,30.8
1662,2018-04-27,2,29,38,63,66,11,2,1,2,0,39.6
1661,2018-04-24,3,19,31,32,48,10,3,1,3,1,26.6
1660,2018-04-20,1,15,18,32,45,4,2,1,0,0,22.2
1659,2018-04-17,12,34,44,47,65,22,4,1,1,0,40.4
1658,2018-04-13,8,9,32,42,59,10,4,1,1,0,30.0
1657,2018-04-10,5,13,31,43,53,20,2,1,5,0,29.0
1656,2018-04-06,16,33,51,54,67,20,4,1,1,0,44.2
1655,2018-04-03,4,29,39,42,62,14,2,1,1,0,35.2
1654,2018-03-30,11,28,31,46,59,1,3,1,3,1,35.0
1653,2018-03-27,7,25,43,56,59,13,3,1,3,1,38.0
1652,2018-03-23,4,8,23,53,59,17,3,1,3,0,29.4
1651,2018-03-20,14,38,51,64,70,9,3,1,0,0,47.4
1650,2018-03-16,1,13,26,33,52,11,3,1,1,0,25.0
1649,2018-03-13,6,30,58,60,61,17,5,1,1,0,43.0
1648,2018-03-09,7,17,18,46,66,22,4,1,2,0,30.8
1647,2018-03-06,1,4,26,35,39,22,5,1,0,0,21.0
1646,2018-03-02,24,28,42,60,64,8,4,1,0,0,43.6
1645,2018-02-27,10,17,21,38,43,23,3,1,2,0,25.8
1644,2018-02-23,7,11,13,19,58,9,4,1,4,1,21.6
1643,2018-02-20,17,19,23,24,43,14,3,1,4,0,25.2
1642,2018-02-16,14,38,48,53,58,16,3,1,1,0,42.2
1641,2018-02-13,5,12,15,46,49,1,4,1,1,1,25.4
1640,2018-02-09,28,34,41,46,47,14,3,1,2,0,39.2
1639,2018-02-06,14,17,25,48,58,25,3,1,1,2,32.4
1638,2018-02-02,1,4,14,17,40,4,3,1,1,0,15.2
1637,2018-01-30,29,41,42,49,57,24,3,1,2,0,43.6
1636,2018-01-26,10,16,27,38,43,1,4,1,1,0,26.8
1635,2018-01-23,2,6,30,31,55,7,4,1,2,0,24.8
1634,2018-01-19,3,17,23,49,66,23,3,1,3,2,31.6
1633,2018-01-16,3,11,23,29,59,18,3,1,5,0,25.0
1632,2018-01-12,17,18,33,46,60,24,4,1,1,0,34.8
1631,2018-01-09,16,29,31,65,67,23,3,1,3,0,41.6
1630,2018-01-05,28,30,39,59,70,10,3,1,1,1,45.2
1629,2018-01-02,1,42,47,64,70,22,4,1,1,0,44.8
1628,2017-12-29,4,10,18,28,62,7,2,1,0,1,24.4
1627,2017-12-26,10,12,20,38,41,25,4,1,1,1,24.2
1626,2017-12-22,1,20,30,33,42,16,4,1,0,1,25.2
1625,2017-12-19,28,37,39,42,58,2,3,1,1,0,40.8
1624,2017-12-15,4,12,36,44,57,19,4,1,0,0,30.6
1623,2017-12-12,8,23,24,25,27,9,2,1,1,0,21.4
1622,2017-12-08,6,37,46,60,70,24,2,1,1,1,43.8
1621,2017-12-05,14,15,37,42,67,22,4,1,2,0,35.0
1620,2017-12-01,16,22,40,41,59,8,4,1,2,0,35.6
1619,2017-11-28,10,17,47,51,61,5,2,1,3,1,37.2
1618,2017-11-24,16,36,54,61,64,22,3,1,1,0,46.2
1617,2017-11-21,3,7,22,27,50,3,3,1,2,1,21.8
1616,2017-11-17,3,26,55,58,70,15,4,1,1,0,42.4
1615,2017-11-14,1,14,21,22,28,19,3,1,0,0,17.2
1614,2017-11-10,6,23,38,42,58,24,2,1,1,0,33.4
1613,2017-11-07,1,54,60,68,69,11,4,1,0,1,50.4
1612,2017-11-03,10,22,42,61,69,3,2,1,1,0,40.8
1611,2017-10-31,6,28,31,52,53,12,4,1,2,1,34.0
1610,2017-10-27,17,27,41,51,52,13,5,1,2,0,37.6
1609,2017-10-24,20,24,34,56,64,6,4,1,0,0,39.6
1608,2017-10-20,6,23,63,66,73,9,2,1,1,0,46.2
1607,2017-10-17,31,45,49,56,70,11,5,1,1,1,50.2
1606,2017-10-13,2,7,18,26,31,12,2,1,3,1,16.8
1605,2017-10-10,7,16,24,61,62,2,5,1,2,0,34.0
1604,2017-10-06,21,33,36,45,56,12,5,1,0,0,38.2
1603,2017-10-03,12,18,19,25,67,7,5,1,2,1,28.2
1602,2017-09-29,25,51,62,73,74,7,5,1,0,0,57.0
1601,2017-09-26,1,10,57,66,75,4,4,1,0,1,41.8
1600,2017-09-22,5,39,54,63,66,15,5,1,1,0,45.4
1599,2017-09-19,9,28,31,50,61,10,2,1,2,0,35.8
1598,2017-09-15,18,24,34,38,58,3,4,1,0,0,34.4
1597,2017-09-12,26,37,41,54,65,3,4,1,2,1,44.6
1596,2017-09-08,4,5,14,26,73,14,3,1,1,0,24.4
1595,2017-09-05,11,17,59,70,72,1,3,1,3,0,45.8
1594,2017-09-01,4,13,31,50,64,12,5,1,2,1,32.4
1593,2017-08-29,2,13,17,35,73,3,3,1,3,1,28.0
1592,2017-08-25,17,38,42,51,65,11,5,1,1,1,42.6
1591,2017-08-22,24,35,46,50,51,7,4,1,0,0,41.2
1590,2017-08-18,1,31,34,40,75,6,3,1,1,0,36.2
1589,2017-08-15,7,16,20,66,73,7,2,1,1,0,36.4
1588,2017-08-11,23,33,53,56,58,6,5,1,2,0,44.6
1587,2017-08-08,11,17,50,52,74,14,2,1,2,1,40.8
1586,2017-08-04,9,17,25,63,71,4,5,1,1,0,37.0
1585,2017-08-01,20,22,52,57,73,7,5,1,0,1,44.8
1584,2017-07-28,4,6,31,49,52,11,3,1,1,0,28.4
1583,2017-07-25,2,5,26,58,60,6,3,1,2,0,30.2
1582,2017-07-21,18,31,36,50,74,10,4,1,1,0,41.8
1581,2017-07-18,8,12,23,51,73,6,4,1,1,2,33.4
1580,2017-07-14,11,12,24,32,73,1,4,1,1,1,30.4
1579,2017-07-11,7,18,24,55,74,10,2,1,1,0,35.6
1578,2017-07-07,2,9,11,28,60,10,5,1,2,0,22.0
1577,2017-07-04,16,39,47,53,71,15,4,1,2,0,45.2
1576,2017-06-30,10,38,51,55,64,6,5,1,0,0,43.6
1575,2017-06-27,4,21,45,52,57,14,4,1,0,0,35.8
1574,2017-06-23,12,20,53,66,74,11,2,1,1,0,45.0
1573,2017-06-20,2,15,41,49,63,3,3,1,2,0,34.0
1572,2017-06-16,18,22,26,30,44,9,5,1,0,0,28.0
1571,2017-06-13,27,51,62,68,75,8,3,1,0,0,56.6
1570,2017-06-09,3,16,28,33,37,9,5,1,2,2,23.4
1569,2017-06-06,3,5,16,49,75,5,3,1,2,0,29.6
1568,2017-06-02,7,42,57,69,72,10,3,1,1,0,49.4
1567,2017-05-30,5,20,32,37,67,5,5,1,3,1,32.2
1566,2017-05-26,25,26,28,37,56,5,3,1,1,0,34.4
1565,2017-05-23,6,13,17,33,60,14,2,1,2,0,25.8
1564,2017-05-19,1,4,5,24,30,1,3,1,1,1,12.8
1563,2017-05-16,4,35,39,56,72,11,5,1,0,0,41.2
1562,2017-05-12,28,34,41,42,47,13,4,1,2,0,38.4
1561,2017-05-09,6,29,45,69,73,11,5,1,1,0,44.4
1560,2017-05-05,4,23,33,47,53,7,4,1,3,0,32.0
1559,2017-05-02,5,14,42,43,58,1,4,1,2,0,32.4
1558,2017-04-28,6,13,18,20,31,13,4,1,2,1,17.6
1557,2017-04-25,3,13,33,40,50,2,4,1,2,1,27.8
1556,2017-04-21,1,12,13,32,34,10,2,1,1,0,18.4
1555,2017-04-18,8,29,30,43,64,6,3,1,2,0,34.8
1554,2017-04-14,5,10,55,60,73,12,5,1,1,0,40.6
1553,2017-04-11,19,34,35,38,49,8,5,1,1,0,35.0
1552,2017-04-07,30,33,43,47,69,15,5,1,2,0,44.4
1551,2017-04-04,13,24,34,35,55,9,5,1,1,1,32.2
1550,2017-03-31,17,24,27,32,58,10,3,1,1,0,31.6
1549,2017-03-28,30,33,35,37,46,10,5,1,1,1,36.2
1548,2017-03-24,5,28,37,61,69,1,5,1,3,0,40.0
1547,2017-03-21,4,45,53,73,75,7,3,1,1,0,50.0
1546,2017-03-17,11,27,31,58,60,10,4,1,2,0,37.4
1545,2017-03-14,16,23,28,33,59,13,3,1,2,0,31.8
1544,2017-03-10,26,38,42,58,70,5,5,1,0,0,46.8
1543,2017-03-07,3,30,45,53,68,11,3,1,2,0,39.8
1542,2017-03-03,14,26,39,48,51,9,5,1,0,0,35.6
1541,2017-02-28,20,33,45,58,69,4,2,1,0,1,45.0
1540,2017-02-24,12,29,33,42,68,14,3,1,1,0,36.8
1539,2017-02-21,9,21,30,32,75,9,5,1,0,1,33.4
1538,2017-02-17,4,56,58,67,75,8,5,1,1,0,52.0
1537,2017-02-14,7,11,33,60,68,15,5,1,2,0,35.8
1536,2017-02-10,32,39,51,62,75,14,5,1,0,0,51.8
1535,2017-02-07,23,28,37,56,71,12,5,1,2,0,43.0
1534,2017-02-03,3,6,29,30,64,3,5,1,2,1,26.4
1533,2017-01-31,3,14,27,62,72,4,3,1,1,0,35.6
1532,2017-01-27,17,37,53,54,61,8,3,1,4,1,44.4
1531,2017-01-24,8,42,54,63,67,11,4,1,1,0,46.8
1530,2017-01-20,7,9,24,41,53,14,3,1,3,0,26.8
1529,2017-01-17,20,31,54,56,59,3,5,1,2,0,44.0
1528,2017-01-13,10,44,58,74,75,11,3,1,0,0,52.2
1527,2017-01-10,11,20,40,41,59,15,5,1,3,0,34.2
1526,2017-01-06,6,10,44,47,54,6,5,1,1,0,32.2
1525,2017-01-03,14,16,23,49,53,12,2,1,2,0,31.0
1524,2016-12-30,6,21,33,39,43,2,2,1,1,1,28.4
1523,2016-12-27,2,28,30,38,39,11,4,1,1,2,27.4
1522,2016-12-23,21,30,39,60,69,15,5,1,0,0,43.8
1521,2016-12-20,1,12,14,48,65,2,5,1,0,1,28.0
1520,2016-12-16,1,8,15,36,43,6,5,1,1,1,20.6
1519,2016-12-13,2,15,26,34,41,14,5,1,2,0,23.6
1518,2016-12-09,19,27,47,67,68,1,5,1,3,0,45.6
1517,2016-12-06,13,34,48,53,63,12,4,1,2,0,42.2
1516,2016-12-02,3,33,35,49,51,1,2,1,1,3,34.2
1515,2016-11-29,22,33,49,51,59,8,4,1,1,1,42.8
1514,2016-11-25,44,47,49,69,75,10,3,1,1,1,56.8
1513,2016-11-22,1,43,45,66,69,7,5,1,1,0,44.8
1512,2016-11-18,31,32,49,55,58,15,5,1,1,0,45.0
1511,2016-11-15,9,17,23,57,71,6,3,1,2,0,35.4
1510,2016-11-11,16,40,47,53,59,11,5,1,3,1,43.0
1509,2016-11-08,46,48,53,61,74,12,4,1,2,1,56.4
1508,2016-11-04,10,29,32,44,46,10,3,1,1,0,32.2
1507,2016-11-01,19,24,31,39,45,13,2,1,2,0,31.6
1506,2016-10-28,7,38,46,57,66,2,5,1,1,0,42.8
1505,2016-10-25,8,9,24,49,67,13,3,1,1,0,31.4
1504,2016-10-21,12,43,44,48,66,3,4,1,1,0,42.6
1503,2016-10-18,7,24,28,65,74,1,2,1,1,2,39.6
1502,2016-10-14,7,27,60,64,74,5,3,1,1,0,46.4
1501,2016-10-11,36,39,42,45,48,3,2,1,0,1,42.0
1500,2016-10-07,24,37,42,50,65,14,2,1,1,0,43.6
1499,2016-10-04,18,29,30,54,66,1,5,1,1,1,39.4
1498,2016-09-30,21,30,47,50,57,9,5,1,1,0,41.0
1497,2016-09-27,14,16,26,53,72,4,4,1,1,0,36.2
1496,2016-09-23,1,5,8,25,62,14,3,1,1,1,20.2
1495,2016-09-20,2,22,34,62,72,2,5,1,1,1,38.4
1494,2016-09-16,13,21,28,34,40,15,3,1,1,0,27.2
1493,2016-09-13,6,15,17,39,56,15,3,1,1,0,26.6
1492,2016-09-09,1,34,43,44,63,11,4,1,1,0,37.0
1491,2016-09-06,25,37,58,69,75,8,3,1,1,0,52.8
1490,2016-09-02,22,28,41,46,60,3,3,1,1,2,39.4
1489,2016-08-30,28,32,41,51,71,11,4,1,1,1,44.6
1488,2016-08-26,10,11,31,41,44,14,2,1,3,0,27.4
1487,2016-08-23,2,7,46,61,66,1,2,1,3,0,36.4
1486,2016-08-19,22,37,45,65,73,13,5,1,1,0,48.4
1485,2016-08-16,2,43,52,62,63,6,5,1,2,0,44.4
1484,2016-08-12,4,41,44,56,69,10,4,1,1,1,42.8
1483,2016-08-09,12,19,20,44,66,1,5,1,1,0,32.2
1482,2016-08-05,5,18,28,54,74,6,4,1,1,1,35.8
1481,2016-08-02,3,12,36,54,70,12,5,1,1,0,35.0
1480,2016-07-29,11,16,19,31,48,4,5,1,3,1,25.0
1479,2016-07-26,1,4,31,36,54,9,3,1,1,0,25.2
1478,2016-07-22,8,24,25,26,30,7,4,1,0,0,22.6
1477,2016-07-19,3,34,54,65,66,4,5,1,1,0,44.4
1476,2016-07-15,16,51,52,56,58,4,2,1,0,0,46.6
1475,2016-07-12,6,8,22,46,68,4,4,1,0,1,30.0
1474,2016-07-08,8,19,20,55,73,5,2,1,1,1,35.0
1473,2016-07-05,29,46,53,64,73,10,5,1,2,0,53.0
1472,2016-07-01,20,41,42,45,49,14,2,1,1,1,39.4
1471,2016-06-28,15,17,20,35,55,7,2,1,1,0,28.4
1470,2016-06-24,11,14,54,57,63,11,5,1,1,0,39.8
1469,2016-06-21,6,13,21,49,50,10,5,1,1,0,27.8
1468,2016-06-17,20,23,30,44,59,9,5,1,2,0,35.2
1467,2016-06-14,36,37,38,52,62,6,5,1,1,0,45.0
1466,2016-06-10,34,61,66,67,68,7,5,1,2,0,59.2
1465,2016-06-07,25,48,51,65,72,4,4,1,0,1,52.2
1464,2016-06-03,32,54,65,66,71,10,3,1,0,0,57.6
1463,2016-05-31,9,31,34,41,49,8,5,1,2,1,32.8
1462,2016-05-27,18,41,50,68,70,9,3,1,1,2,49.4
1461,2016-05-24,11,50,51,70,75,15,4,1,1,0,51.4
1460,2016-05-20,19,24,26,40,68,8,2,1,1,1,35.4
1459,2016-05-17,17,24,27,48,75,6,3,1,1,0,38.2
1458,2016-05-13,20,21,38,54,66,7,4,1,0,0,39.8
1457,2016-05-10,12,22,46,56,74,4,3,1,0,0,42.0
1456,2016-05-06,14,26,27,32,36,7,4,1,0,1,27.0
1455,2016-05-03,28,29,33,36,45,15,5,1,1,0,34.2
1454,2016-04-29,5,6,37,55,74,10,5,1,2,0,35.4
1453,2016-04-26,14,16,17,28,48,2,2,1,1,0,24.6
1452,2016-04-22,2,19,21,42,60,13,5,1,2,0,28.8
1451,2016-04-19,9,28,40,57,65,2,5,1,0,1,39.8
1450,2016-04-15,9,10,34,37,73,9,5,1,1,0,32.6
1449,2016-04-12,7,11,59,62,63,3,5,1,3,0,40.4
1448,2016-04-08,31,38,52,65,71,15,3,1,1,1,51.4
1447,2016-04-05,13,45,52,53,57,10,5,1,2,0,44.0
1446,2016-04-01,25,28,33,41,69,6,2,1,1,1,39.2
1445,2016-03-29,33,38,40,46,49,15,5,1,0,1,41.2
1444,2016-03-25,4,11,12,35,46,12,2,1,1,0,21.6
1443,2016-03-22,6,19,34,38,70,5,5,1,1,0,33.4
1442,2016-03-18,5,8,57,59,73,13,5,1,2,0,40.4
1441,2016-03-15,18,26,30,44,68,7,4,1,0,1,37.2
1440,2016-03-11,14,18,48,54,71,13,4,1,0,1,41.0
1439,2016-03-08,27,37,54,66,69,5,5,1,1,0,50.6
1438,2016-03-04,21,26,33,48,73,14,4,1,0,1,40.2
1437,2016-03-01,1,29,33,34,55,6,5,1,1,0,30.4
1436,2016-02-26,3,15,19,62,74,14,4,1,2,0,34.6
1435,2016-02-23,16,32,39,53,57,10,5,1,1,0,39.4
1434,2016-02-19,2,27,41,50,75,4,4,1,2,0,39.0
1433,2016-02-16,9,31,33,46,64,4,3,1,1,0,36.6
1432,2016-02-12,1,7,44,68,73,1,3,1,1,0,38.6
1431,2016-02-09,3,42,46,56,71,13,4,1,1,0,43.6
1430,2016-02-05,4,6,23,55,75,2,3,1,1,0,32.6
1429,2016-02-02,7,13,25,51,70,9,4,1,2,1,33.2
1428,2016-01-29,20,28,49,51,52,6,2,1,0,0,40.0
1427,2016-01-26,14,27,39,50,69,2,2,1,0,0,39.8
1426,2016-01-22,21,25,40,46,56,3,5,1,0,0,37.6
1425,2016-01-19,2,17,31,39,47,9,2,1,4,0,27.2
1424,2016-01-15,29,41,53,54,70,12,2,1,3,1,49.4
1423,2016-01-12,15,27,29,31,48,15,4,1,2,0,30.0
1422,2016-01-08,11,39,51,57,75,2,5,1,1,1,46.6
1421,2016-01-05,1,4,36,48,57,13,5,1,0,0,29.2
1420,2016-01-01,7,18,37,38,39,9,5,1,2,0,27.8
1419,2015-12-29,20,25,55,62,74,7,3,1,0,1,47.2
1418,2015-12-25,15,25,29,44,51,4,4,1,1,0,32.8
1417,2015-12-22,11,21,40,50,70,15,3,1,1,0,38.4
1416,2015-12-18,6,23,24,28,62,7,5,1,1,0,28.6
1415,2015-12-15,18,25,47,51,61,5,5,1,2,0,40.4
1414,2015-12-11,14,20,43,54,69,5,4,1,1,0,40.0
1413,2015-12-08,7,17,37,49,73,15,3,1,3,1,36.6
1412,2015-12-04,26,42,47,61,73,6,5,1,2,0,49.8
1411,2015-12-01,5,7,25,50,59,12,2,1,3,1,29.2
1410,2015-11-27,16,20,39,56,59,12,3,1,1,0,38.0
1409,2015-11-24,2,19,30,38,70,8,4,1,2,0,31.8
1408,2015-11-20,9,12,29,37,67,15,2,1,3,1,30.8
1407,2015-11-17,12,14,18,24,61,10,3,1,1,1,25.8
1406,2015-11-13,17,18,31,35,59,9,5,1,3,1,32.0
1405,2015-11-10,8,17,20,45,71,4,4,1,1,0,32.2
1404,2015-11-06,10,31,35,50,72,8,3,1,1,0,39.6
1403,2015-11-03,16,29,44,69,74,12,5,1,1,0,46.4
1402,2015-10-30,17,41,51,53,56,15,5,1,3,0,43.6
1401,2015-10-27,9,26,27,29,74,4,3,1,1,0,33.0
1400,2015-10-23,25,32,37,45,70,1,5,1,1,1,41.8
1399,2015-10-20,6,25,35,38,52,4,4,1,0,1,31.2
1398,2015-10-16,2,38,48,61,68,4,3,1,2,1,43.4
1397,2015-10-13,7,9,24,38,52,1,5,1,1,1,26.0
1396,2015-10-09,8,9,21,63,75,14,4,1,0,1,35.2
1395,2015-10-06,17,58,63,64,66,13,3,1,1,0,53.6
1394,2015-10-02,4,14,29,31,47,9,2,1,3,0,25.0
1393,2015-09-29,8,21,30,61,62,9,3,1,1,1,36.4
1392,2015-09-25,3,8,38,51,64,4,5,1,1,2,32.8
1391,2015-09-22,28,30,38,45,51,8,5,1,0,1,38.4
1390,2015-09-18,17,34,35,51,65,7,3,1,1,1,40.4
1389,2015-09-15,7,20,35,49,56,9,4,1,1,0,33.4
1388,2015-09-11,5,11,31,50,67,14,2,1,4,0,32.8
1387,2015-09-08,19,20,36,41,46,7,3,1,2,0,32.4
1386,2015-09-04,17,21,39,52,57,5,5,1,1,0,37.2
1385,2015-09-01,2,5,35,40,54,13,5,1,2,2,27.2
1384,2015-08-28,13,35,40,60,68,9,4,1,1,0,43.2
1383,2015-08-25,5,44,54,59,63,1,5,1,2,0,45.0
1382,2015-08-21,13,15,21,41,72,1,5,1,2,0,32.4
1381,2015-08-18,2,7,33,39,53,9,3,1,3,0,26.8
1380,2015-08-14,12,15,20,52,71,3,4,1,0,0,34.0
1379,2015-08-11,3,8,29,57,68,8,4,1,2,0,33.0
1378,2015-08-07,1,38,53,63,66,10,3,1,1,0,44.2
1377,2015-08-04,2,19,44,51,57,14,2,1,2,0,34.6
1376,2015-07-31,28,32,33,40,46,10,4,1,0,0,35.8
1375,2015-07-28,8,35,61,68,75,15,5,1,1,0,49.4
1374,2015-07-24,10,12,26,60,62,13,5,1,0,1,34.0
1373,2015-07-21,20,30,62,65,74,1,5,1,0,1,50.2
1372,2015-07-17,6,17,30,31,41,15,3,1,3,1,25.0
1371,2015-07-14,19,24,30,35,72,5,3,1,1,1,36.0
1370,2015-07-10,24,27,45,51,54,8,3,1,0,0,40.2
1369,2015-07-07,6,15,16,28,49,14,3,1,0,0,22.8
1368,2015-07-03,33,50,64,71,72,9,4,1,0,1,58.0
1367,2015-06-30,11,17,34,43,50,15,4,1,3,1,31.0
1366,2015-06-26,12,23,33,47,50,3,5,1,2,0,33.0
1365,2015-06-23,6,13,38,56,70,2,5,1,1,0,36.6
1364,2015-06-19,4,35,36,52,68,8,3,1,0,0,39.0
1363,2015-06-16,8,19,26,56,67,14,2,1,2,1,35.2
1362,2015-06-12,1,40,42,56,62,2,5,1,0,0,40.2
1361,2015-06-09,6,16,17,25,36,7,5,1,1,0,20.0
1360,2015-06-05,7,22,27,41,49,10,4,1,2,1,29.2
1359,2015-06-02,2,9,11,22,23,12,4,1,3,0,13.4
1358,2015-05-29,20,27,38,49,66,2,4,1,0,0,40.0
1357,2015-05-26,1,39,52,69,72,12,4,1,0,0,46.6
1356,2015-05-22,3,14,15,25,48,8,5,1,1,0,21.0
1355,2015-05-19,10,12,21,29,65,10,5,1,1,1,27.4
1354,2015-05-15,11,17,21,36,74,15,5,1,2,1,31.8
1353,2015-05-12,14,30,33,36,44,2,5,1,0,0,31.4
1352,2015-05-08,9,21,25,66,72,7,3,1,0,1,38.6
1351,2015-05-05,11,21,42,62,71,7,5,1,1,0,41.4
1350,2015-05-01,17,18,61,66,74,3,3,1,2,0,47.2
1349,2015-04-28,22,27,55,58,63,11,5,1,0,0,45.0
1348,2015-04-24,24,25,29,47,67,4,4,1,3,0,38.4
1347,2015-04-21,31,33,35,41,69,11,5,1,2,1,41.8
1346,2015-04-17,15,18,29,41,50,5,2,1,2,0,30.6
1345,2015-04-14,3,7,25,68,71,3,5,1,2,1,34.8
1344,2015-04-10,6,11,32,46,68,9,2,1,1,0,32.6
1343,2015-04-07,5,15,22,26,64,6,4,1,1,0,26.4
1342,2015-04-03,10,36,47,63,74,2,5,1,1,0,46.0
1341,2015-03-31,8,26,41,61,73,11,5,1,2,0,41.8
1340,2015-03-27,17,21,36,58,70,3,5,1,1,0,40.4
1339,2015-03-24,2,23,32,45,55,12,2,1,2,0,31.4
1338,2015-03-20,7,50,54,61,75,7,4,1,2,0,49.4
1337,2015-03-17,11,27,44,45,58,3,5,1,1,1,37.0
1336,2015-03-13,8,22,30,42,45,3,5,1,0,1,29.4
1335,2015-03-10,10,14,19,30,73,14,5,1,1,2,29.2
1334,2015-03-06,30,48,55,68,73,5,3,1,0,0,54.8
1333,2015-03-03,9,11,42,44,50,3,4,1,1,0,31.2
1332,2015-02-27,7,49,53,60,64,4,2,1,2,0,46.6
1331,2015-02-24,15,23,26,45,66,4,3,1,1,1,35.0
1330,2015-02-20,2,6,8,52,66,13,3,1,1,2,26.8
1329,2015-02-17,6,45,50,65,66,1,5,1,0,1,46.4
1328,2015-02-13,4,20,44,65,74,14,3,1,0,0,41.4
1327,2015-02-10,7,42,53,58,71,15,2,1,2,0,46.2
1326,2015-02-06,5,6,17,33,68,13,3,1,2,0,25.8
1325,2015-02-03,11,22,25,58,69,13,5,1,1,0,37.0
1324,2015-01-30,18,31,39,45,55,6,5,1,1,0,37.6
1323,2015-01-27,5,26,27,44,57,7,3,1,1,0,31.8
1322,2015-01-23,14,15,32,68,72,8,2,1,0,0,40.2
1321,2015-01-20,31,35,56,59,63,6,5,1,2,0,48.8
1320,2015-01-16,26,32,44,45,58,11,3,1,0,0,41.0
1319,2015-01-13,12,20,25,50,51,7,5,1,0,1,31.6
1318,2015-01-09,37,49,50,56,57,8,5,1,1,0,49.8
1317,2015-01-06,12,20,27,38,75,4,3,1,0,0,34.4
1316,2015-01-02,13,15,35,62,74,12,4,1,1,0,39.8
1315,2014-12-30,3,7,44,63,67,12,4,1,3,0,36.8
1314,2014-12-26,2,5,10,20,38,14,3,1,2,1,15.0
1313,2014-12-23,4,10,31,56,66,7,3,1,1,0,33.4
1312,2014-12-19,14,18,58,59,68,4,3,1,1,2,43.4
1311,2014-12-16,41,58,68,72,73,1,5,1,1,1,62.4
1310,2014-12-12,2,31,46,58,65,7,5,1,2,0,40.4
1309,2014-12-09,27,45,49,51,52,14,5,1,0,1,44.8
1308,2014-12-05,4,5,11,51,59,5,5,1,3,0,26.0
1307,2014-12-02,13,18,22,49,62,11,5,1,1,0,32.8
1306,2014-11-28,8,26,29,36,47,10,3,1,2,2,29.2
1305,2014-11-25,10,11,29,47,56,4,2,1,3,0,30.6
1304,2014-11-21,3,12,35,37,63,15,2,1,2,1,30.0
1303,2014-11-18,37,39,53,68,75,6,2,1,2,1,54.4
1302,2014-11-14,3,49,61,62,68,15,5,1,2,0,48.6
1301,2014-11-11,23,25,28,30,75,11,5,1,1,0,36.2
1300,2014-11-07,31,35,41,65,66,5,5,1,2,1,47.6
1299,2014-11-04,9,15,24,39,41,1,4,1,1,0,25.6
1298,2014-10-31,11,29,36,58,67,15,2,1,3,1,40.2
1297,2014-10-28,3,50,57,58,60,11,5,1,1,0,45.6
1296,2014-10-24,2,14,21,28,55,3,3,1,1,0,24.0
1295,2014-10-21,5,35,37,41,66,11,5,1,3,0,36.8
1294,2014-10-17,21,31,43,56,60,12,4,1,2,0,42.2
1293,2014-10-14,11,37,46,64,68,15,3,1,2,0,45.2
1292,2014-10-10,2,32,35,50,59,3,5,1,2,0,35.6
1291,2014-10-07,16,29,46,48,55,2,3,1,1,0,38.8
1290,2014-10-03,3,20,34,58,67,6,3,1,2,1,36.4
1289,2014-09-30,3,16,52,54,61,6,5,1,2,0,37.2
1288,2014-09-26,17,26,35,46,62,9,5,1,1,0,37.2
1287,2014-09-23,21,24,25,40,43,12,5,1,1,1,30.6
1286,2014-09-19,16,25,27,29,34,2,2,1,1,1,26.2
1285,2014-09-16,25,45,51,53,73,2,2,1,1,0,49.4
1284,2014-09-12,18,28,33,36,42,7,3,1,0,0,31.4
1283,2014-09-09,25,34,55,70,71,1,4,1,0,0,51.0
1282,2014-09-05,7,12,20,24,59,7,2,1,2,0,24.4
1281,2014-09-02,1,8,54,69,72,1,3,1,0,0,40.8
1280,2014-08-29,3,26,45,58,73,12,2,1,1,0,41.0
1279,2014-08-26,29,31,51,60,64,1,5,1,2,1,47.0
1278,2014-08-22,5,31,34,41,74,3,5,1,3,0,37.0
1277,2014-08-19,22,39,56,67,71,15,4,1,1,0,51.0
1276,2014-08-15,16,19,28,29,68,9,2,1,2,1,32.0
1275,2014-08-12,32,53,60,63,68,6,4,1,1,0,55.2
1274,2014-08-08,9,16,61,70,75,7,5,1,1,0,46.2
1273,2014-08-05,25,28,36,45,53,6,5,1,1,0,37.4
1272,2014-08-01,13,29,34,37,72,6,5,1,3,0,37.0
1271,2014-07-29,2,8,16,43,74,1,4,1,2,0,28.6
1270,2014-07-25,22,29,33,41,68,12,5,1,2,1,38.6
1269,2014-07-22,14,18,22,31,47,15,3,1,2,0,26.4
1268,2014-07-18,5,8,59,65,72,3,3,1,2,0,41.8
1267,2014-07-15,2,4,17,36,40,5,2,1,2,0,19.8
1266,2014-07-11,9,13,30,35,69,10,5,1,1,0,31.2
1265,2014-07-08,14,25,27,48,49,9,5,1,0,0,32.6
1264,2014-07-04,16,33,39,58,69,2,5,1,0,0,43.0
1263,2014-07-01,9,22,38,47,49,15,3,1,1,0,33.0
1262,2014-06-27,15,29,31,46,64,10,3,1,2,0,37.0
1261,2014-06-24,13,17,24,47,65,10,4,1,3,0,33.2
1260,2014-06-20,1,22,25,29,56,3,5,1,1,0,26.6
1259,2014-06-17,10,14,24,47,60,3,4,1,1,0,31.0
1258,2014-06-13,7,38,46,49,56,1,5,1,1,0,39.2
1257,2014-06-10,2,10,24,26,74,7,5,1,1,0,27.2
1256,2014-06-06,12,29,37,49,72,9,4,1,2,0,39.8
1255,2014-06-03,19,28,62,66,74,6,3,1,1,1,49.8
1254,2014-05-30,10,13,42,43,62,2,4,1,2,1,34.0
1253,2014-05-27,1,6,10,46,58,13,2,1,0,0,24.2
1252,2014-05-23,12,14,21,38,70,15,4,1,0,0,31.0
1251,2014-05-20,10,40,63,64,69,7,2,1,0,0,49.2
1250,2014-05-16,13,14,16,50,56,11,5,1,1,0,29.8
1249,2014-05-13,37,46,48,70,74,1,2,1,1,0,55.0
1248,2014-05-09,10,28,39,51,59,14,2,1,1,1,37.4
1247,2014-05-06,18,20,27,48,51,5,3,1,0,1,32.8
1246,2014-05-02,1,18,26,35,40,13,5,1,0,0,24.0
1245,2014-04-29,7,43,59,61,66,3,3,1,4,1,47.2
1244,2014-04-25,3,11,18,20,66,9,2,1,2,1,23.6
1243,2014-04-22,2,18,19,49,50,1,3,1,2,1,27.6
1242,2014-04-18,18,25,38,45,63,9,2,1,0,0,37.8
1241,2014-04-15,4,39,46,47,70,13,3,1,1,1,41.2
1240,2014-04-11,3,42,44,47,57,8,5,1,2,0,38.6
1239,2014-04-08,35,36,41,60,71,3,3,1,1,1,48.6
1238,2014-04-04,1,10,15,41,54,9,2,1,1,1,24.2
1237,2014-04-01,10,23,68,74,75,9,5,1,1,0,50.0
1236,2014-03-28,2,3,9,50,73,12,3,1,2,1,27.4
1235,2014-03-25,19,26,51,57,73,15,3,1,1,0,45.2
1234,2014-03-21,2,23,30,35,53,10,5,1,3,0,28.6
1233,2014-03-18,11,19,24,33,51,7,3,1,2,0,27.6
1232,2014-03-14,7,20,40,54,69,12,3,1,1,1,38.0
1231,2014-03-11,9,14,56,57,69,10,4,1,0,2,41.0
1230,2014-03-07,11,13,51,57,69,1,4,1,2,0,40.2
1229,2014-03-04,10,29,31,35,45,10,2,1,2,1,30.0
1228,2014-02-28,3,31,50,58,59,6,4,1,3,0,40.2
1227,2014-02-25,12,18,25,35,66,15,5,1,0,0,31.2
1226,2014-02-21,23,29,32,45,46,15,5,1,2,2,35.0
1225,2014-02-18,23,29,31,37,70,14,5,1,4,0,38.0
1224,2014-02-14,20,28,35,71,72,7,3,1,0,1,45.2
1223,2014-02-11,43,64,67,71,73,4,2,1,2,1,63.6
1222,2014-02-07,11,21,23,35,64,10,3,1,2,0,30.8
1221,2014-02-04,25,44,49,60,73,9,3,1,0,0,50.2
1220,2014-01-31,3,9,13,47,52,8,4,1,3,0,24.8
1219,2014-01-28,7,16,28,53,60,2,3,1,2,0,32.8
1218,2014-01-24,22,45,46,47,65,10,5,1,1,1,45.0
1217,2014-01-21,8,23,33,45,52,4,4,1,1,0,32.2
1216,2014-01-17,1,10,26,31,51,11,4,1,1,1,23.8
1215,2014-01-14,4,23,26,62,69,13,3,1,1,0,36.8
1214,2014-01-10,8,28,36,37,57,8,3,1,1,0,33.2
1213,2014-01-07,13,34,56,62,64,6,5,1,1,0,45.8
1212,2014-01-03,22,24,25,40,70,5,5,1,0,0,36.2
1211,2013-12-31,8,12,34,52,58,8,3,1,0,0,32.8
1210,2013-12-27,4,15,35,48,49,11,5,1,0,0,30.2
1209,2013-12-24,23,34,53,58,73,2,3,1,2,0,48.2
1208,2013-12-20,3,4,31,49,57,6,2,1,2,0,28.8
1207,2013-12-17,8,14,17,20,39,7,4,1,1,0,19.6
1206,2013-12-13,19,24,26,27,70,12,2,1,1,0,33.2
1205,2013-12-10,5,12,22,41,65,13,2,1,2,0,29.0
1204,2013-12-06,11,29,44,63,64,3,3,1,2,1,42.2
1203,2013-12-03,7,12,41,44,59,3,3,1,3,1,32.6
1202,2013-11-29,9,41,43,47,57,5,4,1,3,0,39.4
1201,2013-11-26,27,44,59,74,75,3,5,1,1,1,55.8
1200,2013-11-22,17,23,35,36,44,8,3,1,2,0,31.0
1199,2013-11-19,14,15,29,49,63,2,3,1,1,2,34.0
1198,2013-11-15,25,44,49,54,63,8,4,1,0,0,47.0
1197,2013-11-12,20,30,32,42,71,15,5,1,0,1,39.0
1196,2013-11-08,41,42,51,57,65,7,2,1,1,1,51.2
1195,2013-11-05,2,11,42,64,74,2,5,1,2,0,38.6
1194,2013-11-01,32,35,49,62,67,1,5,1,1,0,49.0
1193,2013-10-29,20,33,50,53,54,7,3,1,1,1,42.0
1192,2013-10-25,6,16,45,54,60,15,2,1,0,0,36.2
1191,2013-10-22,2,3,19,52,71,14,5,1,3,0,29.4
1190,2013-10-15,4,23,30,43,50,11,4,1,2,0,30.0
1189,2013-10-11,3,27,37,45,48,46,4,1,2,0,32.0
1188,2013-10-08,6,15,19,23,40,5,3,1,2,0,20.6
1187,2013-10-04,4,16,24,25,44,5,3,1,0,0,22.6
1186,2013-10-01,7,10,30,37,53,1,3,1,3,0,27.4
1185,2013-09-27,9,23,27,49,51,38,2,1,1,0,31.8
1184,2013-09-24,4,11,32,39,40,33,3,1,1,0,25.2
1183,2013-09-20,1,15,20,21,47,34,2,1,1,1,20.8
1182,2013-09-17,6,15,27,31,39,25,2,1,1,0,23.6
1181,2013-09-13,9,22,28,48,54,8,4,1,0,1,32.2
1180,2013-09-10,2,12,18,54,56,1,3,1,1,1,28.4
1179,2013-09-06,2,16,17,22,41,31,4,1,3,1,19.6
1178,2013-09-03,4,13,14,28,41,28,3,1,2,0,20.0
1177,2013-08-30,6,19,24,43,44,33,2,1,2,0,27.2
1176,2013-08-27,4,7,30,36,38,38,4,1,1,0,23.0
1175,2013-08-23,1,9,17,20,53,14,4,1,2,0,20.0
1174,2013-08-20,13,28,35,38,41,33,3,1,2,1,31.0
1173,2013-08-16,7,13,26,36,46,37,4,1,2,0,25.6
1172,2013-08-13,2,31,32,37,41,40,4,1,4,0,28.6
1171,2013-08-09,11,20,30,34,38,12,3,1,1,1,26.6
1170,2013-08-06,1,11,16,51,55,41,3,1,1,0,26.8
1169,2013-08-02,8,21,23,25,39,4,2,1,1,1,23.2
1168,2013-07-30,25,27,36,42,44,39,3,1,0,1,34.8
1167,2013-07-26,4,22,23,27,38,42,4,1,1,0,22.8
1166,2013-07-23,25,32,35,50,51,46,3,1,0,0,38.6
1165,2013-07-19,16,20,24,39,42,46,3,1,0,0,28.2
1164,2013-07-16,10,14,21,40,53,20,2,1,1,0,27.6
1163,2013-07-12,4,5,25,27,51,10,3,1,1,0,22.4
1162,2013-07-09,3,21,43,45,48,14,2,1,2,0,32.0
1161,2013-07-05,2,23,41,47,54,42,4,1,4,0,33.4
1160,2013-07-02,36,42,51,52,53,40,4,1,1,1,46.8
1159,2013-06-28,8,15,35,46,52,38,4,1,0,0,31.2
1158,2013-06-25,3,5,28,33,51,16,2,1,2,1,24.0
1157,2013-06-21,3,14,17,40,50,3,3,1,2,2,24.8
1156,2013-06-18,6,17,34,40,48,30,2,1,1,1,29.0
1155,2013-06-14,2,5,31,33,34,20,4,1,3,0,21.0
1154,2013-06-11,15,40,45,50,53,28,4,1,1,0,40.6
1153,2013-06-07,1,10,37,48,55,21,4,1,1,2,30.2
1152,2013-06-04,10,11,12,20,55,19,3,1,1,1,21.6
1151,2013-05-31,2,20,26,44,46,26,3,1,1,0,27.6
1150,2013-05-28,4,12,25,32,54,36,4,1,0,1,25.4
1149,2013-05-24,4,5,16,18,53,28,4,1,2,0,19.2
1148,2013-05-21,2,15,17,48,55,11,4,1,2,1,27.4
1147,2013-05-17,11,15,35,43,49,41,4,1,2,0,30.6
1146,2013-05-14,6,10,12,28,32,38,4,1,0,0,17.6
1145,2013-05-10,1,19,20,39,49,28,4,1,1,2,25.6
1144,2013-05-07,1,6,13,20,51,31,4,1,1,1,18.2
1143,2013-05-03,2,20,34,42,54,39,2,1,1,1,30.4
1142,2013-04-30,21,30,34,39,49,43,3,1,0,1,34.6
1141,2013-04-26,17,42,49,54,55,31,4,1,1,0,43.4
1140,2013-04-23,9,21,22,32,50,10,3,1,0,1,26.8
1139,2013-04-19,6,8,12,22,43,28,4,1,1,0,18.2
1138,2013-04-16,2,5,15,18,39,42,2,1,2,0,15.8
1137,2013-04-12,1,10,13,19,21,28,3,1,2,0,12.8
1136,2013-04-09,17,30,41,48,54,13,4,1,2,1,38.0
1135,2013-04-05,8,15,23,36,41,5,3,1,2,0,24.6
1134,2013-04-02,7,10,14,40,47,34,4,1,2,0,23.6
1133,2013-03-29,25,31,36,46,53,21,4,1,2,1,38.2
1132,2013-03-26,20,33,46,49,51,46,4,1,0,0,39.8
1131,2013-03-22,14,27,34,37,41,38,4,1,2,2,30.6
1130,2013-03-19,3,6,14,21,37,35,3,1,2,0,16.2
1129,2013-03-15,4,8,17,22,32,8,2,1,1,0,16.6
1128,2013-03-12,9,12,19,20,30,39,4,1,1,0,18.0
1127,2013-03-08,4,11,25,34,35,44,4,1,1,0,21.8
1126,2013-03-05,6,20,39,41,46,42,3,1,1,0,30.4
1125,2013-03-01,17,30,38,43,51,20,4,1,2,1,35.8
1124,2013-02-26,6,7,13,15,43,7,4,1,3,1,16.8
1123,2013-02-22,9,13,24,38,49,30,3,1,1,0,26.6
1122,2013-02-19,1,15,19,30,56,28,3,1,1,0,24.2
1121,2013-02-15,11,35,41,42,44,42,4,1,2,0,34.6
1120,2013-02-12,9,22,32,38,55,44,3,1,0,0,31.2
1119,2013-02-08,6,15,20,39,50,5,4,1,0,0,26.0
1118,2013-02-05,2,5,10,26,44,46,4,1,2,0,17.4
1117,2013-02-01,1,30,32,40,41,17,3,1,1,0,28.8
1116,2013-01-29,8,12,27,46,47,6,3,1,1,1,28.0
1115,2013-01-25,11,12,17,31,48,1,4,1,3,1,23.8
1114,2013-01-22,7,11,16,39,54,13,3,1,2,0,25.4
1113,2013-01-18,8,18,25,42,49,14,3,1,0,0,28.4
1112,2013-01-15,1,6,12,19,41,14,4,1,2,0,15.8
1111,2013-01-11,24,29,30,34,56,1,4,1,1,0,34.6
1110,2013-01-08,3,20,21,38,42,19,4,1,1,0,24.8
1109,2013-01-04,1,2,23,25,55,39,4,1,2,1,21.2
1108,2013-01-01,4,11,21,25,44,29,4,1,1,0,21.0
1107,2012-12-28,10,13,32,40,41,32,4,1,2,0,27.2
1106,2012-12-25,2,3,18,34,48,36,4,1,2,2,21.0
1105,2012-12-21,3,18,32,41,56,19,3,1,2,1,30.0
1104,2012-12-18,1,6,7,18,29,16,3,1,2,0,12.2
1103,2012-12-14,11,28,33,41,43,41,4,1,3,0,31.2
1102,2012-12-11,39,44,51,52,54,13,4,1,0,2,48.0
1101,2012-12-07,7,43,44,51,56,4,3,1,2,1,40.2
1100,2012-12-04,3,19,24,32,43,44,4,1,3,1,24.2
1099,2012-11-30,11,22,24,28,31,46,3,1,2,0,23.2
1098,2012-11-27,5,12,26,42,49,24,4,1,1,0,26.8
1097,2012-11-23,8,37,44,47,48,27,4,1,2,0,36.8
1096,2012-11-20,9,13,22,38,52,44,4,1,1,0,26.8
1095,2012-11-16,5,24,26,29,53,36,4,1,3,0,27.4
1094,2012-11-13,6,12,31,46,56,34,2,1,1,0,30.2
1093,2012-11-09,18,22,33,35,40,11,4,1,0,1,29.6
1092,2012-11-06,3,5,13,32,35,6,3,1,3,0,17.6
1091,2012-11-02,4,18,22,38,44,24,3,1,0,1,25.2
1090,2012-10-30,5,12,18,29,56,38,4,1,2,0,24.0
1089,2012-10-26,4,15,24,36,40,44,2,1,0,0,23.8
1088,2012-10-23,1,17,42,46,55,1,2,1,1,0,32.2
1087,2012-10-19,14,34,36,48,53,42,3,1,1,0,37.0
1086,2012-10-16,13,37,40,46,52,29,4,1,2,0,37.6
1085,2012-10-12,6,10,24,26,42,15,4,1,0,1,21.6
1084,2012-10-09,6,15,16,22,37,3,4,1,1,1,19.2
1083,2012-10-05,8,9,16,32,39,15,3,1,0,0,20.8
1082,2012-10-02,10,11,20,42,55,9,4,1,1,0,27.6
1081,2012-09-28,6,8,14,43,56,28,4,1,1,1,25.4
1080,2012-09-25,7,8,23,50,51,26,3,1,2,0,27.8
1079,2012-09-21,3,13,14,46,55,34,4,1,2,0,26.2
1078,2012-09-18,5,9,22,36,49,36,3,1,1,0,24.2
1077,2012-09-14,16,17,21,40,51,20,4,1,1,0,29.0
1076,2012-09-11,5,11,20,33,36,11,3,1,2,0,21.0
1075,2012-09-07,15,32,38,42,46,31,4,1,0,1,34.6
1074,2012-09-04,16,32,39,41,53,16,3,1,2,1,36.2
1073,2012-08-31,31,40,41,47,48,45,3,1,3,1,41.4
1072,2012-08-28,4,9,40,45,50,39,4,1,0,1,29.6
1071,2012-08-24,25,34,45,46,49,34,2,1,0,0,39.8
1070,2012-08-21,5,13,20,23,33,30,2,1,3,1,18.8
1069,2012-08-17,8,20,24,35,56,24,3,1,0,0,28.6
1068,2012-08-14,15,23,34,39,55,32,4,1,1,0,33.2
1067,2012-08-10,10,18,36,38,44,8,4,1,0,0,29.2
1066,2012-08-07,30,32,33,42,48,7,4,1,0,0,37.0
1065,2012-08-03,2,10,13,38,46,2,3,1,2,0,21.8
1064,2012-07-31,5,18,21,29,41,37,3,1,3,0,22.8
1063,2012-07-27,2,3,4,8,43,26,3,1,3,0,12.0
1062,2012-07-24,5,9,38,46,51,5,4,1,1,0,29.8
1061,2012-07-20,2,44,48,50,52,3,3,1,1,0,39.2
1060,2012-07-17,1,13,21,49,55,17,4,1,1,1,27.8
1059,2012-07-13,6,7,13,24,46,34,2,1,2,0,19.2
1058,2012-07-10,3,11,19,23,36,21,4,1,4,1,18.4
1057,2012-07-06,20,23,28,35,39,21,3,1,1,0,29.0
1056,2012-07-03,3,4,24,36,52,45,4,1,1,0,23.8
1055,2012-06-29,28,34,39,45,53,34,4,1,1,0,39.8
1054,2012-06-26,3,16,23,35,36,20,4,1,2,2,22.6
1053,2012-06-22,10,16,19,32,36,13,3,1,1,0,22.6
1052,2012-06-19,11,21,27,30,53,11,2,1,2,1,28.4
1051,2012-06-15,8,12,18,30,40,4,3,1,0,0,21.6
1050,2012-06-12,2,9,17,34,50,45,4,1,2,2,22.4
1049,2012-06-08,4,9,34,40,48,25,3,1,0,0,27.0
1048,2012-06-05,37,39,42,53,55,22,3,1,2,0,45.2
1047,2012-06-01,2,27,38,46,52,45,3,1,1,1,33.0
1046,2012-05-29,2,14,29,53,55,31,3,1,3,0,30.6
1045,2012-05-25,9,15,21,40,54,11,4,1,0,0,27.8
1044,2012-05-22,10,14,35,43,52,16,2,1,1,0,30.8
1043,2012-05-18,3,11,22,34,49,1,4,1,2,1,23.8
1042,2012-05-15,10,11,12,14,24,6,4,1,1,0,14.2
1041,2012-05-11,3,15,29,35,54,8,4,1,2,0,27.2
1040,2012-05-08,2,6,8,18,51,19,3,1,1,0,17.0
1039,2012-05-04,4,11,21,42,53,38,4,1,2,0,26.2
1038,2012-05-01,24,27,31,45,52,38,4,1,1,1,35.8
1037,2012-04-27,2,5,45,46,47,37,4,1,3,0,29.0
1036,2012-04-24,3,9,15,37,38,39,4,1,2,0,20.4
1035,2012-04-20,14,23,26,33,35,40,3,1,1,0,26.2
1034,2012-04-17,1,16,24,32,48,2,4,1,0,0,24.2
1033,2012-04-13,9,14,17,36,42,33,4,1,1,0,23.6
1032,2012-04-10,2,6,12,31,48,25,4,1,2,1,19.8
1031,2012-04-06,2,19,20,24,33,39,4,1,2,0,19.6
1030,2012-04-03,11,35,38,41,52,40,4,1,2,1,35.4
1029,2012-03-30,2,4,23,38,46,23,3,1,2,0,22.6
1028,2012-03-27,9,19,34,44,51,24,3,1,1,1,31.4
1027,2012-03-23,6,17,19,20,21,20,4,1,2,1,16.6
1026,2012-03-20,1,4,6,11,14,30,4,1,1,0,7.2
1025,2012-03-16,28,29,43,51,53,7,3,1,3,0,40.8
1024,2012-03-13,2,8,30,36,48,31,3,1,1,1,24.8
1023,2012-03-09,9,10,27,36,42,11,4,1,0,1,24.8
1022,2012-03-06,20,24,31,33,36,44,4,1,1,0,28.8
1021,2012-03-02,16,29,48,52,54,5,2,1,1,1,39.8
1020,2012-02-28,6,15,29,39,51,36,3,1,1,0,28.0
1019,2012-02-24,1,16,18,25,27,3,4,1,0,0,17.4
1018,2012-02-21,9,30,39,42,47,37,3,1,1,0,33.4
1017,2012-02-17,16,25,28,32,40,3,3,1,0,0,28.2
1016,2012-02-14,3,5,10,26,27,27,2,1,2,1,14.2
1015,2012-02-10,3,4,18,29,50,20,4,1,2,0,20.8
1014,2012-02-07,17,23,30,37,45,4,4,1,3,0,30.4
1013,2012-02-03,7,19,21,49,53,35,4,1,3,0,29.8
1012,2012-01-31,9,17,18,28,43,9,3,1,2,0,23.0
1011,2012-01-27,3,5,30,36,48,23,4,1,2,1,24.4
1010,2012-01-24,10,22,24,36,49,33,4,1,0,0,28.2
1009,2012-01-20,1,9,28,38,47,8,2,1,1,0,24.6
1008,2012-01-17,3,15,31,36,53,27,2,1,3,0,27.6
1007,2012-01-13,10,27,28,37,51,19,3,1,1,1,30.6
1006,2012-01-10,4,10,16,38,48,34,3,1,0,1,23.2
1005,2012-01-06,9,17,28,34,48,46,2,1,1,0,27.2
1004,2012-01-03,2,3,15,22,36,23,2,1,2,0,15.6
1003,2011-12-30,4,24,45,46,52,1,4,1,0,0,34.2
1002,2011-12-27,23,32,33,39,43,8,3,1,2,0,34.0
1001,2011-12-23,3,5,8,18,29,14,4,1,3,0,12.6
1000,2011-12-20,20,24,27,45,51,31,4,1,0,0,33.4
999,2011-12-16,2,4,26,36,39,27,3,1,1,1,21.4
998,2011-12-13,5,6,22,26,41,6,4,1,2,0,20.0
997,2011-12-09,4,12,29,49,51,44,4,1,1,2,29.0
996,2011-12-06,7,21,29,35,49,39,4,1,2,0,28.2
995,2011-12-02,24,30,48,51,56,45,4,1,0,1,41.8
994,2011-11-29,17,29,43,48,52,36,4,1,3,0,37.8
993,2011-11-25,22,28,42,49,54,43,3,1,0,0,39.0
992,2011-11-22,4,16,23,33,48,38,2,1,1,2,24.8
991,2011-11-18,4,13,33,39,55,3,4,1,1,1,28.8
990,2011-11-15,3,6,24,30,33,21,4,1,1,0,19.2
989,2011-11-11,2,16,22,29,50,27,4,1,2,0,23.8
988,2011-11-08,5,31,45,47,54,4,4,1,3,0,36.4
987,2011-11-04,26,30,32,33,44,1,4,1,0,0,33.0
986,2011-11-01,27,31,39,40,46,36,3,1,1,1,36.6
985,2011-10-28,13,31,49,52,56,41,4,1,2,1,40.2
984,2011-10-25,13,33,40,44,46,8,4,1,1,0,35.2
983,2011-10-21,6,21,35,37,38,17,3,1,1,0,27.4
982,2011-10-18,24,25,45,47,53,42,2,1,2,1,38.8
981,2011-10-14,13,35,42,45,54,26,4,1,1,0,37.8
980,2011-10-11,25,34,38,44,56,27,4,1,0,1,39.4
979,2011-10-07,5,15,19,23,38,19,4,1,3,0,20.0
978,2011-10-04,3,26,40,45,52,11,3,1,1,2,33.2
977,2011-09-30,3,19,21,44,45,29,4,1,2,1,26.4
976,2011-09-27,2,20,28,36,45,37,4,1,1,0,26.2
975,2011-09-23,27,31,32,40,52,36,4,1,1,0,36.4
974,2011-09-20,6,29,38,50,51,39,4,1,1,1,34.8
973,2011-09-16,6,23,41,45,56,24,4,1,2,1,34.2
972,2011-09-13,22,31,43,48,56,45,4,1,2,1,40.0
971,2011-09-09,7,12,19,23,31,45,4,1,4,0,18.4
970,2011-09-06,1,36,38,42,49,19,4,1,0,1,33.2
969,2011-09-02,25,44,48,49,55,20,3,1,0,1,44.2
968,2011-08-30,2,22,25,28,50,18,4,1,1,1,25.4
967,2011-08-26,2,3,27,30,47,36,3,1,3,0,21.8
966,2011-08-23,11,21,44,48,49,23,3,1,1,0,34.6
965,2011-08-19,5,15,53,54,56,22,2,1,2,0,36.6
964,2011-08-16,4,38,41,42,43,44,4,1,2,1,33.6
963,2011-08-12,9,43,51,54,55,13,4,1,1,1,42.4
962,2011-08-09,11,19,39,45,54,15,4,1,2,0,33.6
961,2011-08-05,6,24,28,33,42,19,3,1,0,0,26.6
960,2011-08-02,14,17,19,20,32,28,4,1,2,0,20.4
959,2011-07-29,8,10,22,47,48,35,4,1,1,0,27.0
958,2011-07-26,20,25,35,52,55,10,3,1,0,0,37.4
957,2011-07-22,23,31,32,39,56,38,4,1,2,0,36.2
956,2011-07-19,2,9,10,16,35,40,4,1,1,1,14.4
955,2011-07-15,16,29,30,46,56,6,3,1,1,0,35.4
954,2011-07-12,3,9,11,44,49,9,4,1,2,0,23.2
953,2011-07-08,1,2,22,37,50,45,3,1,2,1,22.4
952,2011-07-05,1,10,13,18,46,19,2,1,1,0,17.6
951,2011-07-01,12,17,30,35,47,26,4,1,2,3,28.2
950,2011-06-28,12,17,27,47,48,33,4,1,2,0,30.2
949,2011-06-24,10,14,40,49,51,4,3,1,0,0,32.8
948,2011-06-21,11,24,25,31,46,17,3,1,2,1,27.4
947,2011-06-17,12,29,46,47,51,24,4,1,2,1,37.0
946,2011-06-14,9,10,20,51,53,24,4,1,1,0,28.6
945,2011-06-10,18,21,27,37,38,7,3,1,1,0,28.2
944,2011-06-07,29,32,35,47,52,13,4,1,2,0,39.0
943,2011-06-03,20,23,41,49,53,31,3,1,3,0,37.2
942,2011-05-31,28,30,31,37,55,13,3,1,2,1,36.2
941,2011-05-27,5,7,14,28,56,10,4,1,2,0,22.0
940,2011-05-24,9,12,21,42,43,42,3,1,1,0,25.4
939,2011-05-20,10,17,19,45,48,30,4,1,2,2,27.8
938,2011-05-17,1,2,17,25,48,45,4,1,2,0,18.6
937,2011-05-13,3,33,39,47,53,9,4,1,3,0,35.0
936,2011-05-10,11,16,34,40,51,34,4,1,1,0,30.4
935,2011-05-06,6,18,26,37,41,9,3,1,2,0,25.6
934,2011-05-03,1,16,29,36,50,16,2,1,1,0,26.4
933,2011-04-29,9,10,11,33,51,29,4,1,1,0,22.8
932,2011-04-26,19,29,32,38,55,15,3,1,2,0,34.6
931,2011-04-22,3,18,46,51,53,17,3,1,2,1,34.2
930,2011-04-19,20,24,32,45,51,43,4,1,0,0,34.4
929,2011-04-15,22,23,33,39,48,29,3,1,1,2,33.0
928,2011-04-12,10,23,39,41,45,15,2,1,2,1,31.6
927,2011-04-08,6,40,45,50,56,11,3,1,0,0,39.4
926,2011-04-05,1,19,20,31,36,9,2,1,2,1,21.4
925,2011-04-01,13,14,35,36,53,19,3,1,2,0,30.2
924,2011-03-29,6,15,23,34,38,43,4,1,1,0,23.2
923,2011-03-25,22,24,31,52,54,4,4,1,1,0,36.6
922,2011-03-22,1,14,35,50,53,43,4,1,1,1,30.6
921,2011-03-18,14,33,34,54,56,37,4,1,0,0,38.2
920,2011-03-15,10,11,12,28,43,45,4,1,2,0,20.8
919,2011-03-11,14,19,21,42,45,6,2,1,1,1,28.2
918,2011-03-08,3,17,19,41,55,24,4,1,4,1,27.0
917,2011-03-04,8,10,15,23,41,7,4,1,2,0,19.4
916,2011-03-01,1,12,19,20,47,25,3,1,2,1,19.8
915,2011-02-25,4,5,17,19,50,7,4,1,3,0,19.0
914,2011-02-22,15,22,23,48,55,31,4,1,1,0,32.6
913,2011-02-18,5,6,7,30,45,42,3,1,2,0,18.6
912,2011-02-15,17,18,24,35,39,18,4,1,1,1,26.6
911,2011-02-11,8,9,17,32,34,13,2,1,1,0,20.0
910,2011-02-08,25,35,36,47,48,18,2,1,1,1,38.2
909,2011-02-04,6,20,29,48,55,6,4,1,1,0,31.6
908,2011-02-01,16,22,23,26,35,31,4,1,1,0,24.4
907,2011-01-28,14,33,48,49,50,18,4,1,0,1,38.8
906,2011-01-25,5,8,31,46,50,4,4,1,2,1,28.0
905,2011-01-21,5,9,21,35,38,20,4,1,1,1,21.6
904,2011-01-18,4,27,29,38,45,5,4,1,1,0,28.6
903,2011-01-14,2,15,17,33,35,8,1,1,2,0,20.4
902,2011-01-11,1,4,11,16,45,37,1,1,1,1,15.4
901,2011-01-07,4,22,42,46,53,20,1,1,1,1,33.4
900,2011-01-04,4,8,15,25,47,42,1,1,1,0,19.8
899,2010-12-31,10,12,13,35,56,9,1,1,1,0,25.2
898,2010-12-28,6,18,36,40,49,7,1,1,0,1,29.8
897,2010-12-24,15,16,27,40,52,16,1,1,0,0,30.0
896,2010-12-21,8,11,12,31,32,29,1,1,2,1,18.8
895,2010-12-17,11,20,26,46,53,12,1,1,2,0,31.2
894,2010-12-14,18,22,25,31,38,29,1,1,1,0,26.8
893,2010-12-10,23,27,33,44,46,36,1,1,1,0,34.6
892,2010-12-07,4,38,45,53,54,9,1,1,1,0,38.8
891,2010-12-03,6,11,12,18,56,12,1,1,1,1,20.6
890,2010-11-30,11,16,19,47,53,2,1,1,4,1,29.2
889,2010-11-26,5,9,34,43,47,8,1,1,3,1,27.6
888,2010-11-23,2,6,12,34,35,33,1,1,1,0,17.8
887,2010-11-19,7,14,31,51,54,35,1,1,2,0,31.4
886,2010-11-16,1,26,27,39,46,21,1,1,0,1,27.8
885,2010-11-12,9,26,28,35,38,10,1,1,0,2,27.2
884,2010-11-09,8,26,28,33,53,11,1,1,1,1,29.6
883,2010-11-05,19,25,34,46,53,15,1,1,2,0,35.4
882,2010-11-02,1,3,12,16,54,46,1,1,1,0,17.2
881,2010-10-29,4,19,26,28,39,14,1,1,1,0,23.2
880,2010-10-26,15,21,30,31,32,26,1,1,1,1,25.8
879,2010-10-22,2,7,18,32,53,18,1,1,3,1,22.4
878,2010-10-19,2,9,14,37,42,41,1,1,2,1,20.8
877,2010-10-15,9,10,13,31,50,10,1,1,2,2,22.6
876,2010-10-12,10,31,36,37,43,15,1,1,3,1,31.4
875,2010-10-08,24,29,37,48,50,19,1,1,2,2,37.6
874,2010-10-05,10,19,24,37,44,27,1,1,2,0,26.8
873,2010-10-01,3,8,21,28,52,43,1,1,1,0,22.4
872,2010-09-28,2,10,13,36,38,18,1,1,2,2,19.8
871,2010-09-24,2,28,38,42,55,25,1,1,1,0,33.0
870,2010-09-21,3,20,43,47,52,26,1,1,3,1,33.0
869,2010-09-17,3,4,14,18,27,13,1,1,1,1,13.2
868,2010-09-14,6,14,50,55,56,1,1,1,0,0,36.2
867,2010-09-10,11,12,17,21,23,20,1,1,3,0,16.8
866,2010-09-07,8,18,22,24,38,23,1,1,0,0,22.0
865,2010-09-03,10,13,20,28,36,9,1,1,1,2,21.4
864,2010-08-31,10,20,29,47,48,38,1,1,2,1,30.8
863,2010-08-27,4,10,26,32,41,31,1,1,1,2,22.6
862,2010-08-24,4,23,24,28,32,31,1,1,1,1,22.2
861,2010-08-20,4,13,20,29,48,36,1,1,2,0,22.8
860,2010-08-17,11,19,40,43,44,33,1,1,3,1,31.4
859,2010-08-13,6,17,24,43,55,36,1,1,2,0,29.0
858,2010-08-10,2,14,26,50,56,12,1,1,1,0,29.6
857,2010-08-06,7,13,30,33,54,30,1,1,2,1,27.4
856,2010-08-03,4,13,20,22,56,32,1,1,1,0,23.0
855,2010-07-30,11,30,40,48,52,42,1,1,1,0,36.2
854,2010-07-27,2,7,10,16,29,8,1,1,3,1,12.8
853,2010-07-23,16,19,39,44,49,26,1,1,1,0,33.4
852,2010-07-20,12,18,28,36,43,19,1,1,1,1,27.4
851,2010-07-16,2,15,18,20,39,34,1,1,1,1,18.8
850,2010-07-13,7,11,14,15,34,14,1,1,2,1,16.2
849,2010-07-09,1,31,33,34,50,41,1,1,1,1,29.8
848,2010-07-06,8,18,45,47,50,36,1,1,1,0,33.6
847,2010-07-02,1,10,12,32,36,25,1,1,0,0,18.2
846,2010-06-29,3,4,15,27,37,35,1,1,2,1,17.2
845,2010-06-25,1,2,13,19,27,21,1,1,3,0,12.4
844,2010-06-22,12,17,21,23,30,24,1,1,2,0,20.6
843,2010-06-18,11,36,37,41,55,7,1,1,3,0,36.0
842,2010-06-15,4,12,13,21,27,46,1,1,1,1,15.4
841,2010-06-11,6,13,33,34,42,25,1,1,1,0,25.6
840,2010-06-08,12,18,28,48,54,6,1,1,0,1,32.0
839,2010-06-04,12,13,15,17,50,23,1,1,2,1,21.4
838,2010-06-01,12,27,44,45,51,30,1,1,0,0,35.8
837,2010-05-28,3,11,20,29,39,26,1,1,3,0,20.4
836,2010-05-25,5,14,17,19,24,25,1,1,3,0,15.8
835,2010-05-21,15,20,23,26,30,17,1,1,1,0,22.8
834,2010-05-18,11,13,19,37,40,26,1,1,4,1,24.0
833,2010-05-14,20,21,40,47,56,12,1,1,1,0,36.8
832,2010-05-11,26,33,43,46,54,9,1,1,1,0,40.4
831,2010-05-07,2,7,20,34,50,40,1,1,2,0,22.6
830,2010-05-04,9,21,31,36,43,8,1,1,2,0,28.0
829,2010-04-30,14,20,41,47,53,40,1,1,3,1,35.0
828,2010-04-27,23,37,41,50,55,6,1,1,3,1,41.2
827,2010-04-23,19,26,28,37,52,18,1,1,2,0,32.4
826,2010-04-20,5,8,10,34,42,25,1,1,1,1,19.8
825,2010-04-16,10,16,31,48,50,44,1,1,1,0,31.0
824,2010-04-13,3,12,27,39,47,32,1,1,2,1,25.6
823,2010-04-09,15,18,39,48,53,3,1,1,1,0,34.6
822,2010-04-06,16,43,44,52,56,26,1,1,1,0,42.2
821,2010-04-02,2,17,22,30,31,19,1,1,3,0,20.4
820,2010-03-30,1,11,24,38,44,41,1,1,1,0,23.6
819,2010-03-26,23,41,46,47,52,22,1,1,3,0,41.8
818,2010-03-23,3,25,28,29,40,13,1,1,2,0,25.0
817,2010-03-19,10,31,45,50,54,25,1,1,1,0,38.0
816,2010-03-16,3,22,48,52,56,13,1,1,1,1,36.2
815,2010-03-12,2,15,25,48,53,41,1,1,2,0,28.6
814,2010-03-09,14,16,18,19,29,16,1,1,2,0,19.2
813,2010-03-05,11,31,34,44,52,32,1,1,2,0,34.4
812,2010-03-02,9,12,47,48,56,25,1,1,1,1,34.4
811,2010-02-26,4,14,29,54,56,40,1,1,1,1,31.4
810,2010-02-23,4,16,36,40,53,18,1,1,1,0,29.8
809,2010-02-19,1,22,39,42,46,36,1,1,0,0,30.0
808,2010-02-16,11,12,21,29,45,5,1,1,2,0,23.6
807,2010-02-12,14,16,17,33,47,23,1,1,2,1,25.4
806,2010-02-09,2,17,20,26,48,12,1,1,2,1,22.6
805,2010-02-05,10,20,45,51,53,41,1,1,1,0,35.8
804,2010-02-02,6,7,26,27,49,9,1,1,1,0,23.0
803,2010-01-29,1,10,22,23,38,19,1,1,1,1,18.8
802,2010-01-26,7,8,38,39,48,22,1,1,1,1,28.0
801,2010-01-22,8,13,27,28,52,9,1,1,1,0,25.6
800,2010-01-19,4,5,34,38,41,18,1,1,2,2,24.4
799,2010-01-15,4,7,19,21,38,29,1,1,2,0,17.8
798,2010-01-12,5,9,31,37,56,16,1,1,3,1,27.6
797,2010-01-08,18,20,31,36,43,33,1,1,2,0,29.6
796,2010-01-05,13,28,39,50,55,10,1,1,1,0,37.0
795,2010-01-01,6,8,27,40,41,21,1,1,1,0,24.4
794,2009-12-29,2,5,29,35,51,3,1,1,3,1,24.4
793,2009-12-22,3,33,35,39,45,13,1,1,1,0,31.0
792,2009-12-18,10,20,30,44,49,24,1,1,0,0,30.6
791,2009-12-15,27,31,32,36,47,35,1,1,2,1,34.6
790,2009-12-11,2,21,27,34,44,45,1,1,1,0,25.6
789,2009-12-08,20,23,28,30,46,29,1,1,1,0,29.4
788,2009-12-04,4,33,41,51,56,38,1,1,1,0,37.0
787,2009-12-01,17,30,39,52,53,21,1,1,2,1,38.2
786,2009-11-27,12,25,37,39,45,11,1,1,1,1,31.6
785,2009-11-24,10,11,35,37,50,12,1,1,2,0,28.6
784,2009-11-20,3,4,7,16,56,39,1,1,2,0,17.2
783,2009-11-17,8,22,27,49,50,28,1,1,0,2,31.2
782,2009-11-13,27,43,45,49,54,44,1,1,1,0,43.6
781,2009-11-10,8,21,29,34,37,15,1,1,2,0,25.8
780,2009-11-06,7,11,27,40,46,8,1,1,2,0,26.2
779,2009-11-03,5,18,23,31,38,20,1,1,3,1,23.0
778,2009-10-30,4,15,17,29,38,20,1,1,2,0,20.6
777,2009-10-27,7,13,37,46,51,2,1,1,3,0,30.8
776,2009-10-23,27,45,48,54,56,2,1,1,0,1,46.0
775,2009-10-20,13,17,25,45,55,8,1,1,2,1,31.0
774,2009-10-16,10,13,18,33,51,43,1,1,1,1,25.0
773,2009-10-13,17,31,34,45,51,24,1,1,2,1,35.6
772,2009-10-09,3,14,21,24,51,14,1,1,1,1,22.6
771,2009-10-06,9,33,51,53,56,39,1,1,1,2,40.4
770,2009-10-02,15,24,51,53,55,11,1,1,1,0,39.6
769,2009-09-29,2,21,25,45,50,21,1,1,1,0,28.6
768,2009-09-25,7,27,42,49,52,19,1,1,1,0,35.4
767,2009-09-22,26,29,33,39,46,24,1,1,1,0,34.6
766,2009-09-18,18,27,31,36,52,33,1,1,1,0,32.8
765,2009-09-15,29,30,32,35,41,39,1,1,2,0,33.4
764,2009-09-11,16,27,48,49,54,2,1,1,0,0,38.8
763,2009-09-08,4,10,18,28,50,35,1,1,0,1,22.0
762,2009-09-04,2,4,6,21,44,37,1,1,1,1,15.4
761,2009-09-01,2,9,28,51,53,19,1,1,2,0,28.6
760,2009-08-28,1,17,31,37,54,31,1,1,3,0,28.0
759,2009-08-25,3,12,19,22,40,2,1,1,2,0,19.2
758,2009-08-21,9,38,44,48,49,13,1,1,0,0,37.6
757,2009-08-18,4,5,26,37,56,25,1,1,2,0,25.6
756,2009-08-14,8,22,25,33,35,46,1,1,0,0,24.6
755,2009-08-11,6,12,15,32,42,40,1,1,0,0,21.4
754,2009-08-07,7,18,35,45,56,3,1,1,1,0,32.2
753,2009-08-04,1,28,34,42,50,27,1,1,0,0,31.0
752,2009-07-31,17,35,44,52,56,22,1,1,1,1,40.8
751,2009-07-28,4,17,24,25,48,34,1,1,1,0,23.6
750,2009-07-24,3,6,43,51,52,36,1,1,2,2,31.0
749,2009-07-21,3,8,21,50,52,2,1,1,1,2,26.8
748,2009-07-17,8,17,40,47,50,13,1,1,2,0,32.4
747,2009-07-14,20,29,35,45,53,41,1,1,2,0,36.4
746,2009-07-10,5,10,26,27,28,4,1,1,1,1,19.2
745,2009-07-07,25,27,35,38,39,28,1,1,0,1,32.8
744,2009-07-03,5,6,7,11,25,31,1,1,3,1,10.8
743,2009-06-30,7,34,49,54,55,34,1,1,1,0,39.8
742,2009-06-26,11,15,17,29,46,16,1,1,3,0,23.6
741,2009-06-23,12,14,16,31,50,9,1,1,1,2,24.6
740,2009-06-19,4,9,12,16,46,44,1,1,0,1,17.4
739,2009-06-16,9,15,21,26,45,25,1,1,0,0,23.2
738,2009-06-12,6,11,20,32,44,38,1,1,1,0,22.6
737,2009-06-09,5,17,31,36,56,46,1,1,3,1,29.0
736,2009-06-05,5,20,38,41,52,20,1,1,2,0,31.2
735,2009-06-02,9,13,26,30,35,33,1,1,1,1,22.6
734,2009-05-29,23,30,36,39,48,34,1,1,1,0,35.2
733,2009-05-26,9,18,21,37,55,33,1,1,1,0,28.0
732,2009-05-22,3,29,34,42,49,29,1,1,2,1,31.4
731,2009-05-19,2,4,9,15,42,13,1,1,1,0,14.4
730,2009-05-15,7,12,24,36,48,27,1,1,1,0,25.4
729,2009-05-12,4,8,10,14,51,31,1,1,0,0,17.4
728,2009-05-08,12,27,29,32,34,34,1,1,1,0,26.8
727,2009-05-05,5,23,38,39,54,3,1,1,2,0,31.8
726,2009-05-01,9,16,24,40,43,35,1,1,1,1,26.4
725,2009-04-28,15,20,24,36,44,6,1,1,0,1,27.8
724,2009-04-24,9,20,21,48,49,7,1,1,0,0,29.4
723,2009-04-21,5,24,37,47,52,6,1,1,3,1,33.0
722,2009-04-17,5,13,26,35,45,32,1,1,2,0,24.8
721,2009-04-14,4,11,22,48,50,42,1,1,1,0,27.0
720,2009-04-10,18,25,36,42,51,22,1,1,0,1,34.4
719,2009-04-07,2,4,13,17,36,15,1,1,3,0,14.4
718,2009-04-03,16,22,38,39,48,42,1,1,0,2,32.6
717,2009-03-31,14,39,47,48,53,29,1,1,2,0,40.2
716,2009-03-27,10,15,24,38,50,19,1,1,0,0,27.4
715,2009-03-24,4,25,34,43,44,45,1,1,1,0,30.0
714,2009-03-20,15,16,20,39,40,26,1,1,0,1,26.0
713,2009-03-17,9,15,24,28,31,17,1,1,1,0,21.4
712,2009-03-13,10,12,26,46,50,23,1,1,0,0,28.8
711,2009-03-10,2,27,31,39,40,23,1,1,2,0,27.8
710,2009-03-06,11,18,37,46,55,45,1,1,2,0,33.4
709,2009-03-03,26,32,35,43,52,10,1,1,1,0,37.6
708,2009-02-27,24,37,44,50,56,35,1,1,1,0,42.2
707,2009-02-24,1,27,28,35,40,6,1,1,0,1,26.2
706,2009-02-20,21,28,41,45,55,24,1,1,1,0,38.0
705,2009-02-17,1,9,23,27,33,24,1,1,1,0,18.6
704,2009-02-13,25,36,37,40,51,20,1,1,1,0,37.8
703,2009-02-10,18,29,38,43,47,7,1,1,3,1,35.0
702,2009-02-06,2,12,18,28,31,3,1,1,2,0,18.2
701,2009-02-03,4,15,29,43,56,29,1,1,2,0,29.4
700,2009-01-30,13,16,19,53,55,2,1,1,3,0,31.2
699,2009-01-27,3,11,12,14,21,25,1,1,2,0,12.2
698,2009-01-23,2,17,20,27,28,7,1,1,2,0,18.8
697,2009-01-20,1,9,10,35,46,9,1,1,0,0,20.2
696,2009-01-16,2,4,21,39,51,29,1,1,1,0,23.4
695,2009-01-13,22,25,33,36,48,40,1,1,0,1,32.8
694,2009-01-09,23,25,30,45,50,8,1,1,1,0,34.6
693,2009-01-06,3,11,12,19,33,30,1,1,3,2,15.6
692,2009-01-02,2,11,19,21,34,38,1,1,3,0,17.4
691,2008-12-30,1,22,29,44,52,39,1,1,1,1,29.6
690,2008-12-26,6,19,29,33,37,31,1,1,3,0,24.8
689,2008-12-23,1,8,13,27,41,45,1,1,2,1,18.0
688,2008-12-19,3,13,16,39,54,32,1,1,2,1,25.0
687,2008-12-16,10,14,16,29,40,6,1,1,1,2,21.8
686,2008-12-12,10,16,19,27,48,25,1,1,1,0,24.0
685,2008-12-09,11,12,26,31,33,27,1,1,2,0,22.6
684,2008-12-05,21,27,46,52,55,14,1,1,0,0,40.2
683,2008-12-02,2,17,22,32,51,35,1,1,2,0,24.8
682,2008-11-28,10,30,44,46,48,44,1,1,0,0,35.6
681,2008-11-25,2,11,22,51,52,46,1,1,2,2,27.6
680,2008-11-21,1,22,52,53,56,45,1,1,1,3,36.8
679,2008-11-18,10,15,22,52,53,12,1,1,1,0,30.4
678,2008-11-14,3,18,19,30,34,3,1,1,2,0,20.8
677,2008-11-11,5,27,38,42,55,41,1,1,1,0,33.4
676,2008-11-07,14,24,32,43,44,21,1,1,1,0,31.4
675,2008-11-04,10,21,23,41,55,9,1,1,2,0,30.0
674,2008-10-31,2,7,17,29,47,40,1,1,5,0,20.4
673,2008-10-28,6,39,45,46,48,36,1,1,0,0,36.8
672,2008-10-24,5,33,34,47,52,18,1,1,2,0,34.2
671,2008-10-21,16,19,39,42,44,38,1,1,1,0,32.0
670,2008-10-17,7,15,27,28,31,35,1,1,2,0,21.6
669,2008-10-14,14,35,41,42,51,23,1,1,1,1,36.6
668,2008-10-10,14,15,43,46,48,21,1,1,1,0,33.2
667,2008-10-07,2,25,35,38,42,34,1,1,1,0,28.4
666,2008-10-03,13,28,32,41,52,16,1,1,2,0,33.2
665,2008-09-30,9,30,35,39,49,36,1,1,0,0,32.4
664,2008-09-26,6,13,14,31,36,36,1,1,2,0,20.0
663,2008-09-23,9,32,34,43,52,4,1,1,1,1,34.0
662,2008-09-19,2,9,41,48,51,37,1,1,2,1,30.2
661,2008-09-16,13,24,39,51,52,44,1,1,1,0,35.8
660,2008-09-12,1,12,14,25,35,38,1,1,0,0,17.4
659,2008-09-09,22,23,28,49,52,2,1,1,1,0,34.8
658,2008-09-05,1,6,15,27,46,39,1,1,0,0,19.0
657,2008-09-02,14,23,43,44,54,39,1,1,2,0,35.6
656,2008-08-29,21,25,26,50,51,22,1,1,0,0,34.6
655,2008-08-26,6,16,24,34,36,30,1,1,0,0,23.2
654,2008-08-22,12,13,15,41,42,37,1,1,2,0,24.6
653,2008-08-19,9,18,19,26,40,38,1,1,1,0,22.4
652,2008-08-15,8,23,29,30,53,7,1,1,3,1,28.6
651,2008-08-12,2,7,23,38,40,40,1,1,3,0,22.0
650,2008-08-08,11,17,28,32,50,33,1,1,2,0,27.6
649,2008-08-05,9,21,36,38,55,13,1,1,0,1,31.8
648,2008-08-01,9,13,17,18,56,2,1,1,2,1,22.6
647,2008-07-29,11,13,20,30,42,3,1,1,2,0,23.2
646,2008-07-25,2,16,19,35,52,17,1,1,2,2,24.8
645,2008-07-22,2,16,23,29,32,46,1,1,3,1,20.4
644,2008-07-18,17,29,36,53,55,26,1,1,3,0,38.0
643,2008-07-15,19,24,34,45,51,40,1,1,1,1,34.6
642,2008-07-11,5,14,16,39,51,34,1,1,1,0,25.0
641,2008-07-08,1,20,22,29,41,35,1,1,2,2,22.6
640,2008-07-04,1,3,12,19,20,28,1,1,2,1,11.0
639,2008-07-01,1,22,33,43,52,36,1,1,1,1,30.2
638,2008-06-27,8,14,22,39,50,44,1,1,0,2,26.6
637,2008-06-24,10,22,36,50,53,39,1,1,1,1,34.2
636,2008-06-20,11,17,25,36,42,13,1,1,2,1,26.2
635,2008-06-17,5,14,25,47,49,36,1,1,2,1,28.0
634,2008-06-13,8,9,14,38,44,36,1,1,0,0,22.6
633,2008-06-10,3,5,15,43,51,11,1,1,3,1,23.4
632,2008-06-06,8,9,43,44,54,27,1,1,1,1,31.6
631,2008-06-03,4,19,24,32,54,5,1,1,1,0,26.6
630,2008-05-30,39,40,47,53,55,32,1,1,2,0,46.8
629,2008-05-27,14,24,32,45,49,17,1,1,0,0,32.8
628,2008-05-23,4,8,11,22,30,4,1,1,1,0,15.0
627,2008-05-20,2,14,26,32,41,32,1,1,2,0,23.0
626,2008-05-16,6,11,39,46,47,26,1,1,2,1,29.8
625,2008-05-13,20,24,27,31,47,15,1,1,2,1,29.8
624,2008-05-09,16,31,43,46,56,22,1,1,2,1,38.4
623,2008-05-06,4,21,46,53,54,26,1,1,1,1,35.6
622,2008-05-02,8,28,37,53,55,26,1,1,2,0,36.2
621,2008-04-29,19,24,35,44,51,26,1,1,1,1,34.6
620,2008-04-25,19,32,37,45,52,41,1,1,2,0,37.0
619,2008-04-22,3,22,31,48,54,9,1,1,2,0,31.6
618,2008-04-18,24,28,36,50,53,29,1,1,1,1,38.2
617,2008-04-15,12,13,27,48,50,30,1,1,1,1,30.0
616,2008-04-11,14,18,27,31,42,7,1,1,1,1,26.4
615,2008-04-08,8,9,31,37,44,38,1,1,2,0,25.8
614,2008-04-04,3,5,40,45,49,17,1,1,2,0,28.4
613,2008-04-01,4,17,26,46,56,25,1,1,1,1,29.8
612,2008-03-28,7,26,27,40,43,10,1,1,2,1,28.6
611,2008-03-25,38,42,43,48,53,12,1,1,2,0,44.8
610,2008-03-21,5,8,17,19,41,21,1,1,4,0,18.0
609,2008-03-18,13,15,20,25,44,37,1,1,1,1,23.4
608,2008-03-14,3,12,18,25,52,21,1,1,1,0,22.0
607,2008-03-11,4,13,35,41,47,44,1,1,3,1,28.0
606,2008-03-07,19,32,33,41,48,12,1,1,2,1,34.6
605,2008-03-04,7,15,30,33,56,22,1,1,1,0,28.2
604,2008-02-29,5,17,22,26,55,38,1,1,2,1,25.0
603,2008-02-26,9,12,30,36,55,15,1,1,0,1,28.4
602,2008-02-22,7,12,13,19,22,10,1,1,3,0,14.6
601,2008-02-19,1,38,42,55,56,34,1,1,0,0,38.4
600,2008-02-15,7,11,26,30,53,14,1,1,3,0,25.4
599,2008-02-12,14,27,39,47,50,12,1,1,1,1,35.4
598,2008-02-08,21,30,43,46,50,18,1,1,1,0,38.0
597,2008-02-05,4,5,17,40,51,38,1,1,2,0,23.4
596,2008-02-01,3,14,30,44,56,5,1,1,1,0,29.4
595,2008-01-29,8,23,39,40,42,24,1,1,1,0,30.4
594,2008-01-25,5,12,22,38,56,22,1,1,1,2,26.6
593,2008-01-22,12,15,22,25,33,2,1,1,0,3,21.4
592,2008-01-18,12,22,33,43,44,15,1,1,1,1,30.8
591,2008-01-15,21,30,42,44,50,6,1,1,0,1,37.4
590,2008-01-11,22,36,42,45,55,42,1,1,0,1,40.0
589,2008-01-08,10,29,45,52,54,10,1,1,1,0,38.0
588,2008-01-04,24,31,39,40,56,32,1,1,1,0,38.0
587,2008-01-01,13,16,25,30,54,11,1,1,1,1,27.6
586,2007-12-28,2,19,22,28,54,25,1,1,2,1,25.0
585,2007-12-21,14,19,20,43,53,7,1,1,3,0,29.8
584,2007-12-18,3,23,46,48,49,2,1,1,2,0,33.8
583,2007-12-14,4,7,12,17,30,44,1,1,2,1,14.0
582,2007-12-11,6,25,27,30,45,46,1,1,0,0,26.6
581,2007-12-07,12,18,26,28,51,35,1,1,0,0,27.0
580,2007-12-04,16,27,30,45,53,43,1,1,1,0,34.2
579,2007-11-30,5,6,12,26,51,7,1,1,1,1,20.0
578,2007-11-27,9,10,26,29,39,10,1,1,1,0,22.6
577,2007-11-23,18,21,33,42,56,11,1,1,0,1,34.0
576,2007-11-20,14,20,23,42,43,6,1,1,2,0,28.4
575,2007-11-16,12,13,30,31,39,29,1,1,2,1,25.0
574,2007-11-13,15,26,36,39,40,45,1,1,0,0,31.2
573,2007-11-09,11,33,41,42,46,21,1,1,2,1,34.6
572,2007-11-06,3,17,43,46,47,2,1,1,4,1,31.2
571,2007-11-02,1,3,34,49,52,19,1,1,1,0,27.8
570,2007-10-30,2,8,44,46,51,22,1,1,1,1,30.2
569,2007-10-26,12,20,24,38,51,3,1,1,0,0,29.0
568,2007-10-23,2,7,45,52,53,18,1,1,3,0,31.8
567,2007-10-19,5,15,18,23,46,14,1,1,2,1,21.4
566,2007-10-16,1,2,5,41,44,25,1,1,3,1,18.6
565,2007-10-12,21,26,34,44,54,23,1,1,0,0,35.8
564,2007-10-09,1,10,17,32,51,44,1,1,1,1,22.2
563,2007-10-05,10,19,37,40,48,1,1,1,2,2,30.8
562,2007-10-02,28,37,40,43,44,20,1,1,2,0,38.4
561,2007-09-28,4,13,20,25,33,42,1,1,1,0,19.0
560,2007-09-25,2,19,23,47,54,16,1,1,4,1,29.0
559,2007-09-21,5,21,23,33,45,43,1,1,2,0,25.4
558,2007-09-18,20,24,31,34,49,8,1,1,1,0,31.6
557,2007-09-14,5,9,12,33,40,27,1,1,1,1,19.8
556,2007-09-11,9,10,17,21,35,6,1,1,1,0,18.4
555,2007-09-07,14,19,27,34,48,3,1,1,1,0,28.4
554,2007-09-04,3,6,11,42,46,38,1,1,2,0,21.6
553,2007-08-31,8,18,22,40,44,11,1,1,0,1,26.4
552,2007-08-28,37,40,48,53,56,44,1,1,2,1,46.8
551,2007-08-24,4,21,46,51,53,5,1,1,1,0,35.0
550,2007-08-21,8,38,54,55,56,2,1,1,0,2,42.2
549,2007-08-17,2,8,33,38,53,12,1,1,2,1,26.8
548,2007-08-14,5,8,9,24,34,17,1,1,1,0,16.0
547,2007-08-10,10,20,32,33,54,39,1,1,0,0,29.8
546,2007-08-07,36,41,50,55,56,9,1,1,1,0,47.6
545,2007-08-03,16,29,42,46,51,40,1,1,1,0,36.8
544,2007-07-31,5,18,37,39,43,42,1,1,3,0,28.4
543,2007-07-27,7,12,35,54,55,2,1,1,1,0,32.6
542,2007-07-24,8,17,20,23,50,17,1,1,2,0,23.6
541,2007-07-20,6,13,30,41,52,26,1,1,2,1,28.4
540,2007-07-17,16,30,38,46,51,5,1,1,0,0,36.2
539,2007-07-13,7,39,41,48,53,21,1,1,3,0,37.6
538,2007-07-10,19,24,30,34,56,19,1,1,1,0,32.6
537,2007-07-06,3,9,12,25,47,37,1,1,2,0,19.2
536,2007-07-03,21,35,37,39,40,35,1,1,1,1,34.4
535,2007-06-29,1,17,40,51,52,7,1,1,1,0,32.2
534,2007-06-26,4,10,20,29,45,21,1,1,1,0,21.6
533,2007-06-22,11,14,21,24,31,23,1,1,2,1,20.2
532,2007-06-19,5,16,31,49,54,19,1,1,2,2,31.0
531,2007-06-15,1,5,16,26,30,21,1,1,1,0,15.6
530,2007-06-12,3,13,19,31,50,21,1,1,4,1,23.2
529,2007-06-08,6,26,29,31,39,31,1,1,2,0,26.2
528,2007-06-05,27,35,38,49,56,15,1,1,0,0,41.0
527,2007-06-01,12,19,29,32,48,9,1,1,2,0,28.0
526,2007-05-29,2,24,44,51,54,7,1,1,1,0,35.0
525,2007-05-25,10,14,22,42,43,1,1,1,1,1,26.2
524,2007-05-22,2,7,11,22,36,35,1,1,3,0,15.6
523,2007-05-18,13,23,24,30,44,5,1,1,2,1,26.8
522,2007-05-15,6,13,42,46,56,42,1,1,1,0,32.6
521,2007-05-11,28,30,33,48,54,25,1,1,0,1,38.6
520,2007-05-08,16,24,41,43,54,36,1,1,2,0,35.6
519,2007-05-04,4,9,20,45,55,34,1,1,0,0,26.6
518,2007-05-01,11,16,31,52,53,42,1,1,3,0,32.6
517,2007-04-27,5,7,26,38,56,15,1,1,2,0,26.4
516,2007-04-24,8,10,35,36,43,14,1,1,1,1,26.4
515,2007-04-20,1,9,10,23,53,40,1,1,2,1,19.2
514,2007-04-17,1,4,11,31,47,37,1,1,3,1,18.8
513,2007-04-13,11,14,21,25,26,33,1,1,1,0,19.4
512,2007-04-10,7,15,16,19,28,10,1,1,2,0,17.0
511,2007-04-06,24,32,34,36,39,6,1,1,0,1,33.0
510,2007-04-03,16,26,33,34,46,38,1,1,0,0,31.0
509,2007-03-30,15,23,37,48,53,22,1,1,3,0,35.2
508,2007-03-27,18,25,34,35,42,6,1,1,0,2,30.8
507,2007-03-23,18,21,35,51,53,36,1,1,1,1,35.6
506,2007-03-20,7,21,46,49,55,15,1,1,1,0,35.6
505,2007-03-16,17,25,36,40,43,9,1,1,2,0,32.2
504,2007-03-13,7,11,16,38,49,35,1,1,2,0,24.2
503,2007-03-09,10,13,25,42,43,30,1,1,2,1,26.6
502,2007-03-06,16,22,29,39,42,20,1,1,1,0,29.6
501,2007-03-02,14,21,33,35,51,43,1,1,0,0,30.8
500,2007-02-27,18,31,44,45,48,18,1,1,1,1,37.2
499,2007-02-23,3,18,21,38,50,43,1,1,1,0,26.0
498,2007-02-20,1,9,26,46,51,11,1,1,0,1,26.6
497,2007-02-16,17,35,40,46,48,41,1,1,1,0,37.2
496,2007-02-13,3,9,24,29,41,41,1,1,3,0,21.2
495,2007-02-09,32,39,46,48,49,41,1,1,0,1,42.8
494,2007-02-06,16,21,35,36,46,38,1,1,0,1,30.8
493,2007-02-02,22,33,35,40,53,15,1,1,1,0,36.6
492,2007-01-30,14,18,44,52,56,25,1,1,0,0,36.8
491,2007-01-26,16,17,36,49,54,14,1,1,1,0,34.4
490,2007-01-23,3,5,15,26,53,35,1,1,3,0,20.4
489,2007-01-19,4,28,30,31,35,17,1,1,1,1,25.6
488,2007-01-16,4,8,15,33,52,10,1,1,0,0,22.4
487,2007-01-12,12,14,26,40,42,22,1,1,0,1,26.8
486,2007-01-09,7,11,26,38,54,13,1,1,2,0,27.2
485,2007-01-05,2,12,44,46,51,6,1,1,1,1,31.0
484,2007-01-02,9,10,38,51,53,1,1,1,1,1,32.2
483,2006-12-29,3,4,10,39,50,29,1,1,1,0,21.2
482,2006-12-26,7,12,25,44,53,3,1,1,2,2,28.2
481,2006-12-22,5,12,15,25,34,43,1,1,1,0,18.2
480,2006-12-19,9,32,37,42,48,7,1,1,1,0,33.6
479,2006-12-15,6,7,17,28,40,39,1,1,2,0,19.6
478,2006-12-12,20,30,31,35,49,23,1,1,1,0,33.0
477,2006-12-08,1,15,29,32,45,8,1,1,1,0,24.4
476,2006-12-05,6,9,13,43,46,45,1,1,2,0,23.4
475,2006-12-01,16,22,23,37,53,35,1,1,3,0,30.2
474,2006-11-28,7,14,24,41,56,7,1,1,2,1,28.4
473,2006-11-24,14,35,40,47,48,35,1,1,1,1,36.8
472,2006-11-21,7,13,20,42,47,9,1,1,3,0,25.8
471,2006-11-17,5,19,25,30,50,42,1,1,2,1,25.8
470,2006-11-14,9,20,24,25,36,23,1,1,0,0,22.8
469,2006-11-10,11,42,52,53,55,28,1,1,2,1,42.6
468,2006-11-07,13,22,33,51,52,42,1,1,1,1,34.2
467,2006-11-03,8,10,22,25,55,22,1,1,0,0,24.0
466,2006-10-31,5,34,40,45,46,21,1,1,1,0,34.0
465,2006-10-27,15,22,26,30,32,31,1,1,0,0,25.0
464,2006-10-24,5,25,41,48,51,35,1,1,2,0,34.0
463,2006-10-20,9,13,23,29,54,34,1,1,3,0,25.6
462,2006-10-17,6,18,20,28,38,37,1,1,0,0,22.0
461,2006-10-13,24,27,42,47,50,8,1,1,1,0,38.0
460,2006-10-10,14,30,35,40,43,2,1,1,1,0,32.4
459,2006-10-06,1,11,20,21,46,18,1,1,1,0,19.8
458,2006-10-03,6,19,32,33,40,39,1,1,1,0,26.0
457,2006-09-29,3,25,43,45,55,40,1,1,2,2,34.2
456,2006-09-26,3,6,38,42,45,30,1,1,1,0,26.8
455,2006-09-22,7,12,17,22,43,16,1,1,3,0,20.2
454,2006-09-19,2,19,44,45,56,43,1,1,2,0,33.2
453,2006-09-15,6,26,33,39,55,1,1,1,0,0,31.8
452,2006-09-12,3,16,25,30,44,42,1,1,1,0,23.6
451,2006-09-08,9,17,34,52,53,2,1,1,2,1,33.0
450,2006-09-05,1,32,36,42,53,4,1,1,1,1,32.8
449,2006-09-01,5,6,51,53,55,12,1,1,2,0,34.0
448,2006-08-29,15,25,37,38,52,4,1,1,1,0,33.4
447,2006-08-25,17,24,35,46,54,33,1,1,1,0,35.2
446,2006-08-22,3,4,5,7,36,16,1,1,3,1,11.0
445,2006-08-18,5,12,13,46,50,10,1,1,2,1,25.2
444,2006-08-15,10,12,22,44,48,16,1,1,0,0,27.2
443,2006-08-11,14,16,38,40,49,29,1,1,0,0,31.4
442,2006-08-08,1,5,13,18,33,30,1,1,2,0,14.0
441,2006-08-04,2,24,31,50,55,44,1,1,2,0,32.4
440,2006-08-01,14,29,32,43,49,14,1,1,2,1,33.4
439,2006-07-28,2,13,23,32,35,4,1,1,3,0,21.0
438,2006-07-25,7,21,24,41,51,10,1,1,2,0,28.8
437,2006-07-21,18,26,35,36,43,24,1,1,1,0,31.6
436,2006-07-18,12,13,29,49,52,20,1,1,2,1,31.0
435,2006-07-14,13,25,26,28,56,39,1,1,1,0,29.6
434,2006-07-11,5,14,34,36,52,42,1,1,1,0,28.2
433,2006-07-07,7,15,27,46,56,39,1,1,1,1,30.2
432,2006-07-04,9,15,31,42,45,41,1,1,1,0,28.4
431,2006-06-30,20,40,46,48,54,27,1,1,0,1,41.6
430,2006-06-27,2,14,20,29,44,32,1,1,2,0,21.8
429,2006-06-23,13,17,24,34,56,24,1,1,2,0,28.8
428,2006-06-20,11,21,37,53,54,12,1,1,3,0,35.2
427,2006-06-16,27,30,36,38,45,13,1,1,0,0,35.2
426,2006-06-13,1,20,23,24,33,29,1,1,1,0,20.2
425,2006-06-09,8,17,18,26,47,37,1,1,2,0,23.2
424,2006-06-06,5,29,35,52,53,9,1,1,3,0,34.8
423,2006-06-02,3,10,18,36,38,41,1,1,1,0,21.0
422,2006-05-30,2,13,28,34,45,36,1,1,2,0,24.4
421,2006-05-26,12,14,20,47,48,24,1,1,1,1,28.2
420,2006-05-23,17,21,28,48,54,1,1,1,1,0,33.6
419,2006-05-19,5,12,31,51,56,1,1,1,2,0,31.0
418,2006-05-16,7,24,40,48,50,15,1,1,1,0,33.8
417,2006-05-12,6,36,39,45,52,45,1,1,0,0,35.6
416,2006-05-09,7,15,24,43,44,22,1,1,2,0,26.6
415,2006-05-05,8,20,39,53,55,10,1,1,1,0,35.0
414,2006-05-02,7,11,22,27,31,33,1,1,3,0,19.6
413,2006-04-28,16,29,32,36,55,12,1,1,1,1,33.6
412,2006-04-25,1,20,32,37,39,9,1,1,1,0,25.8
411,2006-04-21,2,4,7,27,41,4,1,1,3,0,16.2
410,2006-04-18,13,14,25,34,50,6,1,1,1,0,27.2
409,2006-04-14,8,10,18,29,33,10,1,1,1,0,19.6
408,2006-04-11,2,12,45,46,56,20,1,1,1,1,32.2
407,2006-04-07,1,18,31,46,52,37,1,1,1,0,29.6
406,2006-04-04,9,25,48,51,56,7,1,1,0,0,37.8
405,2006-03-31,4,7,19,50,52,15,1,1,2,0,26.4
404,2006-03-28,14,18,35,39,49,14,1,1,0,1,31.0
403,2006-03-24,1,2,17,47,49,19,1,1,3,1,23.2
402,2006-03-21,4,16,17,28,31,8,1,1,2,0,19.2
401,2006-03-17,8,11,23,48,52,5,1,1,2,0,28.4
400,2006-03-14,27,28,30,42,50,22,1,1,0,0,35.4
399,2006-03-10,4,17,18,51,54,31,1,1,1,0,28.8
398,2006-03-07,15,27,36,38,42,32,1,1,0,1,31.6
397,2006-03-03,25,29,38,39,46,4,1,1,1,0,35.4
396,2006-02-28,2,4,35,36,48,22,1,1,1,0,25.0
395,2006-02-24,3,5,12,16,34,27,1,1,2,0,14.0
394,2006-02-21,14,23,27,36,45,36,1,1,1,0,29.0
393,2006-02-17,16,25,31,43,46,28,1,1,2,1,32.2
392,2006-02-14,27,36,43,49,54,33,1,1,1,1,41.8
391,2006-02-10,24,39,40,43,46,2,1,1,1,0,38.4
390,2006-02-07,2,16,25,30,48,26,1,1,1,0,24.2
389,2006-02-03,29,31,32,41,52,42,1,1,3,0,37.0
388,2006-01-31,1,35,53,54,56,44,1,1,1,0,39.8
387,2006-01-27,2,7,8,18,29,46,1,1,3,0,12.8
386,2006-01-24,31,34,36,51,55,4,1,1,1,0,41.4
385,2006-01-20,18,22,28,44,53,46,1,1,1,0,33.0
384,2006-01-17,24,32,37,39,40,44,1,1,1,0,34.4
383,2006-01-13,5,21,27,44,53,36,1,1,2,1,30.0
382,2006-01-10,7,27,32,37,38,30,1,1,2,1,28.2
381,2006-01-06,8,11,28,37,53,12,1,1,3,0,27.4
380,2006-01-03,15,19,20,32,38,21,1,1,1,1,24.8
379,2005-12-30,14,20,25,40,44,37,1,1,0,0,28.6
378,2005-12-27,11,24,27,49,55,23,1,1,1,1,33.2
377,2005-12-23,10,37,39,49,54,8,1,1,1,0,37.8
376,2005-12-20,6,20,23,40,56,36,1,1,1,1,29.0
375,2005-12-16,14,25,26,31,56,17,1,1,1,0,30.4
374,2005-12-13,9,10,12,22,41,4,1,1,1,0,18.8
373,2005-12-09,14,15,31,32,43,20,1,1,2,0,27.0
372,2005-12-06,6,10,26,30,33,16,1,1,0,0,21.0
371,2005-12-02,3,12,21,38,44,45,1,1,1,0,23.6
370,2005-11-29,7,8,47,51,52,5,1,1,2,0,33.0
369,2005-11-25,5,25,31,33,34,41,1,1,2,0,25.6
368,2005-11-22,9,22,37,41,43,30,1,1,3,0,30.4
367,2005-11-18,8,18,21,42,46,11,1,1,0,0,27.0
366,2005-11-15,2,4,5,40,48,7,1,1,2,0,19.8
365,2005-11-11,9,14,34,50,51,40,1,1,0,0,31.6
364,2005-11-08,8,16,21,25,27,16,1,1,0,0,19.4
363,2005-11-04,7,9,41,53,54,38,1,1,3,0,32.8
362,2005-11-01,5,18,21,28,36,20,1,1,1,1,21.6
361,2005-10-28,8,17,25,28,53,1,1,1,2,0,26.2
360,2005-10-25,7,12,18,31,55,30,1,1,2,0,24.6
359,2005-10-21,11,17,28,29,36,42,1,1,3,0,24.2
358,2005-10-18,3,12,16,32,33,15,1,1,1,0,19.2
357,2005-10-14,6,20,24,25,34,44,1,1,0,1,21.8
356,2005-10-11,24,30,42,53,54,20,1,1,1,0,40.6
355,2005-10-07,2,4,23,27,36,37,1,1,2,1,18.4
354,2005-10-04,12,24,28,29,36,41,1,1,1,0,25.8
353,2005-09-30,1,3,14,30,52,10,1,1,1,1,20.0
352,2005-09-27,14,17,26,27,28,5,1,1,1,0,22.4
351,2005-09-23,6,7,20,41,51,38,1,1,2,0,25.0
350,2005-09-20,35,36,40,42,52,45,1,1,0,0,41.0
349,2005-09-16,5,16,41,46,50,1,1,1,2,0,31.6
348,2005-09-13,13,24,44,48,52,30,1,1,1,1,36.2
347,2005-09-09,15,28,43,51,52,11,1,1,1,0,37.8
346,2005-09-06,1,8,27,31,50,40,1,1,1,1,23.4
345,2005-09-02,1,4,14,45,53,33,1,1,1,0,23.4
344,2005-08-30,19,32,42,49,56,29,1,1,1,0,39.6
343,2005-08-26,5,20,38,47,54,35,1,1,2,0,32.8
342,2005-08-23,6,7,8,13,40,12,1,1,2,1,14.8
341,2005-08-19,2,13,18,36,46,36,1,1,2,0,23.0
340,2005-08-16,9,15,20,24,55,3,1,1,0,0,24.6
339,2005-08-12,8,37,38,45,54,21,1,1,1,0,36.4
338,2005-08-09,13,35,36,43,52,5,1,1,2,0,35.8
337,2005-08-05,3,5,48,50,53,4,1,1,3,1,31.8
336,2005-08-02,17,22,39,50,52,46,1,1,1,0,36.0
335,2005-07-29,4,16,23,25,40,22,1,1,1,0,21.6
334,2005-07-26,1,10,18,29,55,8,1,1,1,1,22.6
333,2005-07-22,7,18,27,35,54,34,1,1,1,2,28.2
332,2005-07-19,7,13,48,51,54,11,1,1,2,2,34.6
331,2005-07-15,9,13,25,36,48,2,1,1,1,0,26.2
330,2005-07-12,5,17,32,39,53,36,1,1,3,0,29.2
329,2005-07-08,9,23,45,48,50,3,1,1,1,2,35.0
328,2005-07-05,22,38,48,50,55,29,1,1,0,1,42.6
327,2005-07-01,14,25,41,42,50,40,1,1,1,0,34.4
326,2005-06-28,2,20,37,43,46,4,1,1,3,1,29.6
325,2005-06-24,14,43,44,50,56,7,1,1,1,1,41.4
324,2005-06-21,9,13,40,46,50,30,1,1,1,2,31.6
323,2005-06-17,16,35,40,49,50,34,1,1,0,1,38.0
322,2005-06-14,1,10,29,48,49,36,1,1,1,1,27.4
321,2005-06-10,14,29,31,37,50,34,1,1,3,1,32.2
320,2005-06-07,7,14,28,46,47,25,1,1,2,3,28.4
319,2005-06-03,4,6,14,28,47,42,1,1,1,0,19.8
318,2005-05-31,5,13,22,37,38,11,1,1,3,1,23.0
317,2005-05-27,7,17,22,34,50,24,1,1,2,0,26.0
316,2005-05-24,9,28,39,40,45,24,1,1,0,1,32.2
315,2005-05-20,3,6,27,40,44,9,1,1,1,1,24.0
314,2005-05-17,7,9,10,29,44,17,1,1,2,0,19.8
313,2005-05-13,21,23,27,33,39,8,1,1,1,0,28.6
312,2005-05-10,11,25,38,40,42,40,1,1,1,1,31.2
311,2005-05-06,7,12,25,50,51,19,1,1,1,1,29.0
310,2005-05-03,7,17,42,46,52,47,1,1,2,2,32.8
309,2005-04-29,2,5,7,28,46,21,1,1,3,0,17.6
308,2005-04-26,18,22,33,34,42,16,1,1,0,0,29.8
307,2005-04-22,23,25,43,46,49,26,1,1,2,0,37.2
306,2005-04-19,5,6,14,42,47,3,1,1,2,0,22.8
305,2005-04-15,25,26,37,39,49,29,1,1,1,0,35.2
304,2005-04-12,15,20,43,47,50,24,1,1,2,0,35.0
303,2005-04-08,5,13,17,33,35,35,1,1,3,0,20.6
302,2005-04-05,4,19,45,51,52,22,1,1,1,2,34.2
301,2005-04-01,11,19,28,32,45,10,1,1,2,0,27.0
300,2005-03-29,7,17,18,30,42,38,1,1,2,1,22.8
299,2005-03-25,11,18,19,45,49,2,1,1,2,1,28.4
298,2005-03-22,6,11,27,37,43,34,1,1,3,0,24.8
297,2005-03-18,2,9,28,29,48,33,1,1,2,0,23.2
296,2005-03-15,14,26,27,34,44,27,1,1,0,0,29.0
295,2005-03-11,18,19,31,35,36,17,1,1,2,1,27.8
294,2005-03-08,8,14,15,22,31,13,1,1,1,0,18.0
293,2005-03-04,7,10,13,35,39,21,1,1,2,1,20.8
292,2005-03-01,1,8,18,39,48,1,1,1,0,0,22.8
291,2005-02-25,4,13,37,38,50,24,1,1,2,0,28.4
290,2005-02-22,15,18,28,41,45,27,1,1,1,0,29.4
289,2005-02-18,1,19,31,35,42,34,1,1,2,0,25.6
288,2005-02-15,3,16,20,21,38,10,1,1,1,1,19.6
287,2005-02-11,6,14,21,24,50,28,1,1,0,1,23.0
286,2005-02-08,8,11,14,23,25,21,1,1,2,1,16.2
285,2005-02-04,3,12,14,30,52,34,1,1,1,1,22.2
284,2005-02-01,3,17,21,42,44,35,1,1,2,0,25.4
283,2005-01-28,25,31,39,47,52,43,1,1,2,1,38.8
282,2005-01-25,2,10,21,25,45,22,1,1,1,0,20.6
281,2005-01-21,17,27,39,40,41,21,1,1,2,1,32.8
280,2005-01-18,10,23,28,39,51,5,1,1,1,0,30.2
279,2005-01-14,15,19,24,40,47,50,1,1,2,1,29.0
278,2005-01-11,2,23,24,35,45,18,1,1,2,1,25.8
277,2005-01-07,2,8,14,15,51,38,1,1,1,0,18.0
276,2005-01-04,3,6,7,12,32,30,1,1,2,0,12.0
275,2004-12-31,10,14,45,47,51,20,1,1,1,0,33.4
274,2004-12-28,18,29,32,38,43,50,1,1,2,0,32.0
273,2004-12-24,9,20,22,41,42,10,1,1,1,1,26.8
272,2004-12-21,7,22,27,31,38,12,1,1,2,1,25.0
271,2004-12-17,16,34,38,42,47,1,1,1,1,1,35.4
270,2004-12-14,14,27,32,34,40,2,1,1,0,0,29.4
269,2004-12-10,22,23,37,42,47,15,1,1,3,1,34.2
268,2004-12-07,1,19,22,32,49,29,1,1,1,1,24.6
267,2004-12-03,12,32,37,41,52,13,1,1,2,1,34.8
266,2004-11-30,10,20,22,28,52,4,1,1,0,0,26.4
265,2004-11-26,7,9,18,37,43,34,1,1,3,0,22.8
264,2004-11-23,8,30,32,35,51,17,1,1,0,1,31.2
263,2004-11-19,1,12,24,36,51,38,1,1,0,0,24.8
262,2004-11-16,9,10,27,28,30,18,1,1,0,0,20.8
261,2004-11-12,5,31,33,35,51,1,1,1,2,0,31.0
260,2004-11-09,11,20,26,28,52,7,1,1,1,0,27.4
259,2004-11-05,3,29,30,41,43,1,1,1,4,0,29.2
258,2004-11-02,24,32,42,49,50,3,1,1,0,0,39.4
257,2004-10-29,10,18,26,31,41,48,1,1,2,0,25.2
256,2004-10-26,14,25,39,43,49,27,1,1,1,1,34.0
255,2004-10-22,3,7,20,24,43,36,1,1,3,0,19.4
254,2004-10-19,6,13,19,34,50,33,1,1,2,0,24.4
253,2004-10-15,4,8,24,30,36,25,1,1,0,1,20.4
252,2004-10-12,4,18,19,39,51,13,1,1,1,0,26.2
251,2004-10-08,16,17,21,33,41,6,1,1,2,0,25.6
250,2004-10-05,8,34,39,48,49,47,1,1,0,2,35.6
249,2004-10-01,8,10,17,24,39,52,1,1,1,1,19.6
248,2004-09-28,1,18,39,42,50,35,1,1,0,1,30.0
247,2004-09-24,11,26,30,49,50,52,1,1,1,0,33.2
246,2004-09-21,1,3,15,19,29,39,1,1,3,1,13.4
245,2004-09-17,3,16,25,38,49,4,1,1,1,1,26.2
244,2004-09-14,12,35,37,38,50,49,1,1,1,0,34.4
243,2004-09-10,11,17,27,45,52,5,1,1,2,0,30.4
242,2004-09-07,13,30,36,38,51,35,1,1,1,1,33.6
241,2004-09-03,4,14,34,38,44,10,1,1,0,2,26.8
240,2004-08-31,14,15,25,42,44,3,1,1,0,1,28.0
239,2004-08-27,5,25,38,46,47,14,1,1,2,2,32.2
238,2004-08-24,2,5,21,47,50,46,1,1,3,0,25.0
237,2004-08-20,12,17,34,37,39,34,1,1,2,0,27.8
236,2004-08-17,22,23,26,28,36,10,1,1,1,0,27.0
235,2004-08-13,14,31,41,45,48,20,1,1,2,1,35.8
234,2004-08-10,18,25,29,31,44,33,1,1,2,0,29.4
233,2004-08-06,4,23,33,38,49,7,1,1,1,0,29.4
232,2004-08-03,1,2,13,16,22,31,1,1,2,1,10.8
231,2004-07-30,16,19,21,34,35,22,1,1,1,0,25.0
230,2004-07-27,8,10,11,13,24,46,1,1,2,0,13.2
229,2004-07-23,5,12,25,35,37,12,1,1,2,0,22.8
228,2004-07-20,6,15,21,32,44,13,1,1,0,2,23.6
227,2004-07-16,3,21,22,35,44,7,1,1,1,0,25.0
226,2004-07-13,13,31,37,39,52,38,1,1,3,0,34.4
225,2004-07-09,11,23,25,29,45,16,1,1,3,0,26.6
224,2004-07-06,6,7,8,31,48,19,1,1,2,0,20.0
223,2004-07-02,10,25,38,39,50,12,1,1,0,2,32.4
222,2004-06-29,10,13,19,28,38,1,1,1,2,1,21.6
221,2004-06-25,18,19,29,32,42,32,1,1,2,0,28.0
220,2004-06-22,9,10,17,41,52,19,1,1,2,1,25.8
219,2004-06-18,7,10,11,15,51,23,1,1,2,0,18.8
218,2004-06-15,18,23,27,29,44,24,1,1,2,0,28.2
217,2004-06-11,12,28,36,39,52,36,1,1,0,0,33.4
216,2004-06-08,17,24,29,37,45,43,1,1,3,0,30.4
215,2004-06-04,4,16,18,41,47,46,1,1,2,1,25.2
214,2004-06-01,7,16,17,26,48,15,1,1,2,0,22.8
213,2004-05-28,13,27,36,39,51,33,1,1,1,2,33.2
212,2004-05-25,5,18,34,36,39,43,1,1,1,0,26.4
211,2004-05-21,4,20,27,38,49,31,1,1,0,0,27.6
210,2004-05-18,2,36,44,46,51,45,1,1,1,2,35.8
209,2004-05-14,10,19,32,36,46,6,1,1,1,0,28.6
208,2004-05-11,9,25,30,34,37,30,1,1,1,0,27.0
207,2004-05-07,14,17,19,44,50,17,1,1,2,0,28.8
206,2004-05-04,3,15,29,37,39,40,1,1,3,2,24.6
205,2004-04-30,15,21,32,39,50,34,1,1,0,0,31.4
204,2004-04-27,1,10,17,23,35,45,1,1,2,0,17.2
203,2004-04-23,8,22,25,47,48,27,1,1,1,2,30.0
202,2004-04-20,12,22,37,46,48,49,1,1,1,0,33.0
201,2004-04-16,6,24,29,42,51,41,1,1,1,1,30.4
200,2004-04-13,13,36,39,50,51,34,1,1,1,0,37.8
199,2004-04-09,2,8,10,11,23,40,1,1,3,1,10.8
198,2004-04-06,8,17,29,32,39,49,1,1,2,2,25.0
197,2004-04-02,8,17,25,46,47,13,1,1,2,0,28.6
196,2004-03-30,3,27,31,41,45,33,1,1,3,0,29.4
195,2004-03-26,8,10,17,37,49,20,1,1,2,0,24.2
194,2004-03-23,12,22,35,39,46,32,1,1,0,0,30.8
193,2004-03-19,6,9,14,32,50,4,1,1,0,0,22.2
192,2004-03-16,3,28,45,49,51,52,1,1,1,0,35.2
191,2004-03-12,4,29,32,35,36,11,1,1,1,2,27.2
190,2004-03-09,16,23,29,36,51,49,1,1,2,0,31.0
189,2004-03-05,30,40,47,49,52,3,1,1,1,2,43.6
188,2004-03-02,25,30,35,40,50,4,1,1,0,0,36.0
187,2004-02-27,2,9,24,36,52,44,1,1,1,1,24.6
186,2004-02-24,6,11,43,49,52,21,1,1,2,0,32.2
185,2004-02-20,1,13,20,21,30,24,1,1,1,0,17.0
184,2004-02-17,2,8,34,36,52,21,1,1,1,0,26.4
183,2004-02-13,14,30,42,43,45,30,1,1,1,0,34.8
182,2004-02-10,3,7,10,22,32,23,1,1,2,0,14.8
181,2004-02-06,1,6,16,30,49,13,1,1,0,0,20.4
180,2004-02-03,9,21,26,35,41,17,1,1,1,0,26.4
179,2004-01-30,17,28,30,40,51,44,1,1,1,0,33.2
178,2004-01-27,6,10,20,38,50,27,1,1,0,1,24.8
177,2004-01-23,10,18,33,46,51,13,1,1,0,0,31.6
176,2004-01-20,5,7,14,21,45,36,1,1,2,0,18.4
175,2004-01-16,12,26,41,44,49,44,1,1,1,0,34.4
174,2004-01-13,3,17,18,21,45,21,1,1,2,0,20.8
173,2004-01-09,24,32,38,47,49,12,1,1,1,1,38.0
172,2004-01-06,7,13,15,25,32,9,1,1,2,1,18.4
171,2004-01-02,7,8,36,44,48,9,1,1,1,0,28.6
170,2003-12-30,12,18,21,32,46,49,1,1,0,0,25.8
169,2003-12-26,1,10,17,20,29,36,1,1,2,0,15.4
168,2003-12-23,2,13,21,22,49,52,1,1,2,0,21.4
167,2003-12-19,5,10,17,35,39,38,1,1,2,0,21.2
166,2003-12-16,16,24,31,46,47,47,1,1,2,2,32.8
165,2003-12-12,9,16,32,45,46,26,1,1,0,0,29.6
164,2003-12-09,4,14,15,24,48,41,1,1,0,1,21.0
163,2003-12-05,1,12,15,18,44,42,1,1,0,0,18.0
162,2003-12-02,10,13,24,34,49,4,1,1,1,0,26.0
161,2003-11-28,19,26,31,44,50,19,1,1,2,0,34.0
160,2003-11-25,22,32,37,40,41,52,1,1,2,0,34.4
159,2003-11-21,14,26,28,36,42,14,1,1,0,0,29.2
158,2003-11-18,4,11,25,30,52,36,1,1,1,0,24.4
157,2003-11-14,3,13,31,41,42,52,1,1,4,0,26.0
156,2003-11-11,2,5,17,21,22,43,1,1,3,0,13.4
155,2003-11-07,6,18,23,26,30,31,1,1,1,0,20.6
154,2003-11-04,16,24,43,44,45,22,1,1,1,0,34.4
153,2003-10-31,6,12,13,36,46,3,1,1,1,1,22.6
152,2003-10-28,6,9,20,40,47,26,1,1,1,1,24.4
151,2003-10-24,8,9,16,30,31,15,1,1,1,0,18.8
150,2003-10-21,18,34,46,51,52,38,1,1,0,1,40.2
149,2003-10-17,14,20,31,46,48,18,1,1,1,0,31.8
148,2003-10-14,18,19,21,33,40,29,1,1,1,1,26.2
147,2003-10-10,4,19,36,42,48,13,1,1,1,0,29.8
146,2003-10-07,1,2,22,40,41,43,1,1,2,0,21.2
145,2003-10-03,19,21,30,31,52,51,1,1,2,0,30.6
144,2003-09-30,2,26,37,40,46,49,1,1,2,0,30.2
143,2003-09-26,5,29,32,45,52,29,1,1,2,1,32.6
142,2003-09-23,5,16,24,49,51,28,1,1,1,1,29.0
141,2003-09-19,13,14,24,34,47,13,1,1,2,1,26.4
140,2003-09-16,15,20,24,30,46,42,1,1,0,1,27.0
139,2003-09-12,16,22,23,38,46,45,1,1,1,1,29.0
138,2003-09-09,14,15,30,39,46,30,1,1,0,0,28.8
137,2003-09-05,7,9,28,41,42,19,1,1,2,0,25.4
136,2003-09-02,22,26,27,32,39,14,1,1,0,0,29.2
135,2003-08-29,8,11,17,42,52,10,1,1,2,1,26.0
134,2003-08-26,9,28,42,44,49,47,1,1,0,0,34.4
133,2003-08-22,4,19,31,32,51,31,1,1,2,0,27.4
132,2003-08-19,7,11,24,28,52,16,1,1,2,1,24.4
131,2003-08-15,1,16,20,41,52,13,1,1,1,0,26.0
130,2003-08-12,8,11,18,35,51,26,1,1,1,1,24.6
129,2003-08-08,6,9,35,40,43,42,1,1,1,0,26.6
128,2003-08-05,7,32,34,38,44,49,1,1,1,0,31.0
127,2003-08-01,2,11,27,30,33,46,1,1,2,0,20.6
126,2003-07-29,1,17,19,32,42,33,1,1,2,0,22.2
125,2003-07-25,33,46,47,50,51,30,1,1,1,1,45.4
124,2003-07-22,1,5,31,38,47,3,1,1,3,1,24.4
123,2003-07-18,29,30,34,38,44,39,1,1,1,0,35.0
122,2003-07-15,1,26,33,43,48,22,1,1,1,1,30.2
121,2003-07-11,1,4,10,16,18,10,1,1,0,0,9.8
120,2003-07-08,2,9,27,29,35,18,1,1,2,0,20.4
119,2003-07-04,6,7,22,37,46,8,1,1,2,0,23.6
118,2003-07-01,28,32,39,45,48,31,1,1,0,0,38.4
117,2003-06-27,1,14,20,31,40,43,1,1,1,0,21.2
116,2003-06-24,2,26,43,44,47,31,1,1,3,1,32.4
115,2003-06-20,1,2,3,12,37,35,1,1,3,0,11.0
114,2003-06-17,27,31,34,40,52,1,1,1,1,0,36.8
113,2003-06-13,12,15,16,20,51,33,1,1,0,1,22.8
112,2003-06-10,14,15,23,32,52,37,1,1,1,1,27.2
111,2003-06-06,10,14,28,39,40,35,1,1,0,0,26.2
110,2003-06-03,4,20,25,29,32,20,1,1,1,0,22.0
109,2003-05-30,1,21,28,33,51,3,1,1,0,0,26.8
108,2003-05-27,10,11,17,20,26,3,1,1,2,1,16.8
107,2003-05-23,12,20,31,33,50,17,1,1,1,0,29.2
106,2003-05-20,2,16,36,44,49,3,1,1,1,1,29.4
105,2003-05-16,5,10,16,26,39,52,1,1,1,0,19.2
104,2003-05-13,17,20,47,49,50,34,1,1,2,1,36.6
103,2003-05-09,1,10,20,22,28,39,1,1,0,0,16.2
102,2003-05-06,5,14,32,44,52,24,1,1,1,2,29.4
101,2003-05-02,2,5,19,32,34,52,1,1,3,0,18.4
100,2003-04-29,6,8,9,33,35,32,1,1,0,0,18.2
99,2003-04-25,1,12,32,48,51,29,1,1,0,0,28.8
98,2003-04-22,3,9,15,28,52,7,1,1,1,2,21.4
97,2003-04-18,5,15,24,50,52,3,1,1,1,1,29.2
96,2003-04-15,16,29,31,39,52,21,1,1,2,1,33.4
95,2003-04-11,15,26,27,38,39,46,1,1,0,1,29.0
94,2003-04-08,8,10,24,38,45,6,1,1,0,0,25.0
93,2003-04-04,6,22,28,31,40,18,1,1,1,0,25.4
92,2003-04-01,7,12,26,45,47,36,1,1,2,1,27.4
91,2003-03-28,8,12,21,27,29,15,1,1,1,1,19.4
90,2003-03-25,15,21,37,40,42,7,1,1,1,1,31.0
89,2003-03-21,6,17,18,40,50,8,1,1,1,0,26.2
88,2003-03-18,13,14,16,29,49,29,1,1,2,1,24.2
87,2003-03-14,3,6,14,31,33,8,1,1,2,0,17.4
86,2003-03-11,10,15,26,28,39,10,1,1,0,1,23.6
85,2003-03-07,7,10,32,36,41,33,1,1,2,2,25.2
84,2003-03-04,2,26,36,37,41,22,1,1,3,1,28.4
83,2003-02-28,11,16,26,48,49,13,1,1,1,0,30.0
82,2003-02-25,2,4,6,37,47,38,1,1,3,0,19.2
81,2003-02-21,21,28,29,40,51,20,1,1,1,1,33.8
80,2003-02-18,12,22,29,42,50,11,1,1,1,0,31.0
79,2003-02-14,11,13,19,32,47,21,1,1,4,0,24.4
78,2003-02-11,18,20,23,48,49,10,1,1,1,1,31.6
77,2003-02-07,3,9,20,26,27,50,1,1,1,0,17.0
76,2003-02-04,5,12,16,22,24,48,1,1,1,1,15.8
75,2003-01-31,1,8,9,19,22,21,1,1,1,0,11.8
74,2003-01-28,13,24,26,32,47,34,1,1,2,0,28.4
73,2003-01-24,16,31,37,40,41,5,1,1,3,1,33.0
72,2003-01-21,4,41,48,50,51,23,1,1,1,0,38.8
71,2003-01-17,25,26,38,42,46,27,1,1,0,0,35.4
70,2003-01-14,30,39,41,47,52,27,1,1,2,0,41.8
69,2003-01-10,7,17,18,34,50,18,1,1,2,1,25.2
68,2003-01-07,15,16,28,34,51,33,1,1,0,1,28.8
67,2003-01-03,6,14,28,37,46,3,1,1,1,0,26.2
66,2002-12-31,8,21,29,42,51,34,1,1,1,0,30.2
65,2002-12-27,11,14,26,30,39,3,1,1,1,1,24.0
64,2002-12-24,8,24,39,43,52,43,1,1,1,0,33.2
63,2002-12-20,10,14,41,46,49,52,1,1,1,1,32.0
62,2002-12-17,3,7,21,29,49,46,1,1,3,0,21.8
61,2002-12-13,2,13,14,24,46,34,1,1,2,0,19.8
60,2002-12-10,3,5,9,16,31,28,1,1,3,0,12.8
59,2002-12-06,4,8,30,36,52,48,1,1,0,0,26.0
58,2002-12-03,1,15,19,40,51,26,1,1,1,0,25.2
57,2002-11-29,8,25,33,42,49,40,1,1,0,0,31.4
56,2002-11-26,3,21,27,31,43,34,1,1,3,0,25.0
55,2002-11-22,11,16,19,22,46,5,1,1,2,1,22.8
54,2002-11-19,7,16,20,40,52,8,1,1,1,0,27.0
53,2002-11-15,6,17,44,49,51,39,1,1,1,0,33.4
52,2002-11-12,3,28,45,48,50,24,1,1,1,1,34.8
51,2002-11-08,17,19,37,47,48,14,1,1,4,0,33.6
50,2002-11-05,2,7,16,28,36,47,1,1,2,0,17.8
49,2002-11-01,5,10,22,23,43,37,1,1,3,1,20.6
48,2002-10-29,9,10,14,41,49,35,1,1,1,0,24.6
47,2002-10-25,8,15,34,39,47,4,1,1,1,0,28.6
46,2002-10-22,16,20,26,36,48,32,1,1,0,1,29.2
45,2002-10-18,10,31,40,48,51,38,1,1,1,1,36.0
44,2002-10-15,6,20,27,34,51,22,1,1,0,0,27.6
43,2002-10-11,9,11,17,26,41,29,1,1,3,0,20.8
42,2002-10-08,18,34,43,47,50,25,1,1,2,1,38.4
41,2002-10-04,10,42,43,45,51,1,1,1,1,0,38.2
40,2002-10-01,7,21,30,32,37,15,1,1,2,1,25.4
39,2002-09-27,23,27,30,33,36,5,1,1,1,0,29.8
38,2002-09-24,8,32,34,42,50,21,1,1,0,0,33.2
37,2002-09-20,1,2,4,5,46,8,1,1,2,0,11.6
36,2002-09-17,7,10,19,26,44,5,1,1,2,0,21.2
35,2002-09-13,24,32,37,40,51,12,1,1,1,0,36.8
34,2002-09-10,4,6,10,21,25,21,1,1,0,0,13.2
33,2002-09-06,31,39,42,49,51,35,1,1,1,2,42.4
32,2002-09-03,8,23,36,49,51,10,1,1,1,1,33.4
31,2002-08-30,6,31,32,42,51,42,1,1,1,0,32.4
30,2002-08-27,2,5,11,18,45,22,1,1,3,2,16.2
29,2002-08-23,5,19,20,45,48,44,1,1,2,1,27.4
28,2002-08-20,2,13,20,23,43,6,1,1,4,0,20.2
27,2002-08-16,22,31,33,44,52,43,1,1,1,0,36.4
26,2002-08-13,3,10,15,18,25,52,1,1,1,0,14.2
25,2002-08-09,7,17,23,43,44,26,1,1,4,0,26.8
24,2002-08-06,2,6,38,40,50,14,1,1,1,0,27.2
23,2002-08-02,10,16,23,28,31,7,1,1,2,0,21.6
22,2002-07-30,2,6,22,27,44,1,1,1,1,1,20.2
21,2002-07-26,20,27,28,37,49,32,1,1,1,0,32.2
20,2002-07-23,10,12,29,32,38,7,1,1,1,0,24.2
19,2002-07-19,7,15,24,37,46,9,1,1,2,1,25.8
18,2002-07-16,10,24,35,49,52,47,1,1,0,0,34.0
17,2002-07-12,13,19,23,38,47,15,1,1,4,0,28.0
16,2002-07-09,26,29,31,44,48,40,1,1,2,2,35.6
15,2002-07-05,11,20,26,29,41,41,1,1,3,0,25.4
14,2002-07-02,14,22,32,35,44,6,1,1,0,0,29.4
13,2002-06-28,18,31,49,50,51,4,1,1,1,1,39.8
12,2002-06-25,4,18,21,27,41,50,1,1,1,1,22.2
11,2002-06-21,13,18,32,39,49,6,1,1,1,2,30.2
10,2002-06-18,6,13,18,27,45,18,1,1,1,0,21.8
9,2002-06-14,4,8,32,37,43,2,1,1,2,0,24.8
8,2002-06-11,5,6,9,33,44,52,1,1,1,0,19.4
7,2002-06-07,14,22,27,28,42,13,1,1,0,0,26.6
6,2002-06-04,3,25,29,30,48,48,1,1,2,0,27.0
5,2002-05-31,12,28,45,46,52,47,1,1,0,0,36.6
4,2002-05-28,6,21,22,29,32,24,1,1,1,1,22.0
3,2002-05-24,2,4,32,44,52,36,1,1,1,2,26.8
2,2002-05-21,4,28,39,41,44,9,1,1,1,0,31.2
1,2002-05-17,15,18,25,33,47,30,1,1,1,0,27.6
