CONCURSO,ID,F1,F2,F3,F4,F5,F6,F7,BOLSA,FECHA,PRIMOS,REPETIDOS,MEDIA
1544,1309188,3,23,25,27,29,30,1,5200000,2025-07-05,3,1,22.8
1543,705289,2,7,9,10,24,29,33,5100000,2025-07-01,3,0,13.5
1542,2902541,12,14,15,26,31,37,6,5000000,2025-06-28,2,0,22.5
1541,470606,1,17,19,29,30,38,14,68000000,2025-06-24,3,1,22.3
1540,2052801,6,11,20,30,34,35,5,63500000,2025-06-21,1,2,22.7
1539,2844574,11,16,17,26,28,35,3,58900000,2025-06-17,2,3,22.2
1538,2241346,7,11,13,16,26,33,29,50700000,2025-06-14,3,3,17.7
1537,1526206,4,11,13,33,35,38,24,50700000,2025-06-10,2,2,22.3
1536,1541712,4,12,13,15,29,37,5,46500000,2025-06-07,3,0,18.3
1535,2228495,7,10,16,26,30,35,20,42300000,2025-06-03,1,0,20.7
1534,943040,3,4,5,22,25,27,29,38300000,2025-05-31,2,1,14.3
1533,2648675,9,19,20,22,24,31,26,34700000,2025-05-27,2,1,20.8
1532,384970,1,11,12,19,37,38,4,31300000,2025-05-24,3,0,19.7
1531,1576963,4,14,16,24,28,34,32,28000000,2025-05-20,0,1,20.0
1530,1234785,3,13,14,17,27,29,39,24700000,2025-05-17,4,2,17.2
1529,828402,2,11,15,24,27,29,38,21900000,2025-05-13,3,1,18.0
1528,2974502,13,14,20,21,27,36,28,19000000,2025-05-10,1,2,21.8
1527,2080186,6,13,16,27,34,35,11,16700000,2025-05-06,1,0,21.8
1526,2549944,9,10,30,33,36,39,16,14000000,2025-05-03,0,1,26.2
1525,759021,2,8,16,32,33,37,35,12000000,2025-04-29,2,1,21.3
1524,1635758,4,24,27,28,30,33,1,9900000,2025-04-26,0,0,24.3
1523,234115,1,6,9,12,21,31,14,8000000,2025-04-22,1,0,13.3
1522,1128866,3,8,13,20,23,24,22,6600000,2025-04-19,3,1,15.2
1521,983488,3,4,18,22,29,38,31,5200000,2025-04-15,2,2,19.0
1520,3078851,14,22,28,29,31,33,30,5100000,2025-04-12,2,0,26.2
1519,1682256,5,7,8,13,32,38,10,5000000,2025-04-08,3,0,17.2
1518,1153462,3,9,12,19,20,37,16,6300000,2025-04-05,3,1,16.7
1517,2801587,11,12,21,24,29,33,2,5200000,2025-04-01,2,0,21.7
1516,3194474,18,20,23,25,27,32,10,5100000,2025-03-29,1,1,24.2
1515,2887567,12,13,14,23,28,38,34,5000000,2025-03-25,2,0,21.3
1514,123172,1,3,24,25,29,35,9,9900000,2025-03-22,2,0,19.5
1513,2139795,6,20,21,23,34,37,15,8000000,2025-03-18,2,0,23.5
1512,1722822,5,8,10,19,25,35,31,6400000,2025-03-15,2,1,17.0
1511,1713223,5,7,21,31,36,38,32,5200000,2025-03-11,3,1,23.0
1510,2288166,7,13,22,30,32,39,6,5100000,2025-03-08,2,3,23.8
1509,1794983,5,10,20,30,32,39,36,5000000,2025-03-04,1,2,22.7
1508,763952,2,8,20,30,33,38,23,5000000,2025-03-01,1,1,21.8
1507,2520794,8,23,25,28,34,35,26,12000000,2025-02-25,1,2,25.5
1506,2581687,9,12,18,25,26,35,39,10000000,2025-02-22,0,1,20.8
1505,1988647,6,9,10,29,31,36,18,8000000,2025-02-18,2,0,20.2
1504,3110144,15,19,23,24,25,26,35,6300000,2025-02-15,2,1,22.0
1503,2575988,9,12,15,18,20,36,38,5200000,2025-02-11,0,0,18.3
1502,292530,1,7,17,22,30,34,33,5100000,2025-02-08,2,1,18.5
1501,2789984,11,12,13,28,29,30,1,5000000,2025-02-04,3,0,20.5
1500,2034691,6,10,24,27,32,36,19,5000000,2025-02-01,0,1,22.5
1499,983699,3,4,18,24,28,34,39,8300000,2025-01-28,1,1,18.5
1498,2898468,12,13,23,24,26,27,29,6300000,2025-01-25,2,1,20.8
1497,1058805,3,6,12,19,38,39,14,5200000,2025-01-21,2,1,19.5
1496,1270319,3,15,23,28,32,37,21,5100000,2025-01-18,3,0,23.0
1495,1898019,5,19,20,26,31,33,38,5000000,2025-01-14,3,0,22.3
1494,2387194,8,10,12,13,17,27,24,5100000,2025-01-11,2,1,14.5
1493,387707,1,11,13,20,30,39,36,5000000,2025-01-07,2,0,19.0
1492,728222,2,7,17,21,24,34,28,5100000,2025-01-04,3,0,17.5
1491,1999265,6,9,14,23,27,31,37,5000000,2024-12-31,2,0,18.3
1490,2988435,13,15,24,30,36,37,16,12300000,2024-12-28,2,1,25.8
1489,2337997,7,19,22,24,25,35,29,10300000,2024-12-24,2,2,22.0
1488,1119688,3,8,10,18,22,24,11,8000000,2024-12-21,1,1,14.2
1487,508499,2,3,5,6,7,19,15,6500000,2024-12-17,5,1,7.0
1486,1876632,5,16,17,29,36,39,1,5200000,2024-12-14,3,1,23.7
1485,2697591,10,12,16,25,28,31,19,5100000,2024-12-10,1,1,20.3
1484,1729331,5,8,12,21,24,33,9,5000000,2024-12-07,1,1,17.2
1483,2447545,8,13,14,25,36,39,22,5100000,2024-12-03,1,1,22.5
1482,1109955,3,7,21,25,27,29,38,5000000,2024-11-30,3,0,18.7
1481,2526984,9,10,11,13,31,33,7,5300000,2024-11-26,3,2,17.8
1480,104658,1,3,12,13,22,33,20,5200000,2024-11-23,2,1,14.0
1479,566099,2,4,5,22,29,32,35,5100000,2024-11-19,3,1,15.7
1478,2415527,8,11,15,16,22,37,1,5000000,2024-11-16,2,2,18.2
1477,2491595,8,16,25,30,34,36,17,5000000,2024-11-12,0,0,24.8
1476,1581510,4,14,20,21,23,28,22,15500000,2024-11-09,1,0,18.3
1475,17911,1,2,5,17,18,31,34,13000000,2024-11-05,4,1,12.3
1474,482086,1,19,20,24,32,39,18,10900000,2024-11-02,1,1,22.5
1473,2987286,13,15,22,27,36,39,19,9000000,2024-10-29,1,1,25.3
1472,2160179,7,8,10,14,15,25,26,7500000,2024-10-26,1,0,13.2
1471,3209846,19,20,22,35,36,37,28,6000000,2024-10-22,2,1,28.2
1470,2062486,6,12,15,19,27,32,2,5200000,2024-10-19,1,2,18.5
1469,967449,3,4,11,15,17,19,23,5100000,2024-10-15,4,0,11.5
1468,3147431,16,20,22,27,33,37,1,5000000,2024-10-12,1,1,25.8
1467,1667877,5,6,15,16,24,35,39,6300000,2024-10-08,1,2,16.8
1466,2720329,10,13,24,29,35,36,26,5200000,2024-10-05,2,3,24.5
1465,3124774,15,24,29,32,36,37,35,5100000,2024-10-01,2,2,28.8
1464,2710382,10,13,15,22,23,24,9,5000000,2024-09-28,2,0,17.8
1463,1915041,5,25,27,28,33,38,1,27700000,2024-09-24,1,0,26.0
1462,726767,2,7,16,21,32,35,6,24900000,2024-09-21,2,0,18.8
1461,2407834,8,11,12,13,26,39,6,22500000,2024-09-17,2,3,18.2
1460,314492,1,8,13,14,15,26,2,20000000,2024-09-14,1,2,12.8
1459,1578574,4,14,17,25,26,37,30,17500000,2024-09-10,2,0,20.5
1458,3012775,13,19,20,27,33,36,14,15300000,2024-09-07,2,1,24.7
1457,1361500,4,6,7,8,20,38,5,13000000,2024-09-03,1,1,13.8
1456,2314991,7,16,17,24,32,39,12,11000000,2024-08-31,2,1,22.5
1455,2252436,7,11,19,21,29,30,28,9300000,2024-08-27,4,1,19.5
1454,3181625,17,22,30,31,33,39,32,7500000,2024-08-24,2,2,28.7
1453,2315247,7,16,17,27,38,39,31,5900000,2024-08-20,2,1,24.0
1452,1541346,4,12,13,14,22,38,39,5200000,2024-08-17,1,1,17.2
1451,2939663,12,17,27,29,37,39,2,5100000,2024-08-13,3,1,26.8
1450,1052125,3,6,10,17,26,38,39,5000000,2024-08-10,2,1,16.7
1449,2950094,12,19,25,34,36,38,21,5100000,2024-08-06,1,0,27.3
1448,1203618,3,11,14,27,28,31,1,5000000,2024-08-03,3,0,19.0
1447,3017833,13,20,22,24,25,33,4,5700000,2024-07-30,1,0,22.8
1446,11403,1,2,4,15,16,34,26,5200000,2024-07-27,1,1,12.0
1445,927556,2,21,24,26,28,30,8,5100000,2024-07-23,1,2,21.8
1444,745640,2,8,11,16,30,33,27,5000000,2024-07-20,2,1,16.7
1443,880851,2,14,21,22,24,26,31,17000000,2024-07-16,1,1,18.2
1442,452394,1,15,18,20,26,27,17,14900000,2024-07-13,0,1,17.8
1441,2562716,9,11,17,24,26,35,2,13000000,2024-07-09,2,1,20.3
1440,3175164,17,20,25,28,29,32,26,10900000,2024-07-06,2,1,25.2
1439,699803,2,6,27,28,30,35,10,9000000,2024-07-02,1,1,21.3
1438,1691582,5,7,10,20,30,34,26,7300000,2024-06-29,2,1,17.7
1437,2830611,11,14,23,26,30,39,31,5700000,2024-06-25,2,1,23.8
1436,3124850,15,24,30,32,34,36,1,5200000,2024-06-22,0,0,28.5
1435,837358,2,11,23,25,33,37,29,5100000,2024-06-18,4,0,21.8
1434,1785476,5,10,14,21,32,38,34,5000000,2024-06-15,1,1,20.0
1433,1104409,3,7,16,28,32,34,29,5700000,2024-06-11,2,0,20.0
1432,911513,2,18,19,20,21,29,25,5200000,2024-06-08,3,0,18.2
1431,1533514,4,11,17,26,27,37,12,5100000,2024-06-04,3,1,20.3
1430,1005588,3,5,9,11,14,33,25,5000000,2024-06-01,3,1,12.5
1429,1438284,4,8,9,10,19,20,6,5200000,2024-05-28,1,0,11.7
1428,3106989,15,18,27,28,31,38,37,5100000,2024-05-25,1,0,26.2
1427,2092132,6,14,16,21,23,37,3,5000000,2024-05-21,2,2,19.5
1426,1684295,5,7,8,23,32,37,31,11300000,2024-05-18,4,0,18.7
1425,1145280,3,9,10,11,33,36,28,9500000,2024-05-14,2,1,17.0
1424,386913,1,11,13,16,31,39,22,7900000,2024-05-11,3,1,18.5
1423,695202,2,6,19,24,37,39,38,6000000,2024-05-07,3,1,21.2
1422,1612284,4,17,26,29,34,39,36,5200000,2024-05-04,2,1,24.8
1421,1679499,5,6,26,28,36,38,10,5100000,2024-04-30,1,1,23.2
1420,1371326,4,6,9,11,23,39,32,5000000,2024-04-27,2,1,15.3
1419,1788398,5,10,16,17,20,39,32,5200000,2024-04-23,2,1,17.8
1418,2743320,10,15,24,25,29,34,26,5100000,2024-04-20,1,0,22.8
1417,2574259,9,12,14,19,27,36,3,5000000,2024-04-16,1,2,19.5
1416,1473998,4,9,11,14,20,26,34,5000000,2024-04-13,1,2,14.0
1415,1203789,3,11,14,30,31,39,18,26700000,2024-04-09,3,2,21.3
1414,1961766,6,8,11,13,14,36,21,24300000,2024-04-06,2,1,14.7
1413,2110160,6,15,22,34,37,39,4,22000000,2024-04-02,1,1,25.5
1412,179843,1,5,6,13,14,16,35,19500000,2024-03-30,2,1,9.2
1411,3142954,16,19,21,29,30,37,26,17300000,2024-03-26,3,0,25.3
1410,1927510,6,7,10,14,24,26,18,15300000,2024-03-23,1,1,14.5
1409,3189128,18,19,21,23,24,37,2,13000000,2024-03-19,3,0,23.7
1408,24096,1,2,6,20,28,34,4,11000000,2024-03-16,1,0,15.2
1407,3009249,13,18,22,25,29,33,21,9300000,2024-03-12,2,0,23.3
1406,609212,2,4,20,30,31,32,19,7500000,2024-03-09,2,1,19.8
1405,153526,1,4,10,33,34,36,7,5900000,2024-03-05,0,2,19.7
1404,1951202,6,7,22,30,34,36,2,5200000,2024-03-02,1,2,22.5
1403,2552693,9,11,12,26,30,36,7,5100000,2024-02-27,1,1,20.7
1402,1518550,4,10,23,26,29,32,2,5000000,2024-02-24,2,1,20.7
1401,1475769,4,9,11,22,31,34,23,27500000,2024-02-20,2,1,18.5
1400,158060,1,4,12,17,21,32,7,24900000,2024-02-17,1,1,14.5
1399,448034,1,14,26,31,35,38,2,21900000,2024-02-13,1,2,24.2
1398,2011766,6,9,26,31,34,37,32,19300000,2024-02-10,2,2,23.8
1397,203750,1,5,12,14,26,31,37,17300000,2024-02-06,2,0,14.8
1396,1465516,4,8,20,29,30,35,14,14700000,2024-02-03,1,2,21.0
1395,1740373,5,8,17,29,38,39,19,12700000,2024-01-30,3,1,22.7
1394,1984230,6,8,26,28,31,33,20,10700000,2024-01-27,1,1,22.0
1393,554237,2,3,18,23,28,29,12,8900000,2024-01-23,4,1,17.2
1392,696298,2,6,20,26,30,32,5,7300000,2024-01-20,1,0,19.3
1391,2430991,8,12,14,16,19,29,25,5700000,2024-01-16,2,1,16.3
1390,2230432,7,10,18,19,24,25,13,5200000,2024-01-13,2,1,17.2
1389,2486703,8,16,18,35,37,39,28,5100000,2024-01-09,1,0,25.5
1388,1507186,4,10,14,21,28,38,3,5000000,2024-01-06,0,0,19.2
1387,2631275,9,16,20,32,34,36,27,11300000,2024-01-02,0,0,24.5
1386,433809,1,13,23,24,26,39,7,9300000,2023-12-30,2,0,21.0
1385,2478610,8,15,19,25,33,35,36,7900000,2023-12-26,1,0,22.5
1384,1808906,5,11,16,17,22,37,26,6000000,2023-12-23,4,1,18.0
1383,229345,1,6,8,10,22,33,37,5020000,2023-12-19,0,1,13.3
1382,2090127,6,14,15,19,31,35,20,5010000,2023-12-16,2,2,20.0
1381,568429,2,4,6,10,19,25,12,5000000,2023-12-12,2,2,11.0
1380,910288,2,17,25,28,29,33,1,5700000,2023-12-09,3,2,22.3
1379,1612273,4,17,26,29,32,39,37,5200000,2023-12-05,2,1,24.5
1378,2286048,7,13,20,22,29,37,35,5100000,2023-12-02,4,1,21.3
1377,351985,1,9,17,29,33,38,12,5000000,2023-11-28,2,1,21.2
1376,961266,3,4,9,18,19,31,11,13700000,2023-11-25,3,0,14.0
1375,3158824,16,25,26,29,33,39,27,11900000,2023-11-21,1,1,28.0
1374,129339,1,4,5,17,28,39,33,10000000,2023-11-18,2,0,15.7
1373,914283,2,18,21,29,32,33,31,8300000,2023-11-14,2,1,22.5
1372,2447702,8,13,14,28,29,39,22,6900000,2023-11-11,2,0,21.8
1371,1299378,3,20,21,22,26,32,5,5300000,2023-11-07,1,0,20.7
1370,1410071,4,7,9,23,29,33,14,5200000,2023-11-04,3,2,17.5
1369,1420728,4,7,13,14,24,35,29,5100000,2023-10-31,2,0,16.2
1368,831399,2,11,17,21,31,38,5,5000000,2023-10-28,4,0,20.0
1367,1231144,3,12,22,23,33,37,14,6900000,2023-10-24,3,0,21.7
1366,139756,1,4,7,17,29,30,13,5500000,2023-10-21,3,1,14.7
1365,1644068,5,6,7,26,27,36,3,5200000,2023-10-17,2,1,17.8
1364,1968901,6,8,13,19,21,39,22,5100000,2023-10-14,2,3,17.7
1363,1731462,5,8,13,18,27,39,34,5000000,2023-10-10,2,1,18.3
1362,719708,2,7,13,16,31,33,22,10000000,2023-10-07,4,1,17.0
1361,1932622,6,7,11,23,32,38,13,8500000,2023-10-03,3,1,19.5
1360,2824399,11,14,17,20,27,35,10,6700000,2023-09-30,2,0,20.7
1359,892788,2,15,22,28,37,38,14,5300000,2023-09-26,2,1,23.7
1358,1694959,5,7,11,21,25,37,17,5200000,2023-09-23,4,1,17.7
1357,1157489,3,9,14,15,21,30,34,5100000,2023-09-19,1,1,15.3
1356,195592,1,5,9,22,35,36,21,5000000,2023-09-16,1,1,18.0
1355,2936429,12,17,21,22,24,34,5,8500000,2023-09-12,1,1,21.7
1354,1479302,4,9,12,30,32,39,33,7000000,2023-09-09,0,0,21.0
1353,901241,2,16,22,23,35,36,17,5500000,2023-09-05,2,1,22.3
1352,1264067,3,15,17,21,23,30,36,5200000,2023-09-02,3,1,18.2
1351,2001785,6,9,15,29,33,36,26,5100000,2023-08-29,1,0,21.3
1350,2281786,7,13,16,34,38,39,3,5000000,2023-08-26,2,0,24.5
1349,2877530,11,22,23,26,28,35,7,5500000,2023-08-22,2,1,24.2
1348,940531,3,4,5,11,33,38,30,5200000,2023-08-19,3,0,15.7
1347,1935052,6,7,12,20,24,36,14,5100000,2023-08-15,1,0,17.5
1346,1739905,5,8,17,23,31,39,11,5000000,2023-08-12,4,3,20.5
1345,2525444,8,27,31,32,37,39,14,8700000,2023-08-08,2,1,29.0
1344,524774,2,3,7,30,31,38,23,6900000,2023-08-05,4,1,18.5
1343,1295169,3,19,20,27,28,32,15,5700000,2023-08-01,2,0,21.5
1342,1438195,4,8,9,10,15,17,2,5200000,2023-07-29,1,0,10.5
1341,2993581,13,16,19,26,31,35,25,5100000,2023-07-25,3,1,23.3
1340,642959,2,5,13,17,23,25,15,5000000,2023-07-22,5,2,14.2
1339,1016307,3,5,12,13,24,26,36,7300000,2023-07-18,3,1,13.8
1338,3052723,14,17,18,24,32,34,27,5500000,2023-07-15,1,0,23.2
1337,516385,2,3,6,11,16,26,25,5200000,2023-07-11,3,0,10.7
1336,1348294,4,5,14,27,30,32,12,5100000,2023-07-08,1,1,18.7
1335,1609568,4,17,21,24,29,38,15,5000000,2023-07-04,2,1,22.2
1334,873035,2,14,15,20,26,38,12,15000000,2023-07-01,1,1,19.2
1333,289061,1,7,15,21,28,31,6,13300000,2023-06-27,2,1,17.2
1332,573720,2,4,7,11,17,19,16,11500000,2023-06-24,5,1,10.0
1331,2049857,6,11,18,21,24,27,10,9900000,2023-06-20,1,0,17.8
1330,803398,2,10,13,22,28,38,17,8300000,2023-06-17,2,3,18.8
1329,2387335,8,10,12,13,25,28,18,6900000,2023-06-13,1,3,16.0
1328,752763,2,8,13,28,29,34,21,5500000,2023-06-10,3,0,19.0
1327,1635352,4,24,25,30,32,37,12,5200000,2023-06-06,1,1,25.3
1326,2396429,8,10,15,24,27,28,17,5100000,2023-06-03,0,1,18.7
1325,218089,1,5,19,22,27,33,30,5000000,2023-05-30,2,2,17.8
1324,324184,1,8,17,24,27,28,4,8700000,2023-05-27,1,1,17.5
1323,285512,1,7,13,30,33,34,9,7300000,2023-05-23,2,2,19.7
1322,2148670,6,22,30,31,33,39,3,5900000,2023-05-20,1,1,26.8
1321,1004255,3,5,8,21,30,36,25,5200000,2023-05-16,2,2,17.2
1320,1297048,3,19,23,24,36,38,32,5100000,2023-05-13,3,0,23.8
1319,2329105,7,17,26,27,28,37,12,5000000,2023-05-09,3,2,23.7
1318,2063416,6,12,15,27,28,31,33,14300000,2023-05-06,1,1,19.8
1317,2271715,7,12,20,30,32,34,38,12300000,2023-05-02,1,0,22.5
1316,318213,1,8,14,19,31,39,9,10500000,2023-04-29,2,2,18.7
1315,1448684,4,8,11,25,31,38,36,8900000,2023-04-25,2,1,19.5
1314,2174180,7,8,15,17,20,36,12,7300000,2023-04-22,2,1,17.2
1313,287595,1,7,14,26,31,32,19,5900000,2023-04-18,2,0,18.5
1312,2937248,12,17,22,23,25,39,19,5200000,2023-04-15,2,0,23.0
1311,2778681,10,21,28,33,36,38,30,5100000,2023-04-11,0,1,27.7
1310,2663325,9,23,25,29,31,33,12,5000000,2023-04-08,3,0,25.0
1309,2959703,12,22,26,35,36,39,23,40300000,2023-04-04,0,1,28.3
1308,3103428,15,18,20,25,34,39,31,37300000,2023-04-01,0,0,25.2
1307,2955930,12,21,23,26,35,36,10,34500000,2023-03-28,1,1,25.5
1306,1064523,3,6,14,26,30,39,36,31700000,2023-03-25,1,1,19.7
1305,962830,3,4,10,11,13,22,31,29500000,2023-03-21,3,0,10.5
1304,748375,2,8,12,16,17,38,37,26900000,2023-03-18,2,1,15.5
1303,257099,1,6,17,28,32,33,15,24300000,2023-03-14,1,1,19.5
1302,344090,1,9,13,25,31,35,19,22000000,2023-03-11,2,1,19.0
1301,2103385,6,15,16,26,32,35,22,19700000,2023-03-07,0,1,21.7
1300,2499466,8,17,27,32,34,37,7,17300000,2023-03-04,2,0,25.8
1299,2308750,7,15,19,26,29,38,28,15300000,2023-02-28,3,1,22.3
1298,2070619,6,12,21,23,26,31,37,13300000,2023-02-25,2,3,19.8
1297,1950011,6,7,21,23,29,36,16,11500000,2023-02-21,3,1,20.3
1296,3229655,20,23,24,30,33,35,34,9700000,2023-02-18,1,0,27.5
1295,1139700,3,8,19,25,34,38,35,8300000,2023-02-14,2,2,21.2
1294,2923002,12,15,25,30,32,38,24,6700000,2023-02-11,0,2,25.3
1293,2695496,10,12,15,22,27,34,36,5300000,2023-02-07,0,2,20.0
1292,733645,2,7,22,25,27,31,5,5200000,2023-02-04,3,1,19.0
1291,2608498,9,14,18,19,25,35,4,5100000,2023-01-31,1,0,20.0
1290,528436,2,3,8,21,23,29,19,5000000,2023-01-28,4,3,14.3
1289,835995,2,11,21,24,29,35,28,8700000,2023-01-24,3,1,20.3
1288,1229495,3,12,20,22,29,34,38,7000000,2023-01-21,2,0,20.0
1287,2345499,7,21,23,24,26,28,20,5700000,2023-01-17,2,1,21.5
1286,2454402,8,13,18,28,34,39,5,5200000,2023-01-14,1,1,23.3
1285,3069831,14,19,30,31,35,39,5,5100000,2023-01-10,2,0,28.0
1284,2458452,8,13,23,26,36,38,34,5000000,2023-01-07,2,1,24.0
1283,126277,1,4,5,8,21,30,39,13900000,2023-01-03,1,1,11.5
1282,1133293,3,8,15,20,31,35,28,11700000,2022-12-31,2,1,18.7
1281,99984,1,3,10,19,27,30,17,9700000,2022-12-27,2,1,15.0
1280,952545,3,4,7,17,21,38,16,8300000,2022-12-24,3,2,15.0
1279,1455347,4,8,14,17,33,39,7,7000000,2022-12-20,1,1,19.2
1278,1026502,3,5,16,19,26,39,34,5500000,2022-12-17,3,0,18.0
1277,2015441,6,10,11,25,33,34,30,5200000,2022-12-13,1,0,19.8
1276,12521,1,2,4,19,32,36,31,5100000,2022-12-10,2,0,15.7
1275,2692603,10,12,14,17,26,37,8,5000000,2022-12-06,2,1,19.3
1274,2294045,7,14,16,25,30,38,23,6500000,2022-12-03,1,1,21.7
1273,143993,1,4,8,16,26,36,27,5300000,2022-11-29,0,1,15.2
1272,1072353,3,6,19,26,34,38,17,5200000,2022-11-26,2,0,21.0
1271,3166091,17,18,24,28,30,35,10,5100000,2022-11-22,1,0,25.3
1270,1432923,4,7,19,26,31,34,30,5000000,2022-11-19,3,1,20.2
1269,1215140,3,11,24,32,34,38,22,5100000,2022-11-15,2,1,23.7
1268,1467745,4,8,24,25,26,39,34,5000000,2022-11-12,0,1,21.0
1267,702404,2,7,8,14,15,21,4,13000000,2022-11-08,2,2,11.2
1266,881787,2,14,22,24,26,30,34,10900000,2022-11-05,1,0,19.7
1265,1264421,3,15,17,23,31,36,2,9300000,2022-11-01,4,2,20.8
1264,760490,2,8,17,29,36,39,15,7700000,2022-10-29,3,1,21.8
1263,1307553,3,22,25,30,36,37,13,6500000,2022-10-25,2,0,25.5
1262,272329,1,7,9,21,33,38,22,5300000,2022-10-22,1,2,18.2
1261,2184506,7,8,23,28,31,38,1,5200000,2022-10-18,3,0,22.5
1260,2059084,6,12,13,26,36,37,19,5100000,2022-10-15,2,1,21.7
1259,891887,2,15,21,25,32,36,12,5000000,2022-10-11,1,0,21.8
1258,1335946,4,5,10,18,20,30,9,6700000,2022-10-08,1,1,14.5
1257,1282526,3,17,19,20,21,35,11,5300000,2022-10-04,3,3,19.2
1256,2337728,7,19,21,29,33,35,2,5200000,2022-10-01,3,2,24.0
1255,308126,1,8,10,29,31,33,18,5100000,2022-09-27,2,2,18.7
1254,2481996,8,15,23,33,37,38,27,5000000,2022-09-24,2,1,25.7
1253,1440890,4,8,9,19,24,27,15,32300000,2022-09-20,1,1,15.2
1252,1037010,3,6,7,8,31,37,30,29700000,2022-09-17,4,1,15.3
1251,2024732,6,10,15,21,23,33,13,28000000,2022-09-13,1,0,18.0
1250,543351,2,3,13,14,17,24,19,26000000,2022-09-10,4,0,12.2
1249,1981149,6,8,20,30,31,32,38,23700000,2022-09-06,1,1,21.2
1248,2418324,8,11,16,21,27,38,32,21500000,2022-09-03,1,1,20.2
1247,1252950,3,14,17,18,24,38,8,19700000,2022-08-30,2,1,19.0
1246,1381209,4,6,11,25,26,38,9,17900000,2022-08-27,1,1,18.3
1245,546620,2,3,14,17,30,38,26,16000000,2022-08-23,3,1,17.3
1244,2622192,9,15,20,27,28,38,34,14300000,2022-08-20,0,0,22.8
1243,946203,3,4,6,12,22,24,39,12700000,2022-08-16,1,0,11.8
1242,877708,2,14,18,20,29,37,28,11000000,2022-08-13,3,0,20.0
1241,1967584,6,8,12,34,38,39,29,9300000,2022-08-09,0,1,22.8
1240,2757594,10,17,21,23,28,39,9,7900000,2022-08-06,2,1,23.0
1239,1714166,5,7,23,26,27,34,32,6500000,2022-08-02,3,0,20.3
1238,2367955,8,9,13,21,24,29,7,5300000,2022-07-30,2,1,17.3
1237,1700251,5,7,13,19,37,38,32,5200000,2022-07-26,5,0,19.8
1236,392998,1,11,15,32,36,39,27,5100000,2022-07-23,1,0,22.3
1235,1419897,4,7,12,23,26,37,38,5000000,2022-07-19,3,2,18.2
1234,276239,1,7,10,23,33,38,15,9300000,2022-07-16,2,1,18.7
1233,1849758,5,13,23,26,27,30,22,8000000,2022-07-12,3,2,20.7
1232,1666783,5,6,14,21,23,25,33,6700000,2022-07-09,2,0,15.7
1231,2407165,8,10,28,30,35,37,22,5300000,2022-07-05,1,1,24.7
1230,3007561,13,18,20,23,29,37,22,5200000,2022-07-02,4,1,23.3
1229,165700,1,4,15,20,33,39,13,5100000,2022-06-28,0,1,18.7
1228,1764791,5,9,16,17,32,33,15,5000000,2022-06-25,2,1,18.7
1227,1923321,6,7,9,12,31,39,38,6700000,2022-06-21,2,1,17.3
1226,3253318,23,26,34,35,37,39,13,5300000,2022-06-18,2,2,32.3
1225,1203568,3,11,14,26,29,37,30,5200000,2022-06-14,4,3,20.0
1224,1047624,3,6,9,14,21,26,4,5100000,2022-06-11,1,2,13.2
1223,2660479,9,22,23,26,27,30,20,5000000,2022-06-07,1,1,22.8
1222,1460960,4,8,17,19,22,38,35,21000000,2022-06-04,2,0,18.0
1221,3140108,16,18,25,28,29,31,26,19000000,2022-05-31,2,2,24.5
1220,2228979,7,10,17,18,29,32,21,17300000,2022-05-28,3,2,18.8
1219,1549984,4,12,17,18,25,26,27,15500000,2022-05-24,1,2,17.0
1218,1188366,3,10,17,25,31,36,37,13700000,2022-05-21,3,0,20.3
1217,823510,2,11,13,20,23,29,26,12000000,2022-05-17,5,1,16.3
1216,3206359,18,26,27,28,29,31,17,10500000,2022-05-14,2,2,26.5
1215,3162703,17,18,19,30,31,38,10,9000000,2022-05-10,3,0,25.5
1214,1955071,6,8,9,13,27,37,19,7700000,2022-05-07,2,1,16.7
1213,2658078,9,21,23,25,33,36,39,6300000,2022-05-03,1,1,24.5
1212,1763580,5,9,15,20,30,37,18,5300000,2022-04-30,2,1,19.3
1211,2411529,8,11,13,17,30,32,16,5200000,2022-04-26,3,1,18.5
1210,1582640,4,14,21,23,27,32,26,5100000,2022-04-23,1,0,20.2
1209,1982467,6,8,22,26,34,38,24,5000000,2022-04-19,0,1,22.3
1208,1398549,4,6,21,24,28,31,20,6300000,2022-04-16,1,1,19.0
1207,1674562,5,6,19,20,35,38,7,5300000,2022-04-12,2,0,20.5
1206,2466965,8,14,18,27,30,33,37,5200000,2022-04-09,0,1,21.7
1205,2682527,10,11,18,22,23,28,14,5100000,2022-04-05,2,0,18.7
1204,648479,2,5,15,24,32,37,19,5000000,2022-04-02,3,0,19.2
1203,2055822,6,11,26,27,33,36,2,21000000,2022-03-29,1,0,23.2
1202,188208,1,5,8,10,12,31,3,19300000,2022-03-26,2,1,11.2
1201,1472548,4,9,10,23,25,32,12,17700000,2022-03-22,1,2,17.2
1200,139183,1,4,7,15,22,32,13,16000000,2022-03-19,1,0,13.5
1199,2034752,6,10,24,28,33,36,32,14300000,2022-03-15,0,1,22.8
1198,2737490,10,15,17,26,35,37,27,12700000,2022-03-12,2,1,23.3
1197,405274,1,12,13,20,33,35,28,11000000,2022-03-08,1,0,19.0
1196,521008,2,3,7,10,18,24,26,9300000,2022-03-05,3,1,10.7
1195,2982993,13,15,18,21,25,35,32,8000000,2022-03-01,1,1,21.2
1194,804498,2,10,14,16,21,27,37,6700000,2022-02-26,1,0,15.0
1193,953454,3,4,7,22,24,39,26,5300000,2022-02-22,2,0,16.5
1192,846495,2,12,16,17,18,30,19,5200000,2022-02-19,2,2,15.8
1191,2067590,6,12,18,22,27,35,29,5100000,2022-02-15,0,0,20.0
1190,2529425,9,10,11,28,31,39,34,5000000,2022-02-12,2,0,21.3
1189,2133724,6,18,26,27,29,37,7,28700000,2022-02-08,2,0,23.8
1188,533895,2,3,10,12,15,39,22,26500000,2022-02-05,2,0,13.5
1187,2634300,9,16,26,28,33,35,20,24300000,2022-02-01,0,0,24.5
1186,542018,2,3,12,19,22,36,7,22300000,2022-01-29,3,0,15.7
1185,145361,1,4,8,24,31,38,2,20500000,2022-01-25,1,0,17.7
1184,516733,2,3,6,12,16,23,30,18700000,2022-01-22,3,1,10.3
1183,167247,1,4,16,19,27,37,8,16900000,2022-01-18,2,0,17.3
1182,881847,2,14,22,24,32,33,17,15000000,2022-01-15,1,0,21.2
1181,218522,1,5,19,26,31,34,39,13300000,2022-01-11,3,2,19.3
1180,1179933,3,10,13,19,29,31,30,11500000,2022-01-08,5,1,17.5
1179,540262,2,3,11,30,32,34,19,10000000,2022-01-04,3,3,18.7
1178,1196639,3,11,12,14,28,32,9,8300000,2022-01-01,2,1,16.7
1177,2849879,11,16,23,24,26,37,29,6500000,2021-12-28,3,0,22.8
1176,1677986,5,6,22,34,35,38,11,6000000,2021-12-25,1,0,23.3
1175,2902756,12,14,15,30,33,37,13,5300000,2021-12-21,1,0,23.5
1174,650747,2,5,17,18,19,38,31,5200000,2021-12-18,4,2,16.5
1173,627222,2,5,8,21,26,37,28,5100000,2021-12-14,3,0,16.5
1172,1421713,4,7,13,18,25,36,26,5000000,2021-12-11,2,1,17.2
1171,1997062,6,9,13,24,26,35,1,6300000,2021-12-07,1,1,18.8
1170,2411242,8,11,13,16,25,31,33,5300000,2021-12-04,3,0,17.3
1169,2126865,6,17,23,32,37,39,5,5200000,2021-11-30,3,1,25.7
1168,3010901,13,18,25,29,32,38,10,5100000,2021-11-27,2,1,25.8
1167,184007,1,5,7,10,28,29,18,5000000,2021-11-23,3,0,13.3
1166,1236657,3,13,15,17,18,21,6,13500000,2021-11-20,3,2,14.5
1165,2005695,6,9,18,21,29,31,5,11900000,2021-11-16,2,1,19.0
1164,289823,1,7,15,30,31,34,14,10300000,2021-11-13,2,0,19.7
1163,2645554,9,18,22,23,36,37,38,8700000,2021-11-09,2,0,24.2
1162,849619,2,12,17,28,34,39,26,7000000,2021-11-06,2,1,22.0
1161,793459,2,9,23,32,33,35,4,5400000,2021-11-02,2,0,22.3
1160,1588366,4,15,17,19,22,37,23,5300000,2021-10-30,3,0,19.0
1159,3021845,13,21,23,29,30,35,19,5200000,2021-10-26,3,0,25.2
1158,123728,1,3,25,27,37,39,12,5100000,2021-10-23,2,1,22.0
1157,3122880,15,23,26,31,35,37,25,5000000,2021-10-19,3,0,27.8
1156,1022820,3,5,14,20,22,39,1,5300000,2021-10-16,2,1,17.2
1155,3002258,13,17,21,22,28,33,26,5200000,2021-10-12,2,2,22.3
1154,2891650,12,13,16,26,30,33,25,5100000,2021-10-09,1,2,21.7
1153,207880,1,5,13,21,30,35,27,5000000,2021-10-05,2,2,17.5
1152,2015975,6,10,12,13,20,35,9,10300000,2021-10-02,1,1,16.0
1151,971387,3,4,12,19,23,37,18,9000000,2021-09-28,4,0,16.3
1150,2299773,7,14,21,24,34,36,25,7500000,2021-09-25,1,0,22.7
1149,3004893,13,17,25,28,38,39,23,6300000,2021-09-21,2,0,26.7
1148,328279,1,8,21,22,34,37,31,5300000,2021-09-18,1,0,20.5
1147,2864285,11,18,25,27,31,39,36,5200000,2021-09-14,2,0,25.2
1146,137631,1,4,7,10,28,29,16,5100000,2021-09-11,2,1,13.2
1145,2688604,10,11,26,35,38,39,5,5000000,2021-09-07,1,1,26.5
1144,600233,2,4,14,26,30,37,23,5200000,2021-09-04,2,2,18.8
1143,733346,2,7,21,31,37,39,4,5100000,2021-08-31,4,1,22.8
1142,240337,1,6,10,24,28,31,36,5000000,2021-08-28,1,2,16.7
1141,96618,1,3,9,21,24,33,30,9000000,2021-08-24,1,2,15.2
1140,110937,1,3,14,18,31,34,5,7300000,2021-08-21,2,1,16.8
1139,2786819,10,28,29,30,31,39,1,5700000,2021-08-17,2,1,27.8
1138,1527642,4,11,14,21,27,30,24,5300000,2021-08-14,1,1,17.8
1137,121322,1,3,21,23,35,37,10,5200000,2021-08-10,3,1,20.0
1136,3058152,14,17,25,32,37,39,15,5100000,2021-08-07,2,0,27.3
1135,96748,1,3,9,22,24,27,29,5000000,2021-08-03,1,0,14.3
1134,1648587,5,6,8,26,29,39,15,5000000,2021-07-31,2,0,18.8
1133,601872,2,4,15,22,31,38,24,5300000,2021-07-27,2,2,18.7
1132,1313923,3,27,31,32,34,38,20,5200000,2021-07-24,2,1,27.5
1131,502776,2,3,4,6,16,37,12,5100000,2021-07-20,3,2,11.3
1130,916587,2,18,26,28,32,37,24,5000000,2021-07-17,2,2,23.8
1129,790573,2,9,20,21,27,37,17,5200000,2021-07-13,2,1,19.3
1128,1554849,4,12,20,35,36,38,8,5100000,2021-07-10,0,1,24.2
1127,1430165,4,7,17,23,29,37,36,5000000,2021-07-06,5,1,19.5
1126,123449,1,3,24,29,33,38,36,18000000,2021-07-03,2,1,21.3
1125,2465744,8,14,17,29,31,34,37,16500000,2021-06-29,3,0,22.2
1124,732105,2,7,20,24,32,33,3,14700000,2021-06-26,2,0,19.7
1123,2940207,12,17,31,36,37,39,25,13300000,2021-06-22,3,2,28.7
1122,2638525,9,17,20,30,31,38,26,11700000,2021-06-19,2,2,24.2
1121,1302026,3,20,25,28,34,38,35,10000000,2021-06-15,1,2,24.7
1120,1205424,3,11,15,24,29,38,28,8700000,2021-06-12,3,2,20.0
1119,1182238,3,10,14,19,29,36,35,7500000,2021-06-08,3,2,18.5
1118,2689587,10,12,13,14,30,39,23,6000000,2021-06-05,1,1,19.7
1117,2090060,6,14,15,19,25,31,11,5300000,2021-06-01,2,1,18.3
1116,397089,1,11,18,23,31,39,17,5200000,2021-05-29,3,1,20.5
1115,2229339,7,10,17,20,29,31,8,5100000,2021-05-25,4,3,19.0
1114,1188350,3,10,17,25,29,37,6,5000000,2021-05-22,4,0,20.2
1113,2656880,9,20,28,34,38,39,1,7300000,2021-05-18,0,1,28.0
1112,2864812,11,18,26,35,36,39,23,5900000,2021-05-15,1,2,27.5
1111,2943176,12,18,21,33,35,37,39,5300000,2021-05-11,1,0,26.0
1110,2055525,6,11,25,27,31,38,13,5200000,2021-05-08,2,1,23.0
1109,2111795,6,15,26,32,35,39,11,5100000,2021-05-04,0,1,25.5
1108,3253837,23,28,29,30,32,38,33,5000000,2021-05-01,2,0,30.0
1107,1681879,5,7,8,12,27,31,14,5000000,2021-04-27,3,0,15.0
1106,3058064,14,17,25,29,36,38,33,5100000,2021-04-24,2,1,26.5
1105,306593,1,8,10,17,22,28,16,5000000,2021-04-20,1,0,14.3
1104,2884863,11,27,29,34,35,37,3,21000000,2021-04-17,3,1,28.8
1103,3025030,13,22,25,28,35,36,33,19300000,2021-04-13,1,0,26.5
1102,1926751,6,7,10,12,17,18,3,17700000,2021-04-10,2,1,11.7
1101,1049871,3,6,9,28,29,30,15,16000000,2021-04-06,2,3,17.5
1100,1312397,3,25,28,30,33,36,24,14400000,2021-04-03,1,0,25.8
1099,1686140,5,7,9,13,19,31,17,13100000,2021-03-30,5,0,14.0
1098,2421403,8,11,18,23,24,30,20,11700000,2021-03-27,2,1,19.0
1097,332975,1,9,10,13,24,34,39,10300000,2021-03-23,1,0,15.2
1096,1040815,3,6,7,22,30,35,14,8800000,2021-03-20,2,1,17.2
1095,1954798,6,8,9,12,33,38,30,7500000,2021-03-16,0,1,17.7
1094,2547318,9,10,22,25,31,36,35,6000000,2021-03-13,1,1,22.2
1093,2168893,7,8,12,31,32,39,13,5300000,2021-03-09,2,2,21.5
1092,1827904,5,12,16,27,34,39,36,5200000,2021-03-06,1,1,22.2
1091,1458291,4,8,15,23,27,30,36,5100000,2021-03-02,1,0,17.8
1090,3196664,18,20,32,33,34,37,7,5000000,2021-02-27,1,0,29.0
1089,2417170,8,11,15,27,29,38,28,22300000,2021-02-23,2,1,21.3
1088,1707050,5,7,16,25,27,31,10,20500000,2021-02-20,3,1,18.5
1087,2802915,11,12,23,25,29,30,27,19000000,2021-02-16,3,0,21.7
1086,3113173,15,20,21,28,37,39,36,17300000,2021-02-13,1,1,26.7
1085,2639061,9,17,21,25,31,38,19,15800000,2021-02-09,2,0,23.5
1084,757932,2,8,16,19,37,39,36,14000000,2021-02-06,3,1,20.2
1083,977743,3,4,15,16,28,35,5,12700000,2021-02-02,1,0,16.8
1082,2017707,6,10,12,20,27,31,36,11000000,2021-01-30,1,1,17.7
1081,2523046,8,24,29,31,32,33,27,9700000,2021-01-26,2,1,26.2
1080,3139943,16,18,24,34,35,36,21,8300000,2021-01-23,0,2,27.2
1079,1195537,3,10,27,32,35,36,16,7000000,2021-01-19,1,0,23.8
1078,2109574,6,15,22,23,30,38,19,5800000,2021-01-16,1,0,22.3
1077,2853659,11,17,19,20,27,29,24,5300000,2021-01-12,4,2,20.5
1076,2775410,10,20,27,31,34,35,7,5200000,2021-01-09,1,1,26.2
1075,2286918,7,13,21,23,24,31,22,5100000,2021-01-05,4,0,19.8
1074,1191891,3,10,20,26,32,37,36,5000000,2021-01-02,2,1,21.3
1073,2688677,10,11,27,29,31,36,23,5000000,2020-12-29,3,0,24.0
1072,166724,1,4,16,17,19,38,36,7000000,2020-12-26,2,2,15.8
1071,1601754,4,16,20,28,33,35,37,5900000,2020-12-22,0,1,22.7
1070,2212005,7,9,23,30,33,38,3,5300000,2020-12-19,2,0,23.3
1069,2976035,13,14,21,28,36,39,23,5200000,2020-12-15,1,0,25.2
1068,2054874,6,11,23,31,32,35,24,5100000,2020-12-12,3,0,23.0
1067,3112018,15,19,27,34,38,39,3,5000000,2020-12-08,1,0,28.7
1066,106786,1,3,12,23,29,30,14,11600000,2020-12-05,3,1,16.3
1065,1672061,5,6,17,20,30,37,15,10300000,2020-12-01,3,0,19.2
1064,1117802,3,8,10,11,25,39,38,8900000,2020-11-28,2,1,16.0
1063,71479,1,3,4,20,22,33,23,7700000,2020-11-24,1,2,13.8
1062,944740,3,4,6,8,30,31,22,6500000,2020-11-21,2,2,13.7
1061,1241664,3,13,17,31,33,38,24,5500000,2020-11-17,4,2,22.5
1060,1513281,4,10,17,30,31,39,8,5300000,2020-11-14,2,1,21.8
1059,1459454,4,8,16,19,25,27,3,5200000,2020-11-10,1,1,16.5
1058,1945063,6,7,17,19,21,31,16,5100000,2020-11-07,4,2,16.8
1057,807579,2,10,15,21,28,31,5,5000000,2020-11-03,2,0,17.8
1056,2165815,7,8,11,27,34,39,32,5000000,2020-10-31,2,0,21.0
1055,699109,2,6,24,33,35,36,37,5200000,2020-10-27,1,2,22.7
1054,2009781,6,9,22,25,32,36,19,5100000,2020-10-24,0,1,21.7
1053,629380,2,5,9,13,19,31,35,5000000,2020-10-20,5,0,13.2
1052,986352,3,4,21,22,24,37,16,12000000,2020-10-17,2,1,18.5
1051,2949057,12,19,23,27,34,37,20,10800000,2020-10-13,3,1,25.3
1050,1404411,4,7,8,15,20,23,25,9500000,2020-10-10,2,1,12.8
1049,1490815,4,9,18,29,30,38,21,8300000,2020-10-06,1,1,21.3
1048,431309,1,13,19,35,36,38,21,7100000,2020-10-03,2,2,23.7
1047,423903,1,13,15,17,25,37,7,6000000,2020-09-29,3,0,18.0
1046,661398,2,6,7,12,18,29,25,5400000,2020-09-26,3,2,12.3
1045,1449092,4,8,12,13,14,29,26,5300000,2020-09-22,2,1,13.3
1044,3192382,18,19,28,29,32,37,25,5200000,2020-09-19,3,1,27.2
1043,1524637,4,11,13,17,28,38,25,5100000,2020-09-15,3,1,18.5
1042,1284251,3,17,20,25,35,39,8,5000000,2020-09-12,2,0,23.2
1041,2704815,10,12,23,27,33,36,26,5400000,2020-09-08,1,0,26.0
1040,3152195,16,21,26,28,31,34,11,5300000,2020-09-05,1,0,26.0
1039,2433893,8,12,15,20,23,35,1,5200000,2020-09-01,1,0,18.8
1038,375991,1,10,18,19,27,34,36,5100000,2020-08-29,1,1,18.2
1037,679785,2,6,11,27,32,37,17,5000000,2020-08-25,3,1,19.2
1036,990081,3,4,31,32,34,36,13,13000000,2020-08-22,2,1,23.3
1035,1459945,4,8,16,22,27,33,18,11900000,2020-08-18,0,1,18.3
1034,2014108,6,10,11,17,20,33,15,10800000,2020-08-15,2,1,16.2
1033,1242012,3,13,18,20,26,32,22,9800000,2020-08-11,2,1,18.7
1032,2871482,11,20,22,25,31,38,4,8600000,2020-08-08,2,1,24.5
1031,701647,2,7,8,11,27,30,24,7600000,2020-08-04,3,1,14.2
1030,2896503,12,13,20,25,26,27,24,6600000,2020-08-01,1,1,20.5
1029,808,1,2,3,5,13,16,6,5900000,2020-07-28,4,0,6.7
1028,2767288,10,19,20,21,24,25,39,5800000,2020-07-25,1,3,19.8
1027,148970,1,4,9,21,24,25,34,5700000,2020-03-31,0,1,14.0
1026,1861839,5,14,22,25,35,39,27,5300000,2020-03-28,1,2,23.3
1025,2896511,12,13,20,25,26,35,38,5200000,2020-03-24,1,1,21.8
1024,1288872,3,18,19,22,26,32,5,5100000,2020-03-21,2,0,20.0
1023,1416955,4,7,11,23,25,33,20,5000000,2020-03-17,3,0,17.2
1022,2648464,9,18,32,37,38,39,13,5000000,2020-03-14,1,2,28.8
1021,2660105,9,21,30,32,34,35,14,10300000,2020-03-10,0,1,26.8
1020,1436192,4,7,23,31,33,35,29,8900000,2020-03-07,3,0,22.2
1019,2823993,11,14,17,18,24,29,15,7500000,2020-03-03,3,1,18.8
1018,2316013,7,16,18,22,25,26,19,6200000,2020-02-29,1,0,19.0
1017,234305,1,6,9,13,15,19,35,5300000,2020-02-25,2,0,10.5
1016,1352197,4,5,16,29,31,32,6,5200000,2020-02-22,3,0,19.5
1015,2287185,7,13,21,25,30,33,24,5100000,2020-02-18,2,0,21.5
1014,1267683,3,15,20,22,26,29,33,5000000,2020-02-15,2,0,19.2
1013,346528,1,9,14,27,30,37,26,9400000,2020-02-11,1,0,19.7
1012,619816,2,5,7,10,21,39,29,7900000,2020-02-08,3,1,14.0
1011,2697371,10,12,16,23,26,30,32,6600000,2020-02-04,1,2,19.5
1010,3218715,19,23,26,31,35,36,24,5300000,2020-02-01,3,0,28.3
1009,205634,1,5,12,24,29,37,10,5200000,2020-01-28,3,2,18.0
1008,3257487,24,30,34,37,38,39,23,5100000,2020-01-25,1,0,33.7
1007,1604900,4,16,26,28,31,33,2,5000000,2020-01-21,1,1,23.0
1006,1189185,3,10,18,21,26,27,28,5400000,2020-01-18,1,1,17.5
1005,1574834,4,14,15,21,28,37,32,5200000,2020-01-14,1,1,19.8
1004,1539376,4,11,24,25,26,39,20,5100000,2020-01-11,1,2,21.5
1003,589276,2,4,10,28,33,39,3,5000000,2020-01-07,1,1,19.3
1002,2976085,13,14,21,30,31,33,22,36900000,2020-01-04,2,2,23.7
1001,2725479,10,14,16,29,33,35,31,35000000,2019-12-31,1,1,22.8
1000,564521,2,4,5,14,34,39,36,32900000,2019-12-28,2,2,16.3
999,3126735,15,26,34,37,38,39,10,31400000,2019-12-24,1,1,31.5
998,2015463,6,10,11,26,27,29,21,29600000,2019-12-21,2,0,18.2
997,314599,1,8,13,14,20,28,19,27800000,2019-12-17,1,1,14.0
996,1824294,5,12,14,32,34,39,19,25900000,2019-12-14,1,0,22.7
995,2384996,8,10,11,15,25,38,29,24200000,2019-12-10,1,1,17.8
994,1099528,3,7,14,19,22,38,33,22400000,2019-12-07,3,0,17.2
993,153841,1,4,11,12,27,36,24,20800000,2019-12-03,1,1,15.2
992,1469,1,2,3,6,18,34,11,19000000,2019-11-30,2,1,10.7
991,2136949,6,19,22,27,37,38,2,17400000,2019-11-26,2,2,24.8
990,752753,2,8,13,27,36,37,3,16000000,2019-11-23,3,2,20.5
989,2165755,7,8,11,26,36,38,3,14500000,2019-11-19,2,1,21.0
988,140687,1,4,7,23,25,27,8,12800000,2019-11-16,2,1,14.5
987,590290,2,4,11,14,22,33,21,11500000,2019-11-12,2,1,14.3
986,474496,1,17,25,30,32,33,21,10000000,2019-11-09,1,1,23.0
985,2197325,7,9,13,17,24,34,26,8600000,2019-11-05,3,0,17.3
984,1335342,4,5,10,15,26,27,7,7400000,2019-11-02,1,0,14.5
983,388529,1,11,13,28,33,36,2,6400000,2019-10-29,2,0,20.3
982,577765,2,4,8,10,14,16,30,5300000,2019-10-26,1,0,9.0
981,2009093,6,9,21,25,31,35,4,5200000,2019-10-22,1,1,21.2
980,339842,1,9,12,15,33,34,23,5100000,2019-10-19,0,1,17.3
979,1588191,4,15,17,18,23,36,13,5000000,2019-10-15,2,1,18.8
978,3192371,18,19,28,29,31,33,27,52000000,2019-10-12,3,0,26.3
977,2390587,8,10,13,15,32,34,37,49900000,2019-10-08,1,1,18.7
976,1689241,5,7,10,11,27,30,16,47900000,2019-10-05,3,1,15.0
975,1182782,3,10,14,23,26,33,13,45800000,2019-10-01,2,2,18.2
974,2906689,12,14,18,22,23,30,31,43600000,2019-09-28,1,2,19.8
973,364121,1,10,12,18,20,24,34,41500000,2019-09-24,0,2,14.2
972,1179713,3,10,13,18,26,34,33,39500000,2019-09-21,2,2,17.3
971,1217518,3,12,13,17,25,37,10,37900000,2019-09-17,4,1,17.8
970,1887305,5,17,20,28,30,36,25,35900000,2019-09-14,2,2,22.7
969,3180883,17,22,26,27,36,38,39,34200000,2019-09-10,1,2,27.7
968,2144001,6,21,22,30,32,38,8,32400000,2019-09-07,0,1,24.8
967,459419,1,15,33,35,38,39,32,30500000,2019-09-03,0,1,26.8
966,757195,2,8,15,30,32,37,31,28500000,2019-08-31,2,0,20.7
965,336473,1,9,11,14,20,22,7,27000000,2019-08-27,1,0,12.8
964,1661057,5,6,12,16,36,37,26,25500000,2019-08-24,2,2,18.7
963,3130053,16,17,19,25,26,37,30,23900000,2019-08-20,3,0,23.3
962,1679754,5,6,27,29,34,35,26,22300000,2019-08-17,2,1,22.7
961,2175498,7,8,15,25,31,35,11,20700000,2019-08-13,2,0,20.2
960,2608314,9,14,17,30,36,37,11,19200000,2019-08-10,2,0,23.8
959,1363876,4,6,7,15,16,25,34,17800000,2019-08-06,1,0,12.2
958,2398939,8,10,17,18,36,39,33,16000000,2019-08-03,1,0,21.3
957,3250261,23,24,25,26,28,30,19,14800000,2019-07-30,1,1,26.0
956,2989139,13,15,26,32,38,39,9,13400000,2019-07-27,1,1,27.2
955,721750,2,7,14,15,30,36,28,12200000,2019-07-23,2,0,17.3
954,1212825,3,11,21,23,24,38,35,10800000,2019-07-20,3,1,20.0
953,3233936,20,26,29,31,37,38,22,9400000,2019-07-16,3,1,30.2
952,153201,1,4,10,26,27,33,7,8000000,2019-07-13,0,2,16.8
951,69427,1,3,4,12,17,32,16,7000000,2019-07-09,2,2,11.5
950,2267463,7,12,17,21,24,37,14,5800000,2019-07-06,3,2,19.7
949,3173494,17,20,22,24,29,31,11,5300000,2019-07-02,3,1,23.8
948,312715,1,8,12,17,18,23,31,5200000,2019-06-29,2,0,13.2
947,1372879,4,6,9,16,27,33,24,5100000,2019-06-25,0,1,15.8
946,1978216,6,8,18,21,23,32,4,5000000,2019-06-22,1,2,18.0
945,329709,1,8,23,24,29,37,38,5300000,2019-06-18,3,0,20.3
944,935270,2,25,27,31,33,38,9,5200000,2019-06-15,2,0,26.0
943,1381033,4,6,11,23,28,35,22,5100000,2019-06-11,2,1,17.8
942,515709,2,3,6,9,21,34,31,5000000,2019-06-08,2,0,12.5
941,282603,1,7,12,25,29,35,15,5000000,2019-06-04,2,1,18.2
940,722566,2,7,14,19,24,37,5,5200000,2019-06-01,4,0,17.2
939,1848076,5,13,21,22,23,36,8,5100000,2019-05-28,3,0,20.0
938,1069628,3,6,17,24,25,33,5,5000000,2019-05-25,2,0,18.0
937,2394209,8,10,14,22,29,36,7,21800000,2019-05-21,1,1,19.8
936,591970,2,4,11,22,26,35,31,20200000,2019-05-18,2,2,16.7
935,2517871,8,22,23,24,35,37,17,18800000,2019-05-14,2,1,24.8
934,2361430,8,9,11,16,21,32,31,17400000,2019-05-11,1,1,16.2
933,679740,2,6,11,26,37,38,21,16000000,2019-05-07,3,1,20.0
932,2899992,12,13,26,29,35,39,15,14600000,2019-05-04,2,2,25.7
931,2593037,9,13,16,19,30,39,12,13300000,2019-04-30,2,0,21.0
930,728444,2,7,17,22,32,36,27,12000000,2019-04-27,3,1,19.3
929,2700700,10,12,18,28,32,37,19,10500000,2019-04-23,1,2,22.8
928,2587207,9,12,26,28,31,36,20,9300000,2019-04-20,1,0,23.7
927,1503191,4,10,13,14,16,25,6,8300000,2019-04-16,1,2,13.7
926,1520582,4,10,30,37,38,39,35,7200000,2019-04-13,1,2,26.3
925,560497,2,3,28,33,38,39,5,6000000,2019-04-09,2,0,23.8
924,1327704,4,5,8,15,34,35,32,5300000,2019-04-06,1,0,16.8
923,353930,1,9,19,23,25,29,30,5200000,2019-04-02,3,1,17.7
922,2818165,11,13,23,30,31,33,37,5100000,2019-03-30,4,0,23.5
921,8047,1,2,4,6,20,28,18,5000000,2019-03-26,1,2,10.2
920,700822,2,7,8,9,24,28,22,5100000,2019-03-23,2,1,13.0
919,2597985,9,13,19,27,33,36,7,5000000,2019-03-19,2,0,22.8
918,627747,2,5,8,25,35,38,39,46500000,2019-03-16,2,0,18.8
917,1384717,4,6,13,14,21,32,22,44700000,2019-03-12,1,2,15.0
916,239502,1,6,10,18,32,37,27,42700000,2019-03-09,1,0,17.3
915,2626810,9,16,17,20,24,39,13,41000000,2019-03-05,1,0,20.8
914,2163666,7,8,11,14,26,38,18,39000000,2019-03-02,2,1,17.3
913,1640265,5,6,7,9,25,32,27,37600000,2019-02-26,2,1,14.0
912,2174007,7,8,15,16,24,28,18,36000000,2019-02-23,1,0,16.3
911,1985179,6,9,10,11,13,21,15,34300000,2019-02-19,2,2,11.7
910,2772545,10,20,21,25,35,39,3,32600000,2019-02-16,0,1,25.0
909,1658874,5,6,11,20,28,29,17,31000000,2019-02-12,3,2,16.5
908,841060,2,12,13,20,23,29,10,29400000,2019-02-09,4,1,16.5
907,2375452,8,9,17,20,25,30,37,27800000,2019-02-05,1,3,18.2
906,2161449,7,8,10,19,20,30,29,26000000,2019-02-02,2,1,15.7
905,920301,2,19,23,28,29,35,12,24600000,2019-01-29,4,2,22.7
904,639632,2,5,12,14,25,29,30,23000000,2019-01-26,3,1,14.5
903,2531660,9,10,12,21,27,38,26,21600000,2019-01-22,0,1,19.5
902,1317830,4,5,6,14,21,35,32,20000000,2019-01-19,1,1,14.2
901,2553189,9,11,13,14,23,30,6,18700000,2019-01-15,3,0,16.7
900,3166427,17,18,25,27,34,36,1,17300000,2019-01-12,1,2,26.2
899,2504276,8,18,24,26,27,39,35,16000000,2019-01-08,0,3,23.7
898,3148321,16,20,24,26,27,29,1,14500000,2019-01-05,1,0,23.7
897,1315485,4,5,6,8,14,32,38,13000000,2019-01-01,1,1,11.5
896,2753477,10,16,28,29,32,33,36,11700000,2018-12-29,1,0,24.7
895,1982268,6,8,22,24,30,34,5,10900000,2018-12-25,0,2,20.7
894,562055,2,4,5,8,15,34,13,9600000,2018-12-22,2,0,11.3
893,494482,1,22,25,27,29,33,23,8800000,2018-12-18,1,1,22.8
892,1593241,4,15,21,23,25,32,26,7600000,2018-12-15,1,1,20.0
891,764147,2,8,21,22,30,34,9,6400000,2018-12-11,1,2,19.5
890,770355,2,9,10,19,26,30,14,5400000,2018-12-08,2,1,16.0
889,1994618,6,9,12,25,33,37,26,5300000,2018-12-04,1,0,20.3
888,2337702,7,19,21,28,38,39,6,5200000,2018-12-01,2,1,25.3
887,2478950,8,15,19,32,35,37,17,5100000,2018-11-27,2,1,24.3
886,2704879,10,12,23,28,35,36,19,5000000,2018-11-24,1,0,24.0
885,317146,1,8,14,15,18,38,31,5000000,2018-11-20,0,2,15.7
884,113527,1,3,15,22,24,27,16,5300000,2018-11-17,1,3,15.3
883,1237927,3,13,15,24,30,32,16,5200000,2018-11-13,2,1,19.5
882,338196,1,9,11,22,26,32,6,5100000,2018-11-10,1,1,16.8
881,3090562,15,16,21,22,27,29,19,5000000,2018-11-06,1,0,21.7
880,1901198,5,19,25,34,35,39,31,5200000,2018-11-03,2,2,26.2
879,3119239,15,21,29,34,38,39,32,5100000,2018-10-30,1,1,29.3
878,2823773,11,14,16,29,36,37,25,5000000,2018-10-27,3,2,23.8
877,2978860,13,14,28,31,33,37,6,11200000,2018-10-23,3,2,26.0
876,3204161,18,24,25,28,31,38,9,10000000,2018-10-20,1,0,27.3
875,2487920,8,16,20,21,26,36,6,8900000,2018-10-16,0,1,21.2
874,3114886,15,20,24,29,31,39,4,7700000,2018-10-13,2,0,26.3
873,2597914,9,13,19,26,32,37,6,6600000,2018-10-09,3,2,22.7
872,314587,1,8,13,14,19,35,38,5400000,2018-10-06,2,0,15.0
871,1087935,3,7,10,17,18,20,8,5300000,2018-10-02,3,1,12.5
870,2732768,10,14,24,26,29,30,32,5200000,2018-09-29,1,2,22.2
869,2281465,7,13,16,26,29,39,14,5100000,2018-09-25,3,1,21.7
868,1997613,6,9,14,15,16,30,7,5000000,2018-09-22,0,2,15.0
867,233764,1,6,9,11,21,31,5,15900000,2018-09-18,2,0,13.2
866,1244049,3,13,19,29,30,38,18,14500000,2018-09-15,4,1,22.0
865,2015819,6,10,11,35,37,38,14,13300000,2018-09-11,2,1,22.8
864,953843,3,4,7,25,31,35,11,12000000,2018-09-08,3,1,17.5
863,1584923,4,14,24,32,34,39,10,10800000,2018-09-04,0,1,24.5
862,870793,2,13,25,27,29,39,15,9600000,2018-09-01,3,2,22.5
861,571397,2,4,6,21,27,31,25,8500000,2018-08-28,2,1,15.2
860,282619,1,7,12,25,31,34,13,7500000,2018-08-25,2,1,18.3
859,2614037,9,14,24,26,31,37,13,6400000,2018-08-21,2,3,23.5
858,2211191,7,9,22,26,27,37,35,5400000,2018-08-18,2,0,21.3
857,2826094,11,14,18,23,24,30,27,5300000,2018-08-14,2,1,20.0
856,2144328,6,21,23,26,29,31,3,5200000,2018-08-11,3,0,22.7
855,811921,2,10,18,19,30,37,31,5100000,2018-08-07,3,1,19.3
854,2434213,8,12,15,22,25,37,17,5000000,2018-08-04,1,2,19.8
853,1262046,3,15,16,18,25,34,1,5200000,2018-07-31,1,0,18.5
852,1987136,6,9,10,17,23,37,14,5100000,2018-07-28,3,1,17.0
851,650159,2,5,16,23,35,36,29,5000000,2018-07-24,3,0,19.5
850,1923361,6,7,9,13,14,26,12,22300000,2018-07-21,2,1,12.5
849,137983,1,4,7,11,25,39,24,20900000,2018-07-17,2,1,14.5
848,824682,2,11,14,15,19,26,9,19500000,2018-07-14,3,2,14.5
847,916700,2,18,26,31,33,35,5,18300000,2018-07-10,2,4,24.2
846,936149,2,26,28,31,33,37,21,17000000,2018-07-07,3,1,26.2
845,504925,2,3,4,11,15,29,19,15700000,2018-07-03,4,1,10.7
844,336639,1,9,11,14,32,38,24,14300000,2018-06-30,1,0,17.5
843,3099503,15,17,23,25,35,39,3,13000000,2018-06-26,2,1,25.7
842,540942,2,3,12,14,28,39,17,12000000,2018-06-23,2,0,16.3
841,325283,1,8,18,22,26,34,29,10800000,2018-06-19,0,1,18.2
840,2516303,8,21,24,30,32,38,28,9500000,2018-06-16,0,0,25.5
839,2049789,6,11,18,20,31,35,26,8500000,2018-06-12,2,1,20.2
838,1659939,5,6,12,13,15,21,38,7400000,2018-06-09,2,0,12.0
837,1600824,4,16,19,29,32,35,11,6200000,2018-06-05,2,2,22.5
836,1128768,3,8,13,19,28,32,27,5400000,2018-06-02,3,2,17.2
835,1222891,3,12,15,23,32,36,8,5300000,2018-05-29,2,1,20.2
834,2258944,7,12,13,16,30,39,22,5200000,2018-05-26,2,2,19.5
833,1171237,3,9,25,30,36,39,19,5100000,2018-05-22,1,1,23.7
832,1543104,4,12,13,23,24,25,29,5000000,2018-05-19,2,0,16.8
831,1932957,6,7,11,27,32,33,34,34700000,2018-05-15,2,1,19.3
830,3140346,16,18,26,27,29,38,6,33000000,2018-05-12,1,2,25.7
829,832359,2,11,18,19,27,30,23,31500000,2018-05-08,3,0,17.8
828,182256,1,5,6,24,28,39,16,29800000,2018-05-05,1,2,17.2
827,441966,1,14,18,21,29,39,5,28500000,2018-05-01,1,0,20.3
826,1093883,3,7,12,16,17,19,20,27000000,2018-04-28,4,2,12.3
825,1152595,3,9,12,15,21,36,33,25700000,2018-04-24,1,2,16.0
824,1275137,3,16,18,31,36,38,37,24300000,2018-04-21,2,2,23.7
823,2632411,9,16,22,25,30,31,33,22900000,2018-04-17,1,2,22.2
822,584524,2,4,9,19,22,37,26,21400000,2018-04-14,3,1,15.5
821,767560,2,8,28,32,36,39,5,20200000,2018-04-10,1,2,24.2
820,527431,2,3,8,16,20,30,31,18600000,2018-04-07,2,1,13.2
819,2051606,6,11,19,26,30,37,22,17400000,2018-04-03,3,0,21.5
818,1034570,3,5,23,28,33,34,2,16300000,2018-03-31,3,0,21.0
817,678625,2,6,11,18,27,32,5,15200000,2018-03-27,2,0,16.0
816,3078000,14,22,25,26,29,36,3,14000000,2018-03-24,1,2,25.3
815,408212,1,12,14,26,28,30,32,12800000,2018-03-20,0,0,18.5
814,1239694,3,13,16,24,29,37,26,11600000,2018-03-17,4,2,20.3
813,102516,1,3,11,16,20,22,29,10500000,2018-03-13,2,2,12.2
812,1307438,3,22,25,28,30,36,10,9500000,2018-03-10,1,1,24.0
811,1701065,5,7,13,26,30,33,31,8500000,2018-03-06,3,0,19.0
810,2760925,10,17,28,34,36,38,26,7100000,2018-03-03,1,2,27.2
809,1241511,3,13,17,27,36,37,29,6000000,2018-02-27,4,1,22.2
808,2428520,8,12,13,15,24,26,16,5400000,2018-02-24,1,2,16.3
807,2965094,12,26,29,33,37,38,5,5300000,2018-02-20,2,1,29.2
806,1495217,4,9,24,25,34,38,39,5200000,2018-02-17,0,2,22.3
805,2369975,8,9,14,19,27,34,39,5100000,2018-02-13,1,1,18.5
804,1900185,5,19,23,28,29,39,35,5000000,2018-02-10,4,2,23.8
803,656245,2,5,21,27,28,36,31,5200000,2018-02-06,2,2,19.8
802,581709,2,4,8,33,34,36,26,5100000,2018-02-03,1,0,19.5
801,2694918,10,12,15,19,20,21,29,5000000,2018-01-30,1,1,16.2
800,2168322,7,8,12,23,26,29,3,9500000,2018-01-27,3,2,17.5
799,2943927,12,18,23,24,28,32,15,8500000,2018-01-23,1,0,22.8
798,2604794,9,14,15,26,34,37,23,7500000,2018-01-20,1,1,22.5
797,2481615,8,15,23,25,30,36,33,6500000,2018-01-16,1,1,22.8
796,2811025,11,13,16,27,36,39,29,5400000,2018-01-13,2,2,23.7
795,804126,2,10,13,35,36,38,17,5300000,2018-01-09,2,0,22.3
794,1860389,5,14,20,26,30,37,24,5200000,2018-01-06,2,1,22.0
793,666538,2,6,8,14,19,29,5,5100000,2018-01-02,3,1,13.0
792,1680741,5,7,8,9,27,28,16,5000000,2017-12-30,2,1,14.0
791,1140647,3,8,20,25,31,34,22,35000000,2017-12-26,2,1,20.2
790,939928,3,4,5,10,17,29,25,33000000,2017-12-23,4,0,11.3
789,661181,2,6,7,11,26,31,18,31700000,2017-12-19,4,3,13.8
788,689391,2,6,15,24,31,36,37,30000000,2017-12-16,2,0,19.0
787,1830973,5,12,18,33,34,38,11,28600000,2017-12-12,1,0,23.3
786,2536351,9,10,14,20,23,36,5,27000000,2017-12-09,1,1,18.7
785,127775,1,4,5,12,17,36,26,25500000,2017-12-05,2,1,12.5
784,2922268,12,15,23,33,37,39,6,24000000,2017-12-02,2,0,26.5
783,1518068,4,10,22,27,30,35,19,23000000,2017-11-28,0,1,21.3
782,1675709,5,6,20,22,24,26,3,21500000,2017-11-25,1,1,17.2
781,274376,1,7,10,14,22,36,17,20500000,2017-11-21,1,0,15.0
780,1267968,3,15,20,24,31,39,10,19000000,2017-11-18,2,1,22.0
779,2761572,10,18,19,21,32,39,35,18000000,2017-11-14,1,3,23.2
778,2746708,10,16,18,19,23,38,8,16500000,2017-11-11,2,1,20.7
777,2288350,7,13,23,24,32,34,12,15500000,2017-11-07,3,1,22.2
776,2319602,7,16,21,29,38,39,12,14500000,2017-11-04,2,0,25.0
775,1533269,4,11,17,23,30,36,31,13500000,2017-10-31,3,0,20.2
774,543853,2,3,13,15,33,34,19,12000000,2017-10-28,3,2,16.7
773,2676915,10,11,15,16,34,38,8,11000000,2017-10-24,1,1,20.7
772,1621812,4,19,23,26,30,34,17,10000000,2017-10-21,2,2,22.7
771,1830365,5,12,18,23,26,38,3,9000000,2017-10-17,2,2,20.3
770,2271373,7,12,20,25,26,29,3,8000000,2017-10-14,2,0,19.8
769,147349,1,4,9,14,16,36,3,7000000,2017-10-10,0,1,13.3
768,3154722,16,22,26,32,33,38,31,6000000,2017-10-07,0,0,27.8
767,1996622,6,9,13,20,35,37,32,5500000,2017-10-03,2,1,20.0
766,2143750,6,21,22,26,27,34,30,5400000,2017-09-30,0,1,22.7
765,2602172,9,13,26,28,33,38,7,5300000,2017-09-26,1,1,24.5
764,3112857,15,20,21,24,32,33,14,5200000,2017-09-23,0,2,24.2
763,2956772,12,21,25,27,29,32,38,5100000,2017-09-19,1,1,24.3
762,1422480,4,7,13,23,25,33,21,5000000,2017-09-16,3,2,17.5
761,866848,2,13,19,25,37,38,15,5000000,2017-09-12,4,0,22.3
760,139196,1,4,7,15,23,29,20,13000000,2017-09-09,3,1,13.2
759,301310,1,8,9,11,30,35,34,12000000,2017-09-05,1,1,15.7
758,1961026,6,8,10,25,36,39,11,10500000,2017-09-02,0,3,20.7
757,1184117,3,10,15,18,36,39,38,9500000,2017-08-29,1,0,20.2
756,433700,1,13,22,31,32,34,10,8500000,2017-08-26,2,0,22.2
755,1756462,5,9,12,19,28,33,29,7500000,2017-08-22,2,1,17.7
754,1374827,4,6,10,11,16,19,32,6500000,2017-08-19,2,1,11.0
753,621641,2,5,7,16,18,38,33,5500000,2017-08-15,3,1,14.3
752,1910676,5,22,26,29,33,34,13,5400000,2017-08-12,2,3,24.8
751,3122704,15,23,26,27,33,34,14,5300000,2017-08-08,1,0,26.3
750,3050469,14,16,24,32,36,37,2,5200000,2017-08-05,1,0,26.5
749,1991798,6,9,11,27,28,38,8,5100000,2017-08-01,1,1,19.8
748,519991,2,3,7,8,11,16,30,5000000,2017-07-29,4,2,7.8
747,1448392,4,8,11,22,36,37,10,5000000,2017-07-25,2,2,19.7
746,2565486,9,11,19,27,33,37,7,11500000,2017-07-22,3,0,22.7
745,3039592,14,15,21,25,36,39,34,10500000,2017-07-18,0,0,25.0
744,573194,2,4,7,10,11,18,20,9500000,2017-07-15,3,0,8.7
743,2952917,12,20,23,27,31,39,25,8500000,2017-07-11,2,1,25.3
742,661674,2,6,7,13,16,23,26,7500000,2017-07-08,4,1,11.2
741,765451,2,8,22,30,34,36,39,6500000,2017-07-04,1,0,22.0
740,1238190,3,13,15,27,33,39,16,5500000,2017-07-01,2,0,21.7
739,3173849,17,20,22,29,31,34,15,5400000,2017-06-27,3,0,25.5
738,721910,2,7,14,16,23,27,35,5300000,2017-06-24,3,1,14.8
737,2488611,8,16,20,28,30,34,39,5200000,2017-06-20,0,0,22.7
736,590339,2,4,11,14,25,37,31,5100000,2017-06-17,3,1,15.5
735,1880903,5,16,21,30,32,37,13,5000000,2017-06-13,2,1,23.5
734,545567,2,3,13,26,30,31,34,5200000,2017-06-10,4,3,17.5
733,616000,2,5,6,13,28,31,27,5100000,2017-06-06,4,1,14.2
732,1505195,4,10,13,23,36,39,7,5000000,2017-06-03,2,1,20.8
731,264152,1,6,28,29,36,38,2,23500000,2017-05-30,1,3,23.0
730,474331,1,17,25,27,28,38,3,22500000,2017-05-27,1,1,22.7
729,2607033,9,14,17,18,30,35,19,21500000,2017-05-23,1,1,20.5
728,2374856,8,9,16,29,36,37,19,20000000,2017-05-20,2,0,22.5
727,158915,1,4,12,21,31,38,20,18500000,2017-05-16,1,1,17.8
726,2850847,11,16,24,33,37,38,4,17500000,2017-05-13,2,1,26.5
725,831215,2,11,17,20,28,34,31,16500000,2017-05-09,3,2,18.7
724,2850820,11,16,24,32,34,35,38,15000000,2017-05-06,1,1,25.3
723,835240,2,11,20,25,26,38,22,14000000,2017-05-02,2,1,20.3
722,2593103,9,13,16,20,22,34,31,13000000,2017-04-29,1,1,19.0
721,2497379,8,17,22,27,31,38,3,12000000,2017-04-25,2,1,23.8
720,649233,2,5,16,18,21,27,35,11000000,2017-04-22,2,0,14.8
719,2313465,7,15,28,29,34,37,20,10000000,2017-04-18,3,0,25.0
718,582669,2,4,9,12,19,21,32,9000000,2017-04-15,2,0,11.2
717,3247394,22,25,26,29,33,38,5,8000000,2017-04-11,1,1,28.8
716,458340,1,15,25,30,34,36,9,7000000,2017-04-08,0,2,23.5
715,827399,2,11,15,18,19,25,12,6000000,2017-04-04,3,1,15.0
714,3099328,15,17,23,24,26,27,2,5500000,2017-04-01,2,1,22.0
713,679548,2,6,11,24,32,35,22,5400000,2017-03-28,2,3,18.3
712,236812,1,6,9,25,32,35,4,5300000,2017-03-25,0,1,18.0
711,2075177,6,13,14,18,24,26,5,5200000,2017-03-21,1,0,16.8
710,2497952,8,17,23,27,33,38,1,5100000,2017-03-18,2,1,24.3
709,3073917,14,21,22,23,25,32,17,5000000,2017-03-14,1,2,22.8
708,1886631,5,17,20,21,28,32,3,30500000,2017-03-11,2,1,20.5
707,2644773,9,18,21,23,24,38,31,29000000,2017-03-07,1,1,22.2
706,1638131,4,26,32,34,38,39,7,27500000,2017-03-04,0,2,28.8
705,703205,2,7,8,16,32,38,21,26500000,2017-02-28,2,0,17.2
704,2085120,6,13,20,27,28,35,15,25000000,2017-02-25,1,1,21.5
703,302021,1,8,9,13,36,37,22,24000000,2017-02-21,2,1,17.3
702,749569,2,8,12,22,23,30,11,23000000,2017-02-18,2,0,16.2
701,2881938,11,24,26,27,35,38,23,21500000,2017-02-14,1,0,26.8
700,626689,2,5,8,18,25,31,22,20500000,2017-02-11,3,1,14.8
699,1676164,5,6,20,26,28,37,35,19500000,2017-02-07,2,2,20.3
698,1771307,5,9,20,33,34,39,18,18000000,2017-02-04,1,1,23.3
697,969723,3,4,11,36,38,39,5,17000000,2017-01-31,2,2,21.8
696,1358159,4,5,22,23,24,36,30,16000000,2017-01-28,2,0,19.0
695,2078451,6,13,15,28,31,34,17,15000000,2017-01-24,2,1,21.2
694,2416462,8,11,15,20,36,37,31,14000000,2017-01-21,2,1,21.2
693,3138560,16,18,22,25,32,37,30,12500000,2017-01-17,1,1,25.0
692,1271384,3,15,26,27,35,37,30,11500000,2017-01-14,2,0,23.8
691,22473,1,2,6,13,29,32,36,10500000,2017-01-10,3,0,13.8
690,3128756,16,17,18,23,30,34,4,9500000,2017-01-07,2,2,23.0
689,2862952,11,18,22,28,30,38,9,8500000,2017-01-03,1,1,24.5
688,97878,1,3,10,11,29,39,26,7500000,2016-12-31,3,0,15.5
687,3237063,21,22,26,30,35,36,16,6000000,2016-12-27,0,1,28.3
686,817635,2,10,24,30,38,39,7,5500000,2016-12-24,1,1,23.8
685,2348449,7,22,24,25,28,29,2,5400000,2016-12-20,2,1,22.5
684,688763,2,6,15,20,22,30,23,5300000,2016-12-17,1,1,15.8
683,2440655,8,12,19,30,31,39,25,5200000,2016-12-13,2,1,23.2
682,2282713,7,13,17,23,28,31,30,5100000,2016-12-10,5,1,19.8
681,2481465,8,15,23,24,25,32,34,5000000,2016-12-06,1,0,21.2
680,286357,1,7,14,17,33,35,34,17500000,2016-12-03,2,1,17.8
679,1372942,4,6,9,16,35,36,38,16000000,2016-11-29,0,0,17.7
678,405976,1,12,13,26,38,39,20,15000000,2016-11-26,1,2,21.5
677,133193,1,4,6,12,16,20,37,14000000,2016-11-22,0,1,9.8
676,273309,1,7,10,11,18,19,28,13000000,2016-11-19,3,1,11.0
675,425229,1,13,15,26,32,39,10,12000000,2016-11-15,1,1,21.0
674,2351988,7,23,31,35,37,39,20,11000000,2016-11-12,4,0,28.7
673,3204895,18,24,28,29,34,38,14,10000000,2016-11-08,1,1,28.5
672,385412,1,11,12,22,33,34,27,9000000,2016-11-05,1,1,18.8
671,2219885,7,10,12,27,32,39,15,8000000,2016-11-01,1,1,21.2
670,2544371,9,10,19,21,28,33,3,7000000,2016-10-29,1,0,20.0
669,1809574,5,11,16,20,30,34,27,6000000,2016-10-25,2,0,19.3
668,912296,2,18,19,26,28,31,15,5500000,2016-10-22,3,1,20.7
667,1458025,4,8,15,21,26,32,37,5400000,2016-10-18,0,0,17.7
666,3001812,13,17,20,25,35,38,10,5300000,2016-10-15,2,1,24.7
665,1398690,4,6,21,25,34,36,9,5200000,2016-10-11,0,2,21.0
664,1322781,4,5,7,14,21,26,8,5100000,2016-10-08,2,1,12.8
663,2506520,8,19,20,25,26,39,36,5000000,2016-10-04,1,1,22.8
662,1122459,3,8,11,16,18,34,15,5400000,2016-10-01,2,1,15.0
661,2890839,12,13,16,20,21,22,33,5300000,2016-09-27,1,0,17.3
660,1463126,4,8,18,25,27,28,14,5200000,2016-09-24,0,1,18.3
659,2085971,6,13,21,27,32,36,29,5100000,2016-09-20,1,2,22.5
658,1576079,4,14,16,18,27,36,30,5000000,2016-09-17,0,0,19.2
657,2250769,7,11,17,31,34,38,5,20000000,2016-09-13,4,1,23.0
656,1643090,5,6,7,18,36,39,14,18500000,2016-09-10,2,2,18.5
655,2308792,7,15,19,26,36,38,14,17500000,2016-09-06,2,1,23.5
654,932806,2,23,27,28,36,37,5,16000000,2016-09-03,3,2,25.5
653,2851290,11,16,26,27,35,36,8,15000000,2016-08-30,1,0,25.2
652,1088107,3,7,10,17,28,37,22,14000000,2016-08-27,4,1,17.0
651,1310593,3,24,25,27,34,35,22,13000000,2016-08-23,1,1,24.7
650,153153,1,4,10,25,30,33,8,12000000,2016-08-20,0,0,17.2
649,2989599,13,15,29,31,32,36,23,11000000,2016-08-16,3,1,26.0
648,1555571,4,12,21,30,33,36,10,10000000,2016-08-13,0,1,22.7
647,382336,1,10,26,29,33,38,20,9000000,2016-08-09,1,1,22.8
646,2690524,10,12,13,18,27,36,8,8000000,2016-08-06,1,0,19.3
645,451963,1,15,17,29,30,35,20,7000000,2016-08-02,2,0,21.2
644,637264,2,5,11,16,27,32,10,6000000,2016-07-30,3,2,15.5
643,2823733,11,14,16,28,38,39,37,5500000,2016-07-26,1,0,24.3
642,3008910,13,18,21,31,33,36,25,5400000,2016-07-23,2,0,25.3
641,2881618,11,24,25,27,30,34,36,5300000,2016-07-19,1,0,25.2
640,1578250,4,14,17,22,26,29,30,5200000,2016-07-16,2,0,18.7
639,1932983,6,7,11,27,37,39,12,5100000,2016-07-12,3,1,21.2
638,687005,2,6,14,21,31,35,32,5000000,2016-07-09,2,0,18.2
637,958397,3,4,8,26,29,33,2,26000000,2016-07-05,2,2,17.2
636,265305,1,7,8,10,22,33,28,24500000,2016-07-02,1,1,13.5
635,1724791,5,8,11,14,17,28,26,23500000,2016-06-28,3,0,13.8
634,2742464,10,15,22,27,31,32,17,22000000,2016-06-25,1,1,22.8
633,1127223,3,8,12,29,32,33,5,21000000,2016-06-21,2,3,19.5
632,987312,3,4,22,24,29,32,23,20000000,2016-06-18,2,0,19.0
631,621393,2,5,7,15,19,23,28,19000000,2016-06-14,5,0,11.8
630,2366424,8,9,13,14,21,30,29,18000000,2016-06-11,1,1,15.8
629,2179267,7,8,18,19,23,31,2,17000000,2016-06-07,4,1,17.7
628,1587155,4,15,16,21,23,26,6,15900000,2016-06-04,1,1,17.5
627,2997213,13,16,24,28,37,39,5,15000000,2016-05-31,2,0,26.2
626,580699,2,4,8,20,27,31,30,14000000,2016-05-28,2,1,15.3
625,1761048,5,9,14,18,20,25,1,13000000,2016-05-24,1,0,15.2
624,1638760,4,28,29,33,34,38,15,12000000,2016-05-21,1,0,27.7
623,2676901,10,11,15,16,32,35,30,11000000,2016-05-17,1,1,19.8
622,1631377,4,22,23,31,32,38,36,10000000,2016-05-14,2,1,25.0
621,2243483,7,11,14,16,17,23,22,9000000,2016-05-10,4,1,14.7
620,1389186,4,6,14,26,36,37,30,8000000,2016-05-07,1,1,20.5
619,425200,1,13,15,26,29,34,24,7000000,2016-05-03,2,0,19.7
618,1058854,3,6,12,20,23,37,19,6000000,2016-04-30,3,1,16.8
617,1317652,4,5,6,13,31,32,30,5500000,2016-04-26,3,2,15.2
616,16840,1,2,5,13,18,20,30,5400000,2016-04-23,3,1,9.8
615,1734389,5,8,14,22,26,28,12,5300000,2016-04-19,1,1,17.2
614,2258288,7,12,13,14,21,29,8,5200000,2016-04-16,3,0,16.0
613,985129,3,4,19,27,36,37,34,5100000,2016-04-12,3,1,21.0
612,324939,1,8,18,20,22,37,3,5000000,2016-04-09,1,0,17.7
611,3252918,23,26,28,31,32,36,24,14000000,2016-04-05,2,0,29.3
610,1439054,4,8,9,12,21,24,7,13000000,2016-04-02,0,3,13.0
609,2658719,9,21,24,28,31,36,33,12000000,2016-03-29,1,2,24.8
608,2389077,8,10,12,21,22,31,15,11000000,2016-03-26,1,2,17.3
607,2659837,9,21,28,30,31,38,34,10000000,2016-03-22,1,1,26.2
606,457278,1,15,23,26,29,30,10,9000000,2016-03-19,2,1,20.7
605,2920360,12,15,21,22,35,36,10,8000000,2016-03-15,0,2,23.5
604,2142053,6,20,24,35,36,37,15,7400000,2016-03-12,1,2,26.3
603,1925535,6,7,9,22,28,35,5,6600000,2016-03-08,1,1,17.8
602,2697831,10,12,16,28,32,38,20,5700000,2016-03-05,0,1,22.7
601,2522009,8,24,25,26,30,32,35,5600000,2016-03-01,0,1,24.2
600,533285,2,3,9,29,30,38,14,5500000,2016-02-27,3,0,18.5
599,2311326,7,15,22,27,37,39,21,5400000,2016-02-23,2,2,24.5
598,1701109,5,7,13,27,28,30,4,5200000,2016-02-20,3,1,18.3
597,955742,3,4,8,12,27,38,24,5000000,2016-02-16,1,2,15.3
596,549961,2,3,15,27,30,35,33,7000000,2016-02-13,2,2,18.7
595,647457,2,5,15,18,21,22,6,6500000,2016-02-09,2,2,13.8
594,1380115,4,6,11,18,19,22,12,6000000,2016-02-06,2,1,13.3
593,3066581,14,19,21,25,34,35,28,5500000,2016-02-02,1,1,24.7
592,524107,2,3,7,22,25,30,6,5000000,2016-01-30,3,0,14.8
591,2124301,6,17,20,24,26,28,3,20500000,2016-01-26,1,1,20.2
590,377862,1,10,19,24,32,35,36,19000000,2016-01-23,1,1,20.2
589,2702406,10,12,20,23,31,36,15,18000000,2016-01-19,2,1,22.0
588,2819444,11,13,27,29,30,31,34,16500000,2016-01-16,4,1,23.5
587,803842,2,10,13,26,35,39,7,15500000,2016-01-12,2,1,20.8
586,2329756,7,17,28,34,37,39,6,14500000,2016-01-09,3,1,27.0
585,1665362,5,6,13,31,33,39,11,13500000,2016-01-05,3,1,21.2
584,2402621,8,10,19,29,37,39,31,12000000,2016-01-02,3,2,23.7
583,229416,1,6,8,10,27,34,29,11000000,2015-12-29,0,1,14.3
582,2246181,7,11,15,18,34,35,6,10000000,2015-12-26,2,1,20.0
581,2568034,9,11,22,29,31,33,32,9000000,2015-12-22,3,0,22.5
580,1891486,5,18,19,20,27,35,33,8500000,2015-12-19,2,3,20.7
579,2820917,11,14,15,19,27,35,17,8000000,2015-12-15,2,1,20.2
578,601809,2,4,15,22,25,38,30,7500000,2015-12-12,1,1,17.7
577,3099668,15,17,23,28,30,35,22,7000000,2015-12-08,2,3,24.7
576,168815,1,4,17,19,30,35,22,6500000,2015-12-05,2,2,17.7
575,1336178,4,5,10,19,22,37,2,6000000,2015-12-01,3,1,16.2
574,2147049,6,22,24,25,26,28,12,5500000,2015-11-28,0,2,21.8
573,2128798,6,18,19,20,25,36,26,5000000,2015-11-24,1,0,20.7
572,825086,2,11,14,16,29,32,7,44500000,2015-11-21,3,2,17.3
571,2046807,6,11,16,20,22,31,35,43000000,2015-11-17,2,1,17.7
570,1384120,4,6,12,24,37,38,27,42000000,2015-11-14,1,1,20.2
569,1720430,5,8,10,11,12,39,3,40500000,2015-11-10,2,1,14.2
568,2872936,11,20,25,26,31,35,27,39000000,2015-11-07,2,0,24.7
567,274601,1,7,10,15,19,39,28,38000000,2015-11-03,2,0,15.2
566,697675,2,6,22,25,26,33,7,36500000,2015-10-31,1,1,19.0
565,105441,1,3,12,16,20,22,8,35500000,2015-10-27,1,1,12.3
564,604812,2,4,17,20,24,33,8,34500000,2015-10-24,2,0,16.7
563,1833358,5,12,21,23,34,38,9,33000000,2015-10-20,2,1,22.2
562,2601293,9,13,24,25,29,38,30,32000000,2015-10-17,2,1,23.0
561,401984,1,11,24,26,32,33,12,31000000,2015-10-13,1,1,21.2
560,2021575,6,10,14,15,29,33,17,29500000,2015-10-10,1,0,17.8
559,3261530,27,30,32,35,36,38,15,28500000,2015-10-06,0,1,33.0
558,2294053,7,14,16,25,31,38,4,27000000,2015-10-03,2,1,21.8
557,115789,1,3,16,26,33,34,8,26000000,2015-09-29,1,1,18.8
556,2507643,8,19,21,29,33,39,20,25000000,2015-09-26,2,0,24.8
555,355316,1,9,20,27,32,36,30,24000000,2015-09-22,0,2,20.8
554,445245,1,14,21,24,29,32,3,22500000,2015-09-19,1,0,20.2
553,524969,2,3,8,9,12,37,33,21500000,2015-09-15,3,1,11.8
552,2697305,10,12,16,22,31,34,24,20500000,2015-09-12,1,1,20.8
551,2214468,7,10,11,13,23,26,25,19500000,2015-09-08,4,2,15.0
550,2716043,10,13,19,21,24,25,1,18500000,2015-09-05,2,1,18.7
549,2724861,10,14,16,22,27,28,31,17500000,2015-09-01,0,1,19.5
548,2743674,10,15,24,31,36,38,12,16500000,2015-08-29,1,0,25.7
547,106220,1,3,12,19,30,35,37,15500000,2015-08-25,2,0,16.7
546,1444048,4,8,10,17,18,36,39,14500000,2015-08-22,1,1,15.5
545,2343511,7,20,25,26,36,37,6,13500000,2015-08-18,2,2,25.2
544,565713,2,4,5,20,22,26,38,12500000,2015-08-15,2,0,13.2
543,2539483,9,10,16,17,18,34,15,11500000,2015-08-11,1,1,17.3
542,413173,1,12,17,22,30,31,4,11000000,2015-08-08,2,2,18.8
541,2948218,12,19,22,24,28,38,4,10000000,2015-08-04,1,1,23.8
540,1361160,4,5,32,34,37,38,2,8500000,2015-08-01,2,1,25.0
539,2953455,12,20,24,28,38,39,18,7500000,2015-07-28,0,2,26.8
538,1623295,4,19,27,28,36,38,9,6500000,2015-07-25,1,1,25.3
537,2235608,7,10,23,27,31,39,16,6000000,2015-07-21,3,2,22.8
536,2827318,11,14,19,23,31,37,8,5500000,2015-07-18,5,1,22.5
535,1870410,5,15,20,21,24,31,12,5400000,2015-07-14,2,2,19.3
534,3038504,14,15,20,23,26,38,34,5300000,2015-07-11,1,1,22.7
533,1739594,5,8,17,21,26,34,10,5200000,2015-07-07,2,0,18.5
532,2624037,9,15,23,24,31,35,3,5100000,2015-07-04,2,2,22.8
531,2372025,8,9,15,19,29,39,14,5000000,2015-06-30,2,0,19.8
530,1180141,3,10,13,20,33,38,35,41000000,2015-06-27,2,2,19.5
529,2779216,10,22,23,25,33,39,20,39000000,2015-06-23,1,1,25.3
528,3194374,18,20,23,24,26,35,16,38000000,2015-06-20,1,1,24.3
527,2784798,10,25,26,30,36,38,19,37000000,2015-06-16,0,0,27.5
526,2465679,8,14,17,28,29,31,7,36000000,2015-06-13,3,2,21.2
525,1625257,4,20,22,28,31,34,7,34500000,2015-06-09,1,1,23.2
524,2067786,6,12,18,24,25,31,37,33000000,2015-06-06,1,2,19.3
523,2095892,6,14,18,32,34,36,22,32000000,2015-06-02,0,1,23.3
522,949766,3,4,7,9,10,32,24,30500000,2015-05-30,2,2,10.8
521,2326176,7,17,20,32,34,39,22,29500000,2015-05-26,2,1,24.8
520,1473313,4,9,11,12,17,26,29,28500000,2015-05-23,2,1,13.2
519,887953,2,15,17,31,34,38,35,27000000,2015-05-19,3,0,22.8
518,2064122,6,12,16,18,33,36,5,26000000,2015-05-16,0,1,20.2
517,649813,2,5,16,21,25,31,28,25000000,2015-05-12,3,1,16.7
516,1887151,5,17,20,26,27,33,38,24000000,2015-05-09,2,0,21.3
515,1085634,3,7,9,25,29,32,33,23000000,2015-05-05,3,2,17.5
514,2566437,9,11,20,27,31,32,37,21500000,2015-05-02,2,0,21.7
513,1623066,4,19,26,28,34,36,8,20500000,2015-04-28,1,2,24.5
512,2019037,6,10,13,14,34,36,29,19500000,2015-04-25,1,0,18.8
511,497816,1,24,25,29,37,38,5,18500000,2015-04-21,2,0,25.7
510,2620047,9,15,18,26,32,34,33,17500000,2015-04-18,0,1,22.3
509,1656834,5,6,11,12,22,26,31,16500000,2015-04-14,2,2,13.7
508,1544234,4,12,14,16,26,39,3,15500000,2015-04-11,0,1,18.5
507,1360574,4,5,27,29,33,36,11,14600000,2015-04-07,2,1,22.3
506,2416966,8,11,15,24,33,39,32,14000000,2015-04-04,1,1,21.7
505,1101036,3,7,15,16,32,38,5,13000000,2015-03-31,2,0,18.5
504,1335128,4,5,10,14,31,39,34,12000000,2015-03-28,2,0,17.2
503,3150337,16,21,22,25,32,33,36,11000000,2015-03-24,0,0,24.8
502,2710520,10,13,15,23,24,27,11,10200000,2015-03-21,2,1,18.7
501,920474,2,19,23,32,35,39,29,9400000,2015-03-17,3,0,25.0
500,1794367,5,10,20,22,30,34,26,8300000,2015-03-14,1,0,20.2
499,1253446,3,14,17,21,23,35,29,7500000,2015-03-10,3,1,18.8
498,78107,1,3,5,24,34,37,30,6700000,2015-03-07,3,0,17.3
497,2183273,7,8,21,28,32,38,14,6200000,2015-03-03,1,0,22.3
496,429392,1,13,18,22,24,39,35,6100000,2015-02-28,1,0,19.5
495,1402171,4,7,8,9,11,26,37,6000000,2015-02-24,2,2,10.8
494,187283,1,5,7,25,26,38,33,5900000,2015-02-21,2,2,17.0
493,3063842,14,18,25,26,29,39,9,5600000,2015-02-17,1,1,25.2
492,1333107,4,5,9,22,33,39,17,5300000,2015-02-14,1,1,18.7
491,302193,1,8,9,14,23,26,31,5000000,2015-02-10,1,2,13.5
490,61533,1,2,20,23,27,29,33,32000000,2015-02-07,3,0,17.0
489,1473202,4,9,10,35,38,39,8,31000000,2015-02-03,0,1,22.5
488,1157231,3,9,13,29,32,36,6,29500000,2015-01-31,3,0,20.3
487,2728249,10,14,18,27,33,35,26,28000000,2015-01-27,0,0,22.8
486,162022,1,4,13,26,29,32,12,25000000,2015-01-24,2,1,17.5
485,2108142,6,15,20,24,26,39,37,22000000,2015-01-20,0,1,21.7
484,2780508,10,22,26,28,32,33,30,18500000,2015-01-17,0,2,25.2
483,797450,2,10,11,19,33,35,8,17000000,2015-01-13,3,1,18.3
482,2621003,9,15,19,24,30,34,31,15500000,2015-01-10,1,1,21.8
481,45649,1,2,12,13,17,24,14,13600000,2015-01-06,3,3,11.5
480,428068,1,13,17,22,25,31,23,13300000,2015-01-03,3,1,18.2
479,2686196,10,11,21,31,34,38,24,13000000,2014-12-30,2,2,24.2
478,2590404,9,13,14,34,36,38,19,12700000,2014-12-27,1,2,24.0
477,2432783,8,12,14,28,34,35,6,12400000,2014-12-23,0,0,21.8
476,829141,2,11,16,17,32,37,13,12100000,2014-12-20,4,1,19.2
475,2052507,6,11,20,25,31,39,13,11800000,2014-12-16,2,0,22.0
474,2735480,10,15,16,22,26,33,27,11500000,2014-12-13,0,3,20.3
473,2678725,10,11,16,17,19,26,14,11200000,2014-12-09,3,0,16.5
472,526415,2,3,8,12,30,33,27,10900000,2014-12-06,2,0,14.7
471,129284,1,4,5,17,24,34,6,10600000,2014-12-02,2,0,14.2
470,2161633,7,8,10,20,21,25,6,10300000,2014-11-29,1,1,15.2
469,676854,2,6,11,12,17,21,4,10000000,2014-11-25,3,1,11.5
468,970140,3,4,12,14,19,20,34,9700000,2014-11-22,2,2,12.0
467,1574778,4,14,15,21,24,31,9,9400000,2014-11-18,1,0,18.2
466,321456,1,8,16,17,20,30,13,9100000,2014-11-15,1,0,15.3
465,2777170,10,21,23,32,34,39,29,8800000,2014-11-11,1,2,26.5
464,2881633,11,24,25,27,32,34,23,8500000,2014-11-08,1,0,25.5
463,85853,1,3,7,12,18,37,21,8200000,2014-11-04,3,1,13.0
462,619369,2,5,7,9,19,35,34,7900000,2014-11-01,4,1,12.8
461,818813,2,10,29,31,36,37,38,7600000,2014-10-28,4,0,24.2
460,1570833,4,13,22,24,33,39,27,7300000,2014-10-25,1,1,22.5
459,2787170,10,29,30,32,33,34,38,7000000,2014-10-21,1,1,28.0
458,2629522,9,16,19,21,33,38,30,6750000,2014-10-18,1,0,22.7
457,2386005,8,10,11,20,22,37,14,6500000,2014-10-14,2,1,18.0
456,1325519,4,5,8,9,21,29,31,5000000,2014-10-11,2,1,12.7
455,385975,1,11,12,29,33,37,32,5500000,2014-10-07,3,0,20.5
454,1967599,6,8,13,14,15,20,12,5000000,2014-10-04,1,1,12.7
453,2128303,6,17,28,30,36,38,33,9500000,2014-09-30,1,1,25.8
452,2072581,6,12,24,25,33,39,26,9000000,2014-09-27,0,1,23.2
451,1702385,5,7,14,19,21,24,33,8500000,2014-09-23,3,2,15.0
450,2948267,12,19,22,24,35,38,36,8000000,2014-09-20,1,2,25.0
449,2791742,11,12,14,22,26,36,4,7500000,2014-09-16,1,0,20.2
448,1180637,3,10,13,24,31,33,26,7000000,2014-09-13,3,3,19.0
447,2544696,9,10,19,24,25,33,12,6500000,2014-09-09,1,2,20.0
446,398140,1,11,19,23,24,27,20,6000000,2014-09-06,3,1,17.5
445,1802495,5,11,13,16,18,26,37,5500000,2014-09-02,3,1,14.8
444,3254707,24,25,26,28,31,38,10,5000000,2014-08-30,1,1,28.7
443,1441770,4,8,9,25,34,36,24,9500000,2014-08-26,0,3,19.3
442,1353116,4,5,17,22,25,34,36,9000000,2014-08-23,2,2,17.8
441,40617,1,2,10,17,22,38,8,8500000,2014-08-19,2,0,15.0
440,3243724,21,29,31,34,36,39,38,8000000,2014-08-16,2,1,31.7
439,262381,1,6,23,25,30,34,2,7500000,2014-08-12,1,1,19.8
438,2829140,11,14,21,24,25,32,6,7000000,2014-08-09,1,0,21.2
437,2620447,9,15,19,20,26,34,22,6500000,2014-08-05,1,0,20.5
436,1958522,6,8,10,13,16,21,15,6000000,2014-08-02,1,0,12.3
435,2271049,7,12,20,22,25,34,30,5500000,2014-07-29,1,2,20.0
434,982889,3,4,18,19,20,25,36,5000000,2014-07-26,2,0,14.8
433,3245710,22,23,30,32,35,37,2,7500000,2014-07-22,2,0,29.8
432,1490620,4,9,18,26,27,39,10,7000000,2014-07-19,0,3,20.5
431,778753,2,9,13,17,26,27,28,6500000,2014-07-15,3,2,15.7
430,576037,2,4,7,19,27,35,13,6000000,2014-07-12,3,0,15.7
429,425734,1,13,16,17,31,34,8,5500000,2014-07-08,3,1,18.7
428,3053828,14,17,19,24,28,33,9,5000000,2014-07-05,2,1,22.5
427,1385943,4,6,13,19,25,36,17,11500000,2014-07-01,2,0,17.2
426,471446,1,17,20,26,38,39,37,11000000,2014-06-28,1,1,23.5
425,409124,1,12,15,18,23,27,16,10500000,2014-06-24,1,2,16.0
424,69468,1,3,4,12,19,32,16,10000000,2014-06-21,2,0,11.8
423,2828019,11,14,20,21,30,33,28,9500000,2014-06-17,1,0,21.5
422,2459546,8,13,25,34,36,37,27,9000000,2014-06-14,2,1,25.5
421,2504344,8,18,24,27,28,30,23,8500000,2014-06-10,0,1,22.5
420,1429344,4,7,17,18,25,32,5,8000000,2014-06-07,2,0,17.2
419,2662569,9,22,31,33,37,39,3,7500000,2014-06-03,2,0,28.5
418,2262131,7,12,14,21,25,26,29,7000000,2014-05-31,1,1,17.5
417,1660861,5,6,12,16,19,28,27,6500000,2014-05-27,2,2,14.3
416,2113677,6,16,17,25,29,34,27,6000000,2014-05-24,2,3,21.2
415,1317117,4,5,6,12,17,25,21,5500000,2014-05-20,2,1,11.5
414,162702,1,4,14,16,20,23,38,5000000,2014-05-17,1,0,13.0
413,2518909,8,22,25,27,32,36,34,8000000,2014-05-13,0,0,25.0
412,1426158,4,7,15,19,21,29,12,7500000,2014-05-10,3,0,15.8
411,853226,2,12,20,35,36,39,38,7000000,2014-05-06,1,0,24.0
410,449976,1,15,16,23,29,37,4,6500000,2014-05-03,3,0,20.2
409,2473187,8,14,33,34,38,39,22,6000000,2014-04-29,0,1,27.7
408,1278969,3,16,23,25,31,38,37,5500000,2014-04-26,3,0,22.7
407,2393580,8,10,14,18,32,33,17,5000000,2014-04-22,0,1,19.2
406,1259095,3,14,22,27,35,39,38,5000000,2014-04-19,1,0,23.3
405,2076687,6,13,15,16,19,38,4,13500000,2014-04-15,2,1,17.8
404,2470797,8,14,22,32,38,39,13,12500000,2014-04-12,0,1,25.5
403,2281340,7,13,16,24,37,39,28,12000000,2014-04-08,3,2,22.7
402,382467,1,10,26,35,37,39,17,11000000,2014-04-05,1,2,24.7
401,2226509,7,10,15,24,26,31,38,10500000,2014-04-01,2,2,18.8
400,2671006,10,11,12,22,26,30,15,10000000,2014-03-29,1,0,18.5
399,1080671,3,7,8,19,20,31,38,9500000,2014-03-25,4,2,14.7
398,2194207,7,9,12,15,22,31,30,9000000,2014-03-22,2,0,16.0
397,2876360,11,21,26,27,33,34,38,8500000,2014-03-18,1,1,25.3
396,2938077,12,17,23,25,33,36,38,8000000,2014-03-15,2,1,24.3
395,2284577,7,13,18,30,36,37,10,7500000,2014-03-11,3,2,23.5
394,1768645,5,9,18,23,32,37,1,7000000,2014-03-08,3,1,20.7
393,2405465,8,10,23,26,33,38,25,6500000,2014-03-04,1,0,23.0
392,1804548,5,11,14,15,18,32,2,6000000,2014-03-01,2,2,15.8
391,94091,1,3,9,11,20,32,17,5500000,2014-02-25,2,0,12.7
390,1895538,5,18,23,34,37,38,29,5000000,2014-02-22,3,3,25.8
389,3204958,18,24,28,31,34,37,7,5000000,2014-02-18,2,2,28.7
388,2189858,7,9,10,26,31,37,33,22000000,2014-02-15,3,3,20.0
387,1051943,3,6,10,16,31,37,19,21000000,2014-02-11,3,2,17.2
386,1253214,3,14,17,19,31,35,27,20000000,2014-02-08,4,2,19.8
385,3209330,19,20,22,24,27,35,7,19000000,2014-02-04,1,0,24.5
384,3029992,13,25,28,31,34,36,15,18000000,2014-02-01,2,1,27.8
383,1126635,3,8,12,22,28,39,16,17000000,2014-01-28,1,0,18.7
382,50097,1,2,13,20,31,38,11,16000000,2014-01-25,3,2,17.5
381,1345441,4,5,13,21,38,39,19,15000000,2014-01-21,2,1,20.0
380,1392945,4,6,16,26,30,34,22,14000000,2014-01-18,0,1,19.3
379,1425400,4,7,14,32,37,38,16,13000000,2014-01-14,2,2,22.0
378,2219816,7,10,12,26,32,36,17,12000000,2014-01-11,1,1,20.5
377,1265818,3,15,18,24,27,36,23,11000000,2014-01-07,1,0,20.5
376,1531919,4,11,16,25,29,39,30,10500000,2014-01-04,2,0,20.7
375,840671,2,12,13,18,21,34,19,10000000,2013-12-31,2,3,16.7
374,2916991,12,15,18,20,21,28,29,9500000,2013-12-28,0,3,19.0
373,46998,1,2,12,18,21,25,26,9000000,2013-12-24,1,2,13.2
372,603972,2,4,16,25,33,38,28,8500000,2013-12-21,1,0,19.7
371,2853368,11,17,18,28,31,36,33,8000000,2013-12-17,3,1,23.5
370,2751566,10,16,22,35,36,38,27,7500000,2013-12-14,0,1,26.2
369,327270,1,8,20,21,27,36,12,7000000,2013-12-10,0,1,18.8
368,2727736,10,14,18,22,27,33,13,6500000,2013-12-07,0,1,20.7
367,3044116,14,16,17,25,26,38,15,6000000,2013-12-03,1,3,22.7
366,3134173,16,17,25,28,36,39,38,5500000,2013-11-30,1,0,26.8
365,3061983,14,18,21,29,34,38,33,5000000,2013-11-26,1,1,25.7
364,2454773,8,13,19,21,23,31,17,6000000,2013-11-23,4,1,19.2
363,2014160,6,10,11,17,23,34,37,5500000,2013-11-19,3,1,16.8
362,1044613,3,6,8,18,26,30,35,5000000,2013-11-16,1,1,15.2
361,2514078,8,20,27,29,32,39,5,8500000,2013-11-12,1,2,25.8
360,494394,1,22,25,26,27,32,23,8000000,2013-11-09,0,1,22.2
359,1843269,5,13,17,18,32,35,8,7500000,2013-11-05,3,1,20.0
358,1995126,6,9,13,14,20,37,38,7000000,2013-11-02,2,0,16.5
357,411486,1,12,16,21,28,39,24,6500000,2013-10-29,0,2,19.5
356,150120,1,4,10,11,21,29,2,6000000,2013-10-26,2,1,12.7
355,20502,1,2,6,8,23,31,39,5500000,2013-10-22,3,1,11.8
354,435112,1,13,25,32,34,35,19,5000000,2013-10-19,1,0,23.3
353,2342467,7,20,23,24,28,33,12,9500000,2013-10-15,2,2,22.5
352,3224059,20,21,22,24,31,38,33,9000000,2013-10-12,1,0,26.0
351,2832111,11,14,27,29,32,33,13,8500000,2013-10-08,2,1,24.3
350,2790137,11,12,13,31,34,39,21,8000000,2013-10-05,3,0,23.3
349,1044474,3,6,8,17,33,38,16,7500000,2013-10-01,2,1,17.5
348,1855554,5,14,16,28,33,39,27,7000000,2013-09-28,1,1,22.5
347,1192354,3,10,21,23,25,28,22,6500000,2013-09-24,2,0,18.3
346,1385381,4,6,13,16,32,35,33,6000000,2013-09-21,1,0,17.7
345,122430,1,3,22,29,33,34,25,5500000,2013-09-17,2,1,20.3
344,1552495,4,12,18,27,31,34,2,5000000,2013-09-14,1,0,21.0
343,2658890,9,21,24,33,36,37,18,17500000,2013-09-10,1,2,26.7
342,1336921,4,5,10,24,26,37,9,17000000,2013-09-07,2,1,17.7
341,2889159,12,13,15,20,26,38,1,16000000,2013-09-03,1,0,20.7
340,929348,2,22,23,24,31,39,27,15000000,2013-08-31,3,1,23.5
339,1895634,5,18,24,25,35,38,4,14000000,2013-08-27,1,0,24.2
338,387007,1,11,13,17,21,27,29,13000000,2013-08-24,3,1,15.0
337,2070716,6,12,21,24,25,36,20,12000000,2013-08-20,0,1,20.7
336,1094561,3,7,12,18,34,35,30,11500000,2013-08-17,2,0,18.2
335,2420687,8,11,17,31,36,38,37,11000000,2013-08-13,3,0,23.5
334,671962,2,6,9,20,21,25,35,10500000,2013-08-10,1,0,13.8
333,1457767,4,8,15,19,33,35,9,10000000,2013-08-06,1,1,19.0
332,605834,2,4,17,31,37,38,11,9500000,2013-08-03,4,1,21.5
331,2818247,11,13,23,32,37,39,9,9000000,2013-07-30,4,1,25.8
330,2203892,7,9,16,19,30,37,14,8500000,2013-07-27,3,1,19.7
329,39797,1,2,10,14,19,32,8,8000000,2013-07-23,2,1,13.0
328,3228147,20,22,25,29,31,32,8,7500000,2013-07-20,2,1,26.5
327,1099146,3,7,14,17,24,25,37,7000000,2013-07-16,3,2,15.0
326,1950861,6,7,22,25,27,31,38,6500000,2013-07-13,2,1,19.7
325,1815111,5,11,20,25,26,29,14,6000000,2013-07-09,3,1,19.3
324,2720098,10,13,24,26,27,31,1,5500000,2013-07-06,2,2,21.8
323,282485,1,7,12,24,27,29,25,5000000,2013-07-02,2,2,16.7
322,161496,1,4,13,21,29,36,30,7500000,2013-06-29,2,2,17.3
321,2596957,9,13,18,29,35,39,34,7000000,2013-06-25,2,1,23.8
320,1355995,4,5,19,25,36,39,9,6500000,2013-06-22,2,1,21.3
319,299486,1,7,25,31,32,37,24,6000000,2013-06-18,3,0,22.2
318,932757,2,23,27,28,29,30,18,5500000,2013-06-15,3,1,23.2
317,1432523,4,7,19,22,30,36,33,5000000,2013-06-11,2,0,19.7
316,3204820,18,24,27,32,35,39,38,7000000,2013-06-08,0,1,29.2
315,3022681,13,21,25,29,32,37,3,6500000,2013-06-04,3,1,26.2
314,431694,1,13,20,23,31,35,10,6000000,2013-06-01,3,0,20.5
313,2111429,6,15,25,29,37,39,13,5500000,2013-05-28,2,1,25.2
312,452148,1,15,18,19,21,27,36,5000000,2013-05-25,1,1,16.8
311,1835345,5,12,24,27,28,35,26,8000000,2013-05-21,1,0,21.8
310,2214641,7,10,11,14,16,32,13,7500000,2013-05-18,2,1,15.0
309,1002573,3,5,8,14,17,33,18,7000000,2013-05-14,3,0,13.3
308,2050302,6,11,18,24,31,34,33,6500000,2013-05-11,2,1,20.7
307,1424609,4,7,14,21,34,37,26,6000000,2013-05-07,2,1,19.5
306,813952,2,10,19,26,37,39,4,5500000,2013-05-04,3,1,22.2
305,823531,2,11,13,20,24,35,10,5000000,2013-04-30,3,1,17.5
304,385173,1,11,12,21,23,36,14,10000000,2013-04-27,2,0,17.3
303,1252841,3,14,16,35,37,39,30,9500000,2013-04-23,2,1,24.0
302,579321,2,4,8,14,23,38,11,9000000,2013-04-20,2,1,14.8
301,1816467,5,11,22,23,31,35,7,8500000,2013-04-16,4,0,21.2
300,1286805,3,17,24,26,30,34,20,8000000,2013-04-13,2,2,22.3
299,3166590,17,18,25,31,34,35,16,7500000,2013-04-09,2,1,26.7
298,1866247,5,15,16,30,31,38,20,7000000,2013-04-06,2,1,22.5
297,931006,2,22,27,29,31,37,13,6500000,2013-04-02,4,2,24.7
296,64597,1,2,24,31,32,33,20,6000000,2013-03-30,2,0,20.5
295,2837052,11,15,18,26,28,38,6,5500000,2013-03-26,1,2,22.7
294,3010759,13,18,25,27,28,30,12,5000000,2013-03-23,1,0,23.5
293,542436,2,3,12,21,29,39,23,21000000,2013-03-19,3,1,17.7
292,2456826,8,13,21,23,24,28,12,20000000,2013-03-16,2,1,19.5
291,2730315,10,14,20,27,28,32,22,19000000,2013-03-12,0,2,21.8
290,884221,2,14,28,29,30,37,7,18000000,2013-03-09,3,0,23.3
289,454116,1,15,19,24,32,38,28,17000000,2013-03-05,1,0,21.5
288,2002845,6,9,16,21,31,34,3,16000000,2013-03-02,1,1,19.5
287,167748,1,4,16,22,32,33,7,15000000,2013-02-26,0,1,18.0
286,1918295,6,7,8,10,16,27,29,14000000,2013-02-23,1,1,12.3
285,724204,2,7,15,17,25,37,29,13000000,2013-02-19,4,1,17.2
284,4310,1,2,3,13,18,19,15,12000000,2013-02-16,4,2,9.3
283,123821,1,3,25,29,35,37,7,11000000,2013-02-12,3,1,21.7
282,2484482,8,16,17,21,26,37,23,10500000,2013-02-09,2,1,20.8
281,3037249,14,15,19,21,24,35,31,10000000,2013-02-05,1,0,21.3
280,671519,2,6,9,17,30,36,25,9500000,2013-02-02,2,0,16.7
279,1268818,3,15,21,25,26,32,22,9000000,2013-01-29,1,0,20.3
278,2865500,11,18,33,34,35,36,2,8500000,2013-01-26,1,2,27.8
277,2422525,8,11,19,22,34,37,25,8000000,2013-01-22,3,0,21.8
276,1575406,4,14,15,26,33,39,6,7500000,2013-01-19,0,0,21.8
275,1288313,3,17,30,31,37,38,35,7000000,2013-01-15,4,0,26.0
274,2770912,10,19,25,28,32,39,3,6500000,2013-01-12,1,1,25.5
273,1791126,5,10,17,24,27,37,19,6000000,2013-01-08,3,1,20.0
272,218522,1,5,19,26,31,34,13,5500000,2013-01-05,3,1,19.3
271,1681830,5,7,8,12,23,36,14,5000000,2013-01-01,3,2,15.2
270,1825010,5,12,15,18,32,37,25,25000000,2012-12-29,2,2,19.8
269,1454831,4,8,14,15,29,37,2,24500000,2012-12-25,2,1,17.8
268,41677,1,2,10,23,28,37,19,23500000,2012-12-22,3,2,16.8
267,2211585,7,9,23,24,28,29,33,22500000,2012-12-18,3,0,20.0
266,1386795,4,6,13,25,33,36,16,21500000,2012-12-15,1,2,19.5
265,1663081,5,6,13,14,29,32,2,20500000,2012-12-11,3,1,16.5
264,2291698,7,14,15,20,35,37,12,19500000,2012-12-08,2,1,21.3
263,2012419,6,9,30,35,38,39,8,18500000,2012-12-04,0,1,26.2
262,1357068,4,5,20,27,30,32,14,17500000,2012-12-01,1,0,19.7
261,3159450,16,25,29,34,36,38,31,16500000,2012-11-27,1,1,29.7
260,1674625,5,6,19,21,25,33,10,16000000,2012-11-24,2,0,18.2
259,717930,2,7,12,20,34,35,11,15000000,2012-11-20,2,0,18.3
258,2560084,9,11,16,17,26,28,38,14000000,2012-11-17,2,1,17.8
257,1127995,3,8,13,16,19,25,31,13000000,2012-11-13,3,2,14.0
256,997737,3,5,7,13,15,37,2,12000000,2012-11-10,5,0,13.3
255,2491218,8,16,24,30,32,34,38,11500000,2012-11-06,0,0,24.0
254,593161,2,4,12,14,19,33,6,11000000,2012-11-03,2,2,14.0
253,1482734,4,9,14,17,31,34,25,10500000,2012-10-30,2,0,18.2
252,1295086,3,19,20,25,37,39,6,10000000,2012-10-27,3,1,23.8
251,463404,1,16,19,32,35,36,14,9500000,2012-10-23,1,3,23.2
250,1393234,4,6,16,32,36,39,14,9000000,2012-10-20,0,1,22.2
249,2043668,6,11,14,24,37,38,4,8500000,2012-10-16,2,1,21.7
248,1322658,4,5,7,14,15,26,36,8000000,2012-10-13,2,1,11.8
247,1495225,4,9,24,25,36,39,17,7500000,2012-10-09,0,1,22.8
246,2723773,10,14,15,31,33,36,29,7000000,2012-10-06,1,1,23.2
245,1617822,4,18,25,26,36,37,15,6500000,2012-10-02,1,1,24.3
244,863308,2,13,17,18,24,38,37,6000000,2012-09-29,3,1,18.7
243,2441187,8,12,20,24,25,36,3,5500000,2012-09-25,0,1,20.8
242,1240626,3,13,17,20,22,34,25,5000000,2012-09-22,3,1,18.2
241,909585,2,17,23,30,33,38,18,21000000,2012-09-18,3,0,23.8
240,2763968,10,18,21,27,35,39,8,20000000,2012-09-15,0,2,25.0
239,554750,2,3,18,30,31,39,32,19000000,2012-09-11,3,0,20.5
238,1993681,6,9,12,19,20,32,11,18000000,2012-09-08,1,1,16.3
237,1654815,5,6,10,16,29,38,30,17000000,2012-09-04,2,1,17.3
236,2630526,9,16,20,22,24,27,28,16000000,2012-09-01,0,1,19.7
235,2114243,6,16,18,19,30,37,38,15000000,2012-08-28,2,0,21.0
234,508113,2,3,4,25,34,39,8,14000000,2012-08-25,2,0,17.8
233,3184473,17,24,27,32,36,38,15,13000000,2012-08-21,1,0,29.0
232,2169750,7,8,13,16,29,35,9,12500000,2012-08-18,3,0,18.0
231,155786,1,4,11,20,26,37,38,11500000,2012-08-14,2,1,16.5
230,1590364,4,15,18,23,29,34,25,11000000,2012-08-11,2,1,20.5
229,2979383,13,15,16,17,24,33,31,10500000,2012-08-07,2,2,19.7
228,249914,1,6,14,15,33,36,22,10000000,2012-08-04,0,1,17.5
227,3151974,16,21,25,29,34,36,10,9500000,2012-07-31,1,1,26.8
226,2222325,7,10,13,25,30,38,22,9000000,2012-07-28,2,1,20.5
225,28957,1,2,7,20,21,33,6,8500000,2012-07-24,2,0,14.0
224,1477655,4,9,12,17,18,37,20,8000000,2012-07-21,2,2,16.2
223,305182,1,8,10,12,20,37,39,7500000,2012-07-17,1,1,14.7
222,2483956,8,16,17,18,25,38,4,7000000,2012-07-14,1,1,20.3
221,2171331,7,8,13,27,33,35,4,6500000,2012-07-10,2,0,20.5
220,1171490,3,9,26,29,38,39,14,6000000,2012-07-07,2,0,24.0
219,1591836,4,15,19,27,28,36,7,5500000,2012-07-03,1,0,21.5
218,1090512,3,7,11,14,21,24,2,5000000,2012-06-30,3,0,13.3
217,2085271,6,13,20,29,35,37,5,5000000,2012-06-26,3,2,23.3
216,983349,3,4,18,21,29,35,37,9500000,2012-06-23,2,0,18.3
215,2004264,6,9,17,20,37,39,1,9000000,2012-06-19,2,3,21.3
214,1049635,3,6,9,24,38,39,36,8500000,2012-06-16,1,0,19.8
213,2999175,13,17,18,21,26,34,27,8000000,2012-06-12,2,1,21.5
212,1939101,6,7,14,16,21,35,36,7500000,2012-06-09,1,1,16.5
211,2269431,7,12,18,27,28,29,4,7000000,2012-06-05,2,1,20.2
210,2476533,8,15,18,19,20,30,2,6500000,2012-06-02,1,1,18.3
209,1206679,3,11,16,20,29,36,8,6000000,2012-05-29,3,0,19.2
208,2957640,12,21,28,31,33,35,39,5500000,2012-05-26,1,0,26.7
207,2341757,7,20,22,23,24,38,29,5000000,2012-05-22,2,1,22.3
206,3254190,23,29,30,32,34,37,22,5000000,2012-05-19,3,1,30.8
205,2371293,8,9,15,16,22,29,3,8500000,2012-05-15,1,0,16.5
204,661580,2,6,7,12,30,37,4,8000000,2012-05-12,3,1,15.7
203,1955701,6,8,9,15,34,35,25,7500000,2012-05-08,0,1,17.8
202,1710913,5,7,19,23,32,35,1,7000000,2012-05-05,4,2,20.2
201,2303354,7,15,16,17,20,32,26,6500000,2012-05-01,2,1,17.8
200,2654618,9,20,22,27,37,38,30,6000000,2012-04-28,1,0,25.5
199,1259322,3,14,23,24,25,26,35,5500000,2012-04-24,2,0,19.2
198,1649044,5,6,9,10,15,35,32,5000000,2012-04-21,1,0,13.3
197,1294044,3,18,28,30,32,36,33,31000000,2012-04-17,1,1,24.5
196,2163822,7,8,11,15,19,30,33,30000000,2012-04-14,3,2,15.0
195,3110197,15,19,23,24,29,33,3,29000000,2012-04-10,3,0,23.8
194,1724509,5,8,11,13,18,25,4,28000000,2012-04-07,3,2,13.3
193,2846138,11,16,18,30,32,33,14,26500000,2012-04-03,1,0,23.3
192,817441,2,10,24,27,28,36,39,25500000,2012-03-31,1,1,21.2
191,466127,1,16,23,26,28,34,12,24500000,2012-03-27,1,2,21.3
190,1836526,5,12,28,29,34,36,39,23500000,2012-03-24,2,2,24.0
189,1654559,5,6,10,15,29,35,9,22500000,2012-03-20,2,2,16.7
188,2694153,10,12,14,31,34,35,11,21500000,2012-03-17,1,0,22.7
187,1110128,3,7,21,27,29,37,15,20500000,2012-03-13,4,2,20.7
186,298029,1,7,22,29,30,38,8,19500000,2012-03-10,2,0,21.2
185,2388301,8,10,12,17,19,33,16,18500000,2012-03-06,2,1,16.5
184,1146404,3,9,10,15,22,29,31,17500000,2012-03-03,2,1,14.7
183,802694,2,10,13,18,24,34,19,16500000,2012-02-28,2,0,16.8
182,2605822,9,14,16,20,27,33,38,15500000,2012-02-25,0,1,19.8
181,1407602,4,7,9,12,21,37,39,14500000,2012-02-21,2,1,15.0
180,153202,1,4,10,26,27,34,15,13500000,2012-02-18,0,1,17.0
179,1603482,4,16,23,24,28,37,1,12500000,2012-02-14,2,1,22.0
178,2078647,6,13,15,36,37,39,26,11500000,2012-02-11,2,0,24.3
177,874692,2,14,16,19,32,38,1,10500000,2012-02-07,2,1,20.2
176,1031241,3,5,19,24,31,33,39,10000000,2012-02-04,4,2,19.2
175,470611,1,17,19,29,31,35,4,9500000,2012-01-31,4,1,22.0
174,390079,1,11,14,21,24,27,17,9000000,2012-01-28,1,0,16.3
173,775768,2,9,12,16,17,26,36,8500000,2012-01-24,2,2,13.7
172,17944,1,2,5,17,20,25,22,8000000,2012-01-21,3,0,11.7
171,1139196,3,8,19,21,28,31,25,7500000,2012-01-17,3,1,18.3
170,1398292,4,6,21,22,25,35,27,7000000,2012-01-14,0,1,18.8
169,507947,2,3,4,24,26,32,7,6500000,2012-01-10,2,2,15.2
168,786022,2,9,16,24,37,39,11,6000000,2012-01-07,2,1,21.2
167,1278208,3,16,22,23,31,33,28,5500000,2012-01-03,3,1,21.3
166,979163,3,4,15,25,29,38,19,5000000,2011-12-31,2,2,19.0
165,1613442,4,18,19,21,34,38,27,8500000,2011-12-27,1,0,22.3
164,61687,1,2,20,24,32,33,28,8000000,2011-12-24,1,0,18.7
163,2040915,6,11,13,21,25,36,19,7500000,2011-12-20,2,2,18.7
162,2837602,11,15,19,21,24,28,34,7000000,2011-12-17,2,1,19.7
161,1284148,3,17,20,24,33,36,6,6500000,2011-12-13,2,5,22.2
160,1301809,3,20,24,33,35,36,10,6000000,2011-12-10,1,0,25.2
159,246732,1,6,12,26,30,37,19,5500000,2011-12-06,1,1,18.7
158,366467,1,10,13,17,18,19,35,5000000,2011-12-03,3,1,13.0
157,3178557,17,21,26,28,36,37,31,11000000,2011-11-29,2,1,27.5
156,1678109,5,6,23,25,26,27,35,10000000,2011-11-26,2,1,18.7
155,1604792,4,16,25,33,37,39,30,9500000,2011-11-22,1,1,25.7
154,129597,1,4,5,18,35,38,36,9000000,2011-11-19,1,1,16.8
153,2643609,9,18,19,32,34,39,13,8500000,2011-11-15,1,1,25.2
152,2695714,10,12,15,24,26,39,34,8000000,2011-11-12,0,0,21.0
151,1694201,5,7,11,17,23,32,36,7500000,2011-11-08,5,0,15.8
150,1621317,4,19,22,27,30,33,28,7000000,2011-11-05,1,2,22.5
149,708947,2,7,9,30,32,33,13,6500000,2011-11-01,2,1,18.8
148,2451180,8,13,16,24,27,33,9,6000000,2011-10-29,1,1,20.2
147,2434166,8,12,15,21,36,38,35,5500000,2011-10-25,0,1,21.7
146,1786495,5,10,15,16,27,33,3,5000000,2011-10-22,1,1,17.7
145,872396,2,14,15,17,22,28,21,11000000,2011-10-18,2,1,16.3
144,1550565,4,12,17,21,30,38,25,10000000,2011-10-15,1,0,20.3
143,1960624,6,8,10,22,26,28,30,9500000,2011-10-11,0,0,16.7
142,952877,3,4,7,18,31,35,22,9000000,2011-10-08,3,1,16.3
141,3133206,16,17,23,26,31,37,12,8500000,2011-10-04,4,1,25.0
140,3142888,16,19,21,27,36,38,14,8000000,2011-10-01,1,1,26.2
139,705782,2,7,9,11,38,39,27,7500000,2011-09-27,3,1,17.7
138,236855,1,6,9,26,28,34,17,7000000,2011-09-24,0,2,17.3
137,786924,2,9,17,20,23,34,39,6500000,2011-09-20,3,0,17.5
136,293819,1,7,18,22,26,35,34,6000000,2011-09-17,1,1,18.2
135,262266,1,6,23,24,28,29,12,5500000,2011-09-13,2,0,18.5
134,2484016,8,16,17,18,31,35,32,5000000,2011-09-10,2,1,20.8
133,2482957,8,15,26,28,37,39,4,33000000,2011-09-06,1,1,25.5
132,433163,1,13,22,23,28,35,18,32000000,2011-09-03,2,1,20.3
131,822962,2,11,13,17,24,37,18,30000000,2011-08-30,5,1,17.3
130,325361,1,8,18,22,36,37,34,29000000,2011-08-27,1,1,20.3
129,878142,2,14,18,23,32,38,5,28000000,2011-08-23,2,1,21.2
128,2238830,7,11,12,16,38,39,19,27000000,2011-08-20,2,2,20.5
127,2575532,9,12,15,16,20,21,13,26000000,2011-08-16,0,1,15.5
126,457878,1,15,24,28,31,37,29,25000000,2011-08-13,2,1,22.7
125,3042470,14,15,27,32,33,35,3,23000000,2011-08-09,0,1,26.0
124,211049,1,5,15,16,17,30,3,22000000,2011-08-06,2,1,14.0
123,821848,2,11,12,29,30,34,18,21000000,2011-08-02,3,3,19.7
122,774452,2,9,11,25,30,33,6,20000000,2011-07-30,2,2,18.3
121,2609217,9,14,18,24,28,33,22,19000000,2011-07-26,0,0,21.0
120,3159513,16,25,30,32,38,39,33,18000000,2011-07-23,0,1,30.0
119,1554073,4,12,20,22,25,26,24,17000000,2011-07-19,0,0,18.2
118,1253792,3,14,17,23,31,33,15,16000000,2011-07-16,4,1,20.2
117,1825267,5,12,15,20,23,32,24,15000000,2011-07-12,2,0,17.8
116,1117692,3,8,10,11,19,28,31,14000000,2011-07-09,3,1,13.2
115,2836482,11,15,18,21,25,34,1,13000000,2011-07-05,1,0,20.7
114,2117412,6,16,20,30,31,33,2,12000000,2011-07-02,1,1,22.7
113,665278,2,6,8,10,24,38,16,11000000,2011-06-28,1,2,14.7
112,1920650,6,7,8,17,32,36,4,10000000,2011-06-25,2,0,17.7
111,894645,2,15,27,28,31,37,18,9500000,2011-06-21,3,2,23.3
110,2624335,9,15,23,28,32,36,19,9000000,2011-06-18,1,1,23.8
109,701704,2,7,8,11,33,36,18,8500000,2011-06-14,3,1,16.2
108,2529232,9,10,11,25,32,38,30,8000000,2011-06-11,1,0,20.8
107,2903024,12,14,16,17,28,30,24,7500000,2011-06-07,1,1,19.5
106,621953,2,5,7,17,23,29,22,7000000,2011-06-04,6,0,13.8
105,3047541,14,16,20,24,37,38,35,6500000,2011-05-31,1,2,24.8
104,2629968,9,16,19,25,32,38,8,6000000,2011-05-28,1,1,23.2
103,509026,2,3,5,7,8,19,39,5500000,2011-05-24,5,1,7.3
102,277351,1,7,11,13,22,35,32,5000000,2011-05-21,3,0,14.8
101,947668,3,4,6,17,27,34,7,9000000,2011-05-17,2,0,15.2
100,2743897,10,15,25,28,30,39,33,8500000,2011-05-14,0,1,24.5
99,1070016,3,6,17,29,30,31,28,8000000,2011-05-10,4,1,19.3
98,1690531,5,7,10,15,30,38,34,7500000,2011-05-07,2,2,17.5
97,1668725,5,6,15,20,28,31,24,7000000,2011-05-03,2,2,17.5
96,2045331,6,11,15,21,37,38,26,6500000,2011-04-30,2,1,21.3
95,1553495,4,12,19,25,31,38,24,6000000,2011-04-26,2,1,21.5
94,2976001,13,14,21,28,30,38,32,5500000,2011-04-23,1,0,24.0
93,3092222,15,16,23,26,29,34,13,5000000,2011-04-19,2,2,23.8
92,1049446,3,6,9,23,26,33,19,16500000,2011-04-16,2,1,16.7
91,3091031,15,16,21,26,37,39,9,15500000,2011-04-12,1,1,25.7
90,1238817,3,13,16,18,29,35,38,14500000,2011-04-09,3,1,19.0
89,1318923,4,5,6,18,31,33,36,13500000,2011-04-05,2,4,16.2
88,1402002,4,6,31,32,33,34,1,12500000,2011-04-02,1,1,23.3
87,1167283,3,9,19,28,31,35,8,11000000,2011-03-29,3,1,20.8
86,3196709,18,20,33,35,36,39,31,10000000,2011-03-26,0,0,30.2
85,1802397,5,11,13,15,27,37,21,9500000,2011-03-22,4,1,18.0
84,1904916,5,20,25,28,35,36,21,9000000,2011-03-19,1,2,24.8
83,197246,1,5,10,13,26,28,33,8500000,2011-03-15,2,0,13.8
82,2379577,8,9,20,25,33,35,31,8000000,2011-03-12,0,0,21.7
81,1425788,4,7,15,17,23,26,24,7500000,2011-03-08,3,1,15.3
80,2743894,10,15,25,28,30,36,34,7000000,2011-03-05,0,2,24.0
79,2697914,10,12,16,30,33,34,11,6500000,2011-03-01,0,0,22.5
78,693890,2,6,18,23,27,37,24,6000000,2011-02-26,3,2,18.8
77,3091721,15,16,22,27,28,37,12,5500000,2011-02-22,1,1,24.2
76,730978,2,7,19,23,26,37,4,5000000,2011-02-19,5,0,19.0
75,1503545,4,10,13,15,20,21,25,10000000,2011-02-15,1,0,13.8
74,2495163,8,17,19,37,38,39,1,9000000,2011-02-12,3,0,26.3
73,2899640,12,13,25,28,32,33,38,8500000,2011-02-08,1,1,23.8
72,557083,2,3,21,22,32,36,4,8000000,2011-02-05,2,1,19.3
71,2738910,10,15,18,28,30,36,27,7500000,2011-02-01,0,1,22.8
70,2111253,6,15,25,26,34,38,14,7000000,2011-01-29,0,0,24.0
69,2935897,12,17,20,24,29,33,1,6500000,2011-01-25,2,2,22.5
68,2919788,12,15,20,25,26,36,29,6000000,2011-01-22,0,1,22.3
67,439143,1,14,16,22,23,25,7,5500000,2011-01-18,1,0,16.8
66,2050482,6,11,18,26,32,38,1,5000000,2011-01-15,1,2,21.8
65,1051718,3,6,10,15,37,38,19,21500000,2011-01-11,2,1,18.2
64,2125325,6,17,21,26,29,34,39,20000000,2011-01-08,2,1,22.2
63,1750163,5,9,10,19,21,33,36,19000000,2011-01-04,2,2,16.2
62,2337119,7,19,21,22,27,37,32,18000000,2011-01-01,3,2,22.2
61,762324,2,8,19,22,26,38,36,16500000,2010-12-28,2,0,19.2
60,1701122,5,7,13,27,29,33,20,16000000,2010-12-25,4,0,19.0
59,811152,2,10,17,23,28,37,3,15000000,2010-12-21,4,0,19.5
58,2254312,7,11,21,22,25,31,6,13500000,2010-12-18,3,0,19.5
57,1902046,5,19,30,32,35,37,8,12500000,2010-12-14,3,1,26.3
56,2016881,6,10,12,16,25,32,5,11000000,2010-12-11,0,2,16.8
55,132337,1,4,6,10,11,18,35,10000000,2010-12-07,1,1,8.3
54,2564831,9,11,19,21,27,29,1,9000000,2010-12-04,3,0,19.3
53,3019559,13,20,25,28,30,35,15,8500000,2010-11-30,1,0,25.2
52,73402,1,3,5,7,18,37,35,8000000,2010-11-27,4,2,11.8
51,1096581,3,7,13,16,21,39,22,7500000,2010-11-23,3,1,16.5
50,1840509,5,13,15,22,23,35,34,7000000,2010-11-20,3,1,18.8
49,911501,2,17,35,36,37,38,10,6500000,2010-11-16,3,0,27.5
48,3113683,15,20,22,26,29,34,6,6000000,2010-11-13,1,0,24.3
47,1455326,4,8,14,17,30,39,18,5500000,2010-11-09,1,0,18.7
46,3215788,19,22,23,31,34,38,35,5000000,2010-11-06,3,1,27.8
45,2996424,13,16,23,24,29,39,28,7000000,2010-11-02,3,2,24.0
44,3150585,16,21,22,29,32,37,23,6500000,2010-10-30,2,1,26.2
43,2116160,6,16,19,25,30,38,22,6000000,2010-10-26,1,1,22.3
42,485958,1,19,28,29,31,37,26,5500000,2010-10-23,4,0,24.2
41,2220453,7,10,13,15,17,21,11,5000000,2010-10-19,3,1,13.8
40,1887193,5,17,20,26,31,37,23,13500000,2010-10-16,4,1,22.7
39,2477314,8,15,18,24,26,33,29,12500000,2010-10-12,0,3,20.7
38,1204411,3,11,15,18,20,26,7,11500000,2010-10-09,2,1,15.5
37,974732,3,4,13,24,28,32,7,10500000,2010-10-05,2,1,17.3
36,2481406,8,15,22,32,33,37,19,9500000,2010-10-02,1,1,24.5
35,2636363,9,17,18,28,37,39,2,8500000,2010-09-28,2,1,24.7
34,740111,2,8,9,25,29,36,3,8000000,2010-09-25,2,2,18.2
33,1993219,6,9,12,16,35,36,38,7500000,2010-09-21,0,0,19.0
32,3115947,15,20,28,29,37,38,1,7000000,2010-09-18,2,1,27.8
31,2846295,11,16,19,20,23,34,2,6500000,2010-09-14,3,2,20.5
30,1526385,4,11,14,15,23,35,6,6000000,2010-09-11,2,1,17.0
29,569437,2,4,6,13,17,20,15,5500000,2010-09-07,3,1,10.3
28,166447,1,4,15,27,33,37,3,5000000,2010-09-04,1,2,19.5
27,1333300,4,5,9,24,29,37,17,24000000,2010-08-31,3,0,18.0
26,415510,1,12,19,21,30,34,20,23000000,2010-08-28,1,0,19.5
25,2857837,11,17,24,26,28,33,38,21500000,2010-08-24,2,0,23.2
24,2441668,8,12,20,31,34,37,9,20000000,2010-08-21,2,1,23.7
23,1281437,3,17,18,20,24,38,22,19000000,2010-08-17,2,0,20.0
22,64009,1,2,23,28,29,33,4,17500000,2010-08-14,3,3,19.3
21,327536,1,8,20,23,28,35,16,16500000,2010-08-10,1,1,19.2
20,293096,1,7,17,29,31,32,19,15000000,2010-08-07,4,0,19.5
19,2843378,11,15,35,37,38,39,24,13500000,2010-08-03,2,1,29.2
18,3054835,14,17,20,24,32,37,35,12000000,2010-07-31,2,2,24.0
17,2942501,12,18,21,22,32,37,19,11000000,2010-07-27,1,1,23.7
16,627806,2,5,8,26,32,34,31,10000000,2010-07-24,2,2,17.8
15,817214,2,10,23,32,33,39,7,9000000,2010-07-20,2,0,23.2
14,2661668,9,22,26,27,28,37,35,8500000,2010-07-17,1,0,24.8
13,10523,1,2,4,12,17,33,8,8000000,2010-07-13,2,1,11.5
12,2143268,6,20,30,33,34,36,35,7000000,2010-07-10,0,1,26.5
11,682526,2,6,12,25,28,31,18,6500000,2010-07-06,2,0,17.3
10,2453279,8,13,18,19,21,34,14,6000000,2010-07-03,2,0,18.8
9,2558942,9,11,15,20,31,36,23,5500000,2010-06-29,2,1,20.3
8,13779,1,2,5,6,10,11,15,5000000,2010-06-26,3,1,5.8
7,1883285,5,16,26,31,34,35,2,6500000,2010-06-22,2,1,24.5
6,774088,2,9,11,22,26,27,20,6000000,2010-06-19,2,0,16.2
5,88062,1,3,7,21,24,32,13,5500000,2010-06-15,2,2,14.7
4,983249,3,4,18,21,22,26,13,5000000,2010-06-12,1,0,15.7
3,3092330,15,16,23,27,35,37,26,6500000,2010-06-08,2,0,25.5
2,1647619,5,6,8,19,21,33,13,6000000,2010-06-05,2,2,15.3
1,2075714,6,13,14,21,25,35,37,5500000,2010-06-01,1,0,19.0
