DRAW,DRAW_DATE,N1,N2,N3,N4,N5,N6,MULTIPLIER,ESTIMATED_JACKPOT,PRIMES,REPEATED,MEAN
1293,2022-04-20,20,30,45,55,56,14,2,400000000,0,1,41.2
1293,2022-04-18,8,33,55,59,62,18,2,370000000,1,1,43.4
1293,2022-04-16,15,21,32,62,65,26,5,348000000,0,0,39.0
1293,2022-04-13,14,16,41,63,68,26,2,325000000,1,0,40.4
1293,2022-04-11,5,7,24,31,34,4,2,302000000,3,1,20.2
1293,2022-04-09,6,16,31,62,66,18,2,288000000,1,1,36.2
1293,2022-04-06,6,42,45,47,64,18,3,268000000,1,0,40.8
1293,2022-04-04,2,32,39,46,69,6,2,246000000,1,0,37.6
1293,2022-04-02,6,28,47,58,59,18,2,231000000,2,0,39.6
1293,2022-03-30,3,7,21,31,37,11,3,222000000,4,0,19.8
1293,2022-03-28,11,18,39,58,62,3,2,206000000,1,0,37.6
1293,2022-03-26,2,10,50,59,61,6,3,195000000,3,0,36.4
1293,2022-03-23,31,32,37,38,48,24,2,181000000,2,0,37.2
1293,2022-03-21,1,15,26,63,65,16,2,167000000,0,0,34.0
1293,2022-03-19,8,9,18,48,52,6,2,156000000,0,0,27.0
1293,2022-03-16,3,28,34,35,58,17,2,156000000,1,1,31.6
1292,2022-03-14,21,28,32,44,49,6,3,156000000,0,0,34.8
1291,2022-03-12,19,20,37,39,61,8,2,124000000,3,0,35.2
1290,2022-03-09,13,22,34,51,67,10,2,90000000,2,1,37.4
1289,2022-03-07,10,43,55,59,67,2,3,90000000,3,0,46.8
1288,2022-03-05,8,23,37,52,63,13,2,90000000,2,2,36.6
1287,2022-03-02,19,37,48,61,63,12,2,85000000,3,0,45.6
1286,2022-02-28,7,21,39,47,55,19,2,73000000,2,0,33.8
1285,2022-02-26,15,32,36,48,64,19,3,65000000,0,1,39.0
1284,2022-02-23,6,17,21,35,64,18,2,58000000,1,0,28.6
1283,2022-02-21,2,36,37,45,69,3,2,45000000,2,0,37.8
1282,2022-02-19,3,10,15,33,42,11,2,37000000,1,1,20.6
1281,2022-02-16,22,30,40,42,48,16,2,31000000,0,0,36.4
1280,2022-02-14,16,25,27,49,55,17,3,20000000,0,0,34.4
1279,2022-02-12,8,10,21,41,62,7,3,183000000,1,0,28.4
1278,2022-02-09,2,17,33,51,63,26,2,172000000,2,0,33.2
1277,2022-02-07,5,15,38,47,65,10,3,158000000,2,1,34.0
1276,2022-02-05,5,16,27,39,61,24,2,147000000,2,0,29.6
1275,2022-02-02,18,29,33,62,63,15,3,137000000,1,0,41.0
1274,2022-01-31,10,15,51,61,69,14,3,123000000,1,1,41.2
1273,2022-01-29,2,15,38,54,65,11,4,113000000,1,1,34.8
1272,2022-01-26,4,11,38,49,69,16,3,113000000,1,1,34.2
1271,2022-01-24,11,29,30,47,53,16,3,91000000,4,0,34.0
1270,2022-01-22,8,14,33,36,67,17,2,82000000,1,0,31.6
1269,2022-01-19,11,15,43,55,61,10,3,76000000,3,0,37.0
1268,2022-01-17,9,24,35,46,65,22,2,62000000,0,0,35.8
1267,2022-01-15,3,18,37,51,59,13,2,53000000,3,0,33.6
1266,2022-01-12,12,21,22,30,33,24,4,48000000,0,1,23.6
1265,2022-01-10,14,17,18,21,27,9,2,38000000,1,1,19.4
1264,2022-01-08,20,21,36,60,65,13,10,27000000,0,0,40.4
1263,2022-01-05,6,14,25,33,46,17,2,20000000,0,1,24.8
1262,2022-01-03,2,13,32,33,48,22,2,575000000,2,1,25.6
1261,2022-01-01,6,12,39,48,50,7,2,522000000,0,2,31.0
1260,2021-12-29,2,6,9,33,39,11,2,483000000,1,0,17.8
1259,2021-12-27,36,38,45,62,64,19,2,441000000,0,1,49.0
1258,2021-12-25,27,29,45,55,58,2,3,416000000,1,0,42.8
1257,2021-12-22,7,16,19,48,68,15,2,400000000,2,0,31.6
1256,2021-12-20,2,13,23,34,66,2,4,378000000,3,1,27.6
1255,2021-12-18,2,6,24,51,61,1,2,363000000,2,0,28.8
1254,2021-12-15,19,20,40,42,59,15,3,353000000,2,1,36.0
1253,2021-12-13,10,30,37,53,59,4,2,333000000,3,1,37.8
1252,2021-12-11,3,25,44,53,64,10,2,320000000,2,1,37.8
1251,2021-12-08,3,7,33,50,69,24,2,307000000,2,2,32.4
1250,2021-12-06,3,21,38,50,59,6,3,291000000,2,0,34.2
1249,2021-12-04,10,40,45,56,67,2,2,280000000,1,0,43.6
1248,2021-12-01,12,15,38,57,63,24,2,278000000,0,1,37.0
1247,2021-11-29,18,26,28,38,47,17,2,264000000,1,0,31.4
1246,2021-11-27,8,32,55,64,66,10,2,253000000,0,1,45.0
1245,2021-11-24,10,16,32,63,65,17,2,243000000,0,0,37.2
1244,2021-11-22,7,20,29,38,67,22,2,224000000,3,0,32.2
1243,2021-11-20,40,43,48,59,69,19,3,213000000,2,1,51.8
1242,2021-11-17,3,16,48,52,60,1,3,205000000,1,0,35.8
1241,2021-11-15,5,31,34,51,53,23,2,190000000,3,0,34.8
1240,2021-11-13,8,15,26,35,45,9,3,180000000,0,0,25.8
1239,2021-11-10,19,25,43,46,48,14,2,173000000,2,1,36.2
1238,2021-11-08,21,46,47,57,62,8,3,160000000,1,1,46.6
1237,2021-11-06,8,30,48,57,64,9,2,151000000,0,1,41.4
1236,2021-11-03,1,2,24,50,57,26,2,146000000,1,0,26.8
1235,2021-11-01,9,25,34,44,45,8,3,132000000,0,0,31.4
1234,2021-10-30,5,23,28,43,56,19,2,123000000,3,0,31.0
1233,2021-10-27,3,6,26,35,51,17,4,116000000,1,0,24.2
1232,2021-10-25,10,27,29,44,58,24,2,102000000,1,1,33.6
1231,2021-10-23,10,30,51,57,63,20,2,93000000,0,0,42.2
1230,2021-10-20,7,29,36,41,43,5,2,86000000,4,0,31.2
1229,2021-10-18,30,32,48,53,63,12,2,73000000,1,2,45.2
1228,2021-10-16,30,31,41,42,48,3,3,65000000,2,0,38.4
1227,2021-10-13,23,29,47,59,60,15,2,60000000,4,0,43.6
1226,2021-10-11,11,20,33,39,65,24,3,50000000,1,0,33.6
1225,2021-10-09,12,17,30,45,62,5,2,38000000,1,1,33.2
1224,2021-10-06,1,17,52,58,64,1,10,31000000,1,0,38.4
1223,2021-10-04,12,22,54,66,69,15,2,20000000,0,0,44.6
1222,2021-10-02,28,38,42,47,52,1,2,670000000,1,0,41.4
1221,2021-09-29,2,7,11,17,32,11,3,620000000,4,0,13.8
1220,2021-09-27,21,22,39,44,60,12,2,570000000,0,1,37.2
1219,2021-09-25,22,23,37,62,63,19,3,545000000,2,1,41.4
1218,2021-09-22,20,40,47,55,63,5,3,523000000,1,0,45.0
1217,2021-09-20,37,51,54,58,60,19,2,490000000,1,0,52.0
1216,2021-09-18,5,36,39,45,57,11,2,472000000,1,0,36.4
1215,2021-09-15,1,4,18,46,62,25,3,457000000,0,0,26.2
1214,2021-09-13,37,40,50,61,63,21,3,416000000,2,1,50.2
1213,2021-09-11,20,31,38,40,49,21,2,416000000,1,0,35.6
1212,2021-09-08,9,22,41,47,61,21,2,409000000,3,1,36.0
1211,2021-09-06,11,20,22,33,54,24,2,388000000,1,1,28.0
1210,2021-09-04,32,35,40,52,54,1,5,375000000,0,0,42.6
1209,2021-09-01,10,20,29,48,51,17,2,367000000,1,1,31.6
1208,2021-08-30,3,15,45,51,61,8,2,345000000,2,0,35.0
1207,2021-08-28,12,22,26,46,59,26,2,332000000,1,1,33.0
1206,2021-08-25,27,39,54,56,59,24,3,322000000,1,0,47.0
1205,2021-08-23,17,36,47,60,61,15,3,304000000,3,1,44.2
1204,2021-08-21,16,28,36,39,59,4,2,293000000,1,1,35.6
1203,2021-08-18,35,36,51,55,61,26,2,290000000,1,0,47.6
1202,2021-08-14,6,21,49,65,67,18,2,274000000,1,0,41.6
1201,2021-08-11,12,18,20,29,30,16,3,258000000,1,0,21.8
1200,2021-08-07,7,24,36,54,60,23,2,241000000,1,1,36.2
1199,2021-08-04,5,21,32,36,58,14,2,226000000,1,1,30.4
1198,2021-07-31,1,21,22,34,47,4,2,211000000,1,0,25.0
1197,2021-07-28,25,30,53,59,60,5,3,199000000,2,1,45.4
1196,2021-07-24,1,4,11,59,67,10,2,186000000,3,1,28.4
1195,2021-07-21,27,28,44,67,68,11,2,174000000,1,0,46.8
1194,2021-07-17,15,22,38,54,66,3,2,161000000,0,0,39.0
1193,2021-07-14,33,46,52,59,62,10,2,150000000,1,1,50.4
1192,2021-07-10,1,5,29,54,62,3,2,137000000,2,0,30.2
1191,2021-07-07,8,21,30,49,57,8,2,127000000,0,0,33.0
1190,2021-07-03,26,40,41,55,65,24,2,113000000,1,1,45.4
1189,2021-06-30,24,29,50,65,66,14,4,101000000,1,0,46.8
1188,2021-06-26,8,31,39,43,60,17,3,88000000,2,0,36.2
1187,2021-06-23,13,20,40,51,63,1,3,75000000,1,0,37.4
1186,2021-06-19,4,22,35,38,39,20,2,63000000,0,0,27.6
1185,2021-06-16,19,29,34,44,50,25,2,52000000,2,1,35.2
1184,2021-06-12,8,25,34,38,41,10,3,40000000,1,0,29.2
1183,2021-06-09,19,28,46,50,54,9,2,31000000,1,1,39.4
1182,2021-06-05,44,52,54,64,69,26,3,20000000,0,0,56.6
1181,2021-06-02,6,7,11,66,67,19,3,286000000,3,1,31.4
1180,2021-05-29,11,13,22,27,46,20,2,268000000,2,0,23.8
1179,2021-05-26,2,8,21,34,62,16,2,253000000,1,0,25.4
1178,2021-05-22,3,19,27,37,40,8,2,236000000,3,0,25.2
1177,2021-05-19,11,13,55,56,69,4,2,218000000,2,1,40.8
1176,2021-05-15,4,10,37,39,69,24,3,201000000,1,0,31.8
1175,2021-05-12,1,19,20,38,54,17,2,183000000,1,1,26.4
1174,2021-05-08,12,17,20,21,26,8,3,168000000,1,0,19.2
1173,2021-05-05,16,23,28,40,63,1,2,157000000,1,1,34.0
1172,2021-05-01,35,36,47,61,63,3,3,142000000,2,1,48.4
1171,2021-04-28,16,18,35,39,53,21,3,129000000,1,0,32.2
1170,2021-04-24,22,36,48,59,61,22,3,116000000,2,0,45.2
1169,2021-04-21,21,25,32,63,67,6,2,104000000,1,1,41.6
1168,2021-04-17,10,21,26,41,49,25,2,90000000,1,0,29.4
1167,2021-04-14,13,30,33,45,61,14,2,79000000,2,0,36.4
1166,2021-04-10,14,16,23,50,53,3,3,67000000,2,0,31.2
1165,2021-04-07,27,35,39,51,66,16,5,55000000,0,1,43.6
1164,2021-04-03,1,12,17,39,53,5,2,43000000,2,0,24.4
1163,2021-03-31,3,10,44,55,68,24,2,32000000,1,0,36.0
1162,2021-03-27,6,14,38,39,65,6,3,20000000,0,1,32.4
1161,2021-03-24,4,9,17,27,38,18,2,238000000,1,0,19.0
1160,2021-03-20,1,6,22,42,61,4,3,220000000,1,2,26.4
1159,2021-03-17,34,38,42,61,62,19,2,200000000,1,1,47.4
1158,2021-03-13,5,11,51,56,61,2,2,184000000,3,0,36.8
1157,2021-03-10,17,18,37,44,53,18,3,169000000,3,0,33.8
1156,2021-03-06,11,31,50,52,58,18,4,155000000,2,1,40.4
1155,2021-03-03,21,40,44,50,55,16,3,138000000,0,1,42.0
1154,2021-02-27,2,28,31,44,52,18,3,123000000,2,0,31.4
1153,2021-02-24,4,33,43,53,65,21,3,106000000,2,1,39.6
1152,2021-02-20,4,8,22,32,58,4,10,90000000,0,1,24.8
1151,2021-02-17,1,15,21,32,46,1,3,78000000,0,0,23.0
1150,2021-02-13,20,28,33,63,68,20,2,66000000,0,1,42.4
1149,2021-02-10,15,39,58,63,67,7,2,56000000,1,0,48.4
1148,2021-02-06,1,16,48,49,65,8,2,42000000,0,0,35.8
1147,2021-02-03,5,37,40,64,66,5,3,30000000,2,0,42.4
1146,2021-01-30,1,2,7,52,61,4,3,20000000,3,1,24.6
1145,2021-01-27,17,33,35,42,52,9,3,30000000,1,1,35.8
1144,2021-01-23,5,8,17,27,28,14,3,20000000,2,0,17.0
1143,2021-01-20,40,53,60,68,69,22,3,20000000,1,0,58.0
1142,2021-01-16,14,20,39,65,67,2,3,730000000,1,0,41.0
1141,2021-01-13,4,19,23,25,49,14,2,640000000,2,0,24.0
1140,2021-01-09,14,26,38,45,46,13,2,550000000,0,0,33.8
1139,2021-01-06,1,20,22,60,66,3,3,1,0,0,33.8
1138,2021-01-02,3,4,11,41,67,5,2,1,4,1,25.2
1137,2020-12-30,3,43,45,61,65,14,2,1,3,0,43.4
1136,2020-12-26,10,24,27,35,53,18,2,1,1,1,29.8
1135,2020-12-23,6,13,38,39,53,6,3,1,2,0,29.8
1134,2020-12-19,27,32,34,43,52,13,2,1,1,0,37.6
1133,2020-12-16,4,23,37,61,67,7,2,1,4,0,38.4
1132,2020-12-12,17,54,56,63,69,20,2,1,1,0,51.8
1131,2020-12-09,11,14,31,47,48,4,3,1,3,1,30.2
1130,2020-12-05,3,4,6,48,53,10,2,1,2,0,22.8
1129,2020-12-02,28,31,40,41,46,4,3,1,2,0,37.2
1128,2020-11-28,8,12,18,44,51,18,2,1,0,0,26.6
1127,2020-11-25,2,57,58,60,65,26,2,1,1,2,48.4
1126,2020-11-21,51,54,57,60,69,11,2,1,0,0,58.2
1125,2020-11-18,4,5,17,43,52,5,2,1,3,0,24.2
1124,2020-11-14,7,15,18,32,45,20,2,1,1,2,23.4
1123,2020-11-11,13,15,17,45,63,13,2,1,2,0,30.6
1122,2020-11-07,14,16,37,48,58,18,2,1,1,0,34.6
1121,2020-11-04,23,32,33,45,49,14,2,1,1,0,36.4
1120,2020-10-31,2,6,40,42,55,24,3,1,1,1,29.0
1119,2020-10-28,11,28,37,40,53,13,2,1,3,0,33.8
1118,2020-10-24,18,20,27,45,65,6,2,1,0,0,35.0
1117,2020-10-21,1,3,13,44,56,26,3,1,2,1,23.4
1116,2020-10-17,6,10,31,37,44,23,2,1,2,1,25.6
1115,2020-10-14,21,37,52,53,58,5,2,1,2,0,44.2
1114,2020-10-10,5,18,23,40,50,18,3,1,2,0,27.2
1113,2020-10-07,6,24,30,53,56,19,2,1,1,0,33.8
1112,2020-10-03,18,31,36,43,47,20,2,1,3,2,35.0
1111,2020-09-30,14,18,36,49,67,18,2,1,1,1,36.8
1110,2020-09-26,11,21,27,36,62,24,3,1,1,0,31.4
1109,2020-09-23,8,17,49,52,59,1,2,1,2,0,37.0
1108,2020-09-19,11,14,23,47,57,14,4,1,3,0,30.4
1107,2020-09-16,10,17,31,51,53,1,2,1,3,2,32.4
1106,2020-09-12,16,17,20,53,67,4,2,1,3,0,34.6
1105,2020-09-09,27,52,55,60,64,21,3,1,0,1,51.6
1104,2020-09-05,15,21,22,27,47,7,2,1,1,0,26.4
1103,2020-09-02,1,4,11,20,69,18,2,1,1,0,21.0
1102,2020-08-29,5,21,22,29,43,10,2,1,3,0,24.0
1101,2020-08-26,8,12,19,47,58,2,2,1,2,1,28.8
1100,2020-08-22,19,30,36,42,66,14,3,1,1,0,38.6
1099,2020-08-19,13,23,47,55,58,23,10,1,3,0,39.2
1098,2020-08-15,5,12,34,45,56,3,3,1,1,0,30.4
1097,2020-08-12,2,6,18,36,37,21,2,1,2,1,19.8
1096,2020-08-08,2,3,14,40,51,24,3,1,2,1,22.0
1095,2020-08-05,7,14,17,57,65,24,5,1,2,0,32.0
1094,2020-08-01,6,25,36,43,48,24,3,1,1,0,31.6
1093,2020-07-29,7,29,35,40,45,26,2,1,2,0,31.2
1092,2020-07-25,5,21,36,61,62,18,2,1,2,1,37.0
1091,2020-07-22,16,25,36,44,55,14,3,1,0,1,35.2
1090,2020-07-18,13,16,32,58,59,9,2,1,2,0,35.6
1089,2020-07-15,27,47,61,62,69,4,10,1,2,2,53.2
1088,2020-07-11,14,19,61,62,64,4,2,1,2,1,44.0
1087,2020-07-08,3,10,34,36,62,5,10,1,1,0,29.0
1086,2020-07-04,16,21,27,60,61,6,2,1,1,0,37.0
1085,2020-07-01,15,28,52,53,63,18,4,1,1,0,42.2
1084,2020-06-27,9,36,49,56,62,8,2,1,0,0,42.4
1083,2020-06-24,15,22,27,33,46,23,3,1,0,0,28.6
1082,2020-06-20,10,31,41,63,67,5,3,1,3,2,42.4
1081,2020-06-17,7,10,63,64,68,10,3,1,1,0,42.4
1080,2020-06-13,2,12,32,50,65,5,3,1,1,0,32.2
1079,2020-06-10,10,33,41,52,54,18,5,1,1,0,38.0
1078,2020-06-06,1,17,38,68,69,18,2,1,1,1,38.6
1077,2020-06-03,1,3,26,41,64,17,2,1,2,1,27.0
1076,2020-05-30,13,32,41,58,60,14,2,1,2,1,40.8
1075,2020-05-27,38,58,59,64,68,21,3,1,1,0,57.4
1074,2020-05-23,2,8,18,21,23,16,4,1,2,1,14.4
1073,2020-05-20,18,34,40,42,50,9,2,1,0,1,36.8
1072,2020-05-16,8,12,26,39,42,11,2,1,0,1,25.4
1071,2020-05-13,39,53,54,56,57,20,3,1,1,0,51.8
1070,2020-05-09,12,18,42,48,65,19,5,1,0,1,37.0
1069,2020-05-06,7,8,35,50,65,20,4,1,1,0,33.0
1068,2020-05-02,13,16,33,58,68,24,5,1,1,0,37.6
1067,2020-04-29,2,20,49,61,67,20,2,1,3,0,39.8
1066,2020-04-25,1,3,21,47,57,18,2,1,2,1,25.8
1065,2020-04-22,1,33,35,40,69,24,5,1,0,0,35.6
1064,2020-04-18,4,44,46,56,63,19,2,1,0,0,42.6
1063,2020-04-15,10,12,33,36,41,2,3,1,1,0,26.4
1062,2020-04-11,22,29,30,42,47,17,3,1,2,0,34.0
1061,2020-04-08,2,37,39,48,54,5,3,1,2,1,36.0
1060,2020-04-04,8,31,39,40,43,4,3,1,2,0,32.2
1059,2020-04-01,33,35,45,48,60,16,2,1,0,1,44.2
1058,2020-03-28,7,40,48,55,66,11,2,1,1,0,43.2
1057,2020-03-25,5,9,27,39,42,16,2,1,1,0,24.4
1056,2020-03-21,2,23,40,59,69,13,2,1,3,1,38.6
1055,2020-03-18,15,27,44,59,63,8,4,1,1,0,41.6
1054,2020-03-14,9,23,26,30,32,8,3,1,1,0,24.0
1053,2020-03-11,4,29,49,50,67,2,4,1,2,0,39.8
1052,2020-03-07,7,15,21,33,62,23,2,1,1,0,27.6
1051,2020-03-04,18,43,58,60,68,14,2,1,1,0,49.4
1050,2020-02-29,24,44,46,50,51,13,3,1,0,0,43.0
1049,2020-02-26,8,27,29,36,47,24,3,1,2,0,29.4
1048,2020-02-22,25,37,39,61,62,11,3,1,2,0,44.8
1047,2020-02-19,10,12,15,19,56,19,2,1,1,0,22.4
1046,2020-02-15,16,32,35,36,46,3,3,1,0,0,33.0
1045,2020-02-12,14,47,54,55,68,25,2,1,1,0,47.6
1044,2020-02-08,35,49,50,59,66,6,2,1,1,1,51.8
1043,2020-02-05,23,30,35,41,57,2,3,1,2,1,37.2
1042,2020-02-01,12,33,54,57,60,13,4,1,0,2,43.2
1041,2020-01-29,9,12,15,31,60,2,2,1,1,1,25.4
1040,2020-01-25,2,9,17,36,67,18,2,1,3,1,26.2
1039,2020-01-22,11,33,44,59,67,8,3,1,3,0,42.8
1038,2020-01-18,20,24,38,56,68,18,2,1,0,1,41.2
1037,2020-01-15,39,41,53,55,68,19,2,1,2,0,51.2
1036,2020-01-11,3,21,23,31,59,3,2,1,4,0,27.4
1035,2020-01-08,2,4,7,43,56,22,4,1,3,0,22.4
1034,2020-01-04,1,11,21,25,54,7,2,1,1,0,22.4
1033,2020-01-01,49,53,57,59,62,26,2,1,2,1,56.0
1032,2019-12-28,20,23,39,59,60,18,2,1,2,0,40.2
1031,2019-12-25,2,4,16,30,46,20,2,1,1,0,19.6
1030,2019-12-21,19,31,35,50,67,14,2,1,3,0,40.4
1029,2019-12-18,14,18,26,39,68,9,2,1,0,0,33.0
1028,2019-12-14,3,6,12,32,64,19,3,1,1,0,23.4
1027,2019-12-11,24,29,42,44,63,10,4,1,1,1,40.4
1026,2019-12-07,18,42,53,62,66,25,3,1,1,0,48.2
1025,2019-12-04,8,27,44,51,61,14,3,1,1,0,38.2
1024,2019-11-30,15,35,42,63,68,18,4,1,0,1,44.6
1023,2019-11-27,15,26,37,53,55,21,2,1,2,0,37.2
1022,2019-11-23,28,35,38,61,66,23,3,1,1,0,45.6
1021,2019-11-20,7,15,39,40,57,12,2,1,1,0,31.6
1020,2019-11-16,14,22,26,55,63,26,3,1,0,1,36.0
1019,2019-11-13,23,26,27,28,66,11,2,1,1,0,34.0
1018,2019-11-09,14,17,35,38,60,25,2,1,1,0,32.8
1017,2019-11-06,15,28,46,62,64,17,3,1,0,0,43.0
1016,2019-11-02,3,23,32,37,58,22,2,1,3,0,30.6
1015,2019-10-30,19,22,52,56,67,21,2,1,2,0,43.2
1014,2019-10-26,3,20,48,54,59,4,4,1,2,0,36.8
1013,2019-10-23,5,12,50,61,69,23,2,1,2,0,39.4
1012,2019-10-19,14,27,29,59,65,12,2,1,2,0,38.8
1011,2019-10-16,1,5,25,63,67,3,2,1,2,0,32.2
1010,2019-10-12,12,29,34,53,65,23,2,1,2,1,38.6
1009,2019-10-09,5,18,33,43,65,2,2,1,2,0,32.8
1008,2019-10-05,6,14,36,51,54,4,2,1,0,0,32.2
1007,2019-10-02,4,8,10,43,53,7,2,1,2,0,23.6
1006,2019-09-28,15,23,34,51,55,4,2,1,1,0,35.6
1005,2019-09-25,37,43,44,45,53,25,3,1,3,0,44.4
1004,2019-09-21,1,9,22,36,68,22,2,1,0,0,27.2
1003,2019-09-18,14,19,39,47,51,15,3,1,2,0,34.0
1002,2019-09-14,11,27,31,36,67,11,2,1,3,0,34.4
1001,2019-09-11,6,17,24,53,57,3,3,1,2,0,31.4
1000,2019-09-07,11,20,41,42,56,6,2,1,2,0,34.0
999,2019-09-04,4,8,30,52,59,2,10,1,1,0,30.6
998,2019-08-31,14,41,50,56,57,18,5,1,1,2,43.6
997,2019-08-28,9,32,37,41,56,14,10,1,2,0,35.0
996,2019-08-24,5,12,20,21,47,1,2,1,2,2,21.0
995,2019-08-21,12,21,22,29,32,21,2,1,1,1,23.2
994,2019-08-17,18,21,24,30,60,20,3,1,0,1,30.6
993,2019-08-14,10,13,30,51,69,10,2,1,1,0,34.6
992,2019-08-10,35,41,44,58,59,3,3,1,2,1,47.4
991,2019-08-07,8,32,47,53,59,3,3,1,3,0,39.8
990,2019-08-03,3,6,45,66,68,13,2,1,1,0,37.6
989,2019-07-31,14,37,47,55,67,6,2,1,3,0,44.0
988,2019-07-27,1,19,31,48,61,6,2,1,3,0,32.0
987,2019-07-24,22,29,35,53,56,13,2,1,2,0,39.0
986,2019-07-20,5,26,36,64,69,19,3,1,1,0,40.0
985,2019-07-17,19,43,47,60,68,10,2,1,3,1,47.4
984,2019-07-13,13,23,32,35,68,21,3,1,2,1,34.2
983,2019-07-10,7,9,26,44,68,3,3,1,1,0,30.8
982,2019-07-06,4,8,23,46,65,1,2,1,1,0,29.2
981,2019-07-03,40,43,45,50,61,25,3,1,2,0,47.8
980,2019-06-29,13,17,24,59,62,8,2,1,3,0,35.0
979,2019-06-26,1,5,16,22,54,24,3,1,1,0,19.6
978,2019-06-22,3,6,11,14,66,21,2,1,2,0,20.0
977,2019-06-19,4,18,21,26,38,1,3,1,0,0,21.4
976,2019-06-15,8,11,14,16,49,14,3,1,1,0,19.6
975,2019-06-12,5,35,38,42,57,13,2,1,1,1,35.4
974,2019-06-08,9,13,42,48,60,18,2,1,1,0,34.4
973,2019-06-05,17,23,28,34,38,8,3,1,2,1,28.0
972,2019-06-01,6,15,34,45,52,8,2,1,0,1,30.4
971,2019-05-29,3,32,34,42,61,7,2,1,2,0,34.4
970,2019-05-25,1,2,39,43,66,2,3,1,2,0,30.2
969,2019-05-22,7,10,20,44,57,3,2,1,1,1,27.6
968,2019-05-18,2,10,25,66,67,26,4,1,2,0,34.0
967,2019-05-15,7,17,33,61,68,4,2,1,3,0,37.2
966,2019-05-11,6,8,9,37,40,26,2,1,1,0,20.0
965,2019-05-08,1,45,53,64,66,3,3,1,1,0,45.8
964,2019-05-04,6,16,23,30,61,2,2,1,2,1,27.2
963,2019-05-01,5,23,28,56,66,17,5,1,2,0,35.6
962,2019-04-27,2,29,41,45,62,6,3,1,3,0,35.8
961,2019-04-24,6,32,35,36,65,4,5,1,0,1,34.8
960,2019-04-20,3,27,30,63,65,1,3,1,1,0,37.6
959,2019-04-17,1,15,17,46,66,15,3,1,1,1,29.0
958,2019-04-13,4,17,26,32,49,10,2,1,1,0,25.6
957,2019-04-10,12,21,23,39,67,6,4,1,2,0,32.4
956,2019-04-06,15,33,43,59,60,8,3,1,2,0,42.0
955,2019-04-03,16,19,25,32,49,18,2,1,1,0,28.2
954,2019-03-30,21,52,54,64,68,4,3,1,0,0,51.8
953,2019-03-27,16,20,37,44,62,12,3,1,1,0,35.8
952,2019-03-23,24,25,52,60,66,5,3,1,0,0,45.4
951,2019-03-20,10,14,50,53,63,21,2,1,1,1,38.0
950,2019-03-16,30,34,39,53,67,11,2,1,2,0,44.6
949,2019-03-13,18,36,45,47,69,14,3,1,1,1,43.0
948,2019-03-09,5,6,45,55,59,14,3,1,2,1,34.0
947,2019-03-06,6,10,21,35,46,23,2,1,0,0,23.6
946,2019-03-02,1,19,25,27,68,21,2,1,1,0,28.0
945,2019-02-27,21,31,42,49,59,23,5,1,2,0,40.4
944,2019-02-23,4,6,14,20,32,13,2,1,0,0,15.2
943,2019-02-20,27,49,50,51,52,2,2,1,0,0,45.8
942,2019-02-16,29,30,41,48,64,1,4,1,2,0,42.4
941,2019-02-13,2,8,14,24,69,26,2,1,1,1,23.4
940,2019-02-09,1,2,3,7,39,25,3,1,3,0,10.4
939,2019-02-06,5,13,28,38,63,21,5,1,2,0,29.4
938,2019-02-02,10,17,18,43,65,13,5,1,2,0,30.6
937,2019-01-30,2,12,16,29,54,6,2,1,2,1,22.6
936,2019-01-26,8,12,20,21,32,10,4,1,0,0,18.6
935,2019-01-23,23,25,47,48,50,24,3,1,2,0,38.6
934,2019-01-19,5,8,41,65,66,20,3,1,2,0,37.0
933,2019-01-16,14,29,31,56,61,1,2,1,3,0,38.2
932,2019-01-12,7,36,48,57,58,24,2,1,1,0,41.2
931,2019-01-09,6,19,37,49,59,22,3,1,3,0,34.0
930,2019-01-05,3,7,15,27,69,19,2,1,2,0,24.2
929,2019-01-02,8,12,42,46,56,12,2,1,0,2,32.8
928,2018-12-29,12,42,51,53,62,25,2,1,1,0,44.0
927,2018-12-26,5,25,38,52,67,24,2,1,2,0,37.4
926,2018-12-22,21,28,30,40,59,26,3,1,1,0,35.6
925,2018-12-19,15,29,31,37,43,16,2,1,4,1,31.0
924,2018-12-15,8,38,43,52,55,17,3,1,1,0,39.2
923,2018-12-12,4,9,21,29,64,26,2,1,1,0,25.4
922,2018-12-08,14,32,34,46,61,10,2,1,1,0,37.4
921,2018-12-05,9,11,36,37,38,11,5,1,2,1,26.2
920,2018-12-01,10,11,47,55,58,26,2,1,2,0,36.2
919,2018-11-28,4,19,59,68,69,21,2,1,2,0,43.8
918,2018-11-24,11,33,51,56,58,18,2,1,1,0,41.8
917,2018-11-21,7,14,23,38,55,18,2,1,2,0,27.4
916,2018-11-17,6,8,20,52,68,5,2,1,0,0,30.8
915,2018-11-14,7,42,49,62,69,23,5,1,1,0,45.8
914,2018-11-10,5,29,34,53,57,24,2,1,3,1,35.6
913,2018-11-07,26,28,34,42,50,25,2,1,0,0,36.0
912,2018-11-03,15,21,24,32,65,11,3,1,0,0,31.4
911,2018-10-31,7,25,39,40,47,20,3,1,2,0,31.6
910,2018-10-27,8,12,13,19,27,4,3,1,2,0,15.8
909,2018-10-24,3,21,45,53,56,22,2,1,2,0,35.6
908,2018-10-20,16,54,57,62,69,23,2,1,0,2,51.6
907,2018-10-17,3,57,64,68,69,15,3,1,1,0,52.2
906,2018-10-13,11,14,32,43,65,15,3,1,2,0,33.0
905,2018-10-10,8,23,27,42,60,7,3,1,1,1,32.0
904,2018-10-06,1,22,27,53,67,15,3,1,2,1,34.0
903,2018-10-03,41,53,59,63,66,3,3,1,3,1,56.4
902,2018-09-29,9,17,34,59,64,22,2,1,2,0,36.6
901,2018-09-26,1,2,7,30,50,8,5,1,2,0,18.0
900,2018-09-22,24,61,63,64,69,18,5,1,1,0,56.2
899,2018-09-19,4,39,48,50,51,11,3,1,0,0,38.4
898,2018-09-15,2,18,19,24,34,3,3,1,2,0,19.4
897,2018-09-12,6,28,48,63,64,24,2,1,0,0,41.8
896,2018-09-08,3,13,20,32,33,21,3,1,2,0,20.2
895,2018-09-05,6,15,50,59,60,13,2,1,1,0,38.0
894,2018-09-01,11,54,55,61,66,9,3,1,2,0,49.4
893,2018-08-29,25,41,53,57,67,12,2,1,3,2,48.6
892,2018-08-25,20,25,54,57,63,8,2,1,0,0,43.8
891,2018-08-22,1,7,45,47,69,13,2,1,2,0,33.8
890,2018-08-18,24,34,52,61,67,16,3,1,2,0,47.6
889,2018-08-15,12,15,28,47,48,16,2,1,1,0,30.0
888,2018-08-11,5,43,56,62,68,24,2,1,2,1,46.8
887,2018-08-08,10,21,30,43,63,17,2,1,1,0,33.4
886,2018-08-04,3,11,38,44,58,2,4,1,2,2,30.8
885,2018-08-01,5,22,32,38,58,26,2,1,1,1,31.0
884,2018-07-28,22,27,46,56,65,13,2,1,0,0,43.2
883,2018-07-25,2,18,41,44,64,26,2,1,2,0,33.8
882,2018-07-21,9,23,56,58,68,1,2,1,1,0,42.8
881,2018-07-18,1,10,27,28,36,12,2,1,0,0,20.4
880,2018-07-14,22,41,42,49,67,11,3,1,2,0,44.2
879,2018-07-11,19,21,27,46,47,7,4,1,2,0,32.0
878,2018-07-07,1,10,43,45,64,22,3,1,1,0,32.6
877,2018-07-04,4,7,15,41,44,10,2,1,2,0,22.2
876,2018-06-30,3,9,20,42,61,24,2,1,2,0,27.0
875,2018-06-27,7,28,37,62,63,15,2,1,2,0,39.4
874,2018-06-23,16,29,43,45,56,25,2,1,2,1,37.8
873,2018-06-20,4,14,23,27,56,13,2,1,1,0,24.8
872,2018-06-16,9,45,57,58,65,9,2,1,0,1,46.8
871,2018-06-13,13,20,38,45,55,1,2,1,1,0,34.2
870,2018-06-09,6,10,15,25,36,14,3,1,0,0,18.4
869,2018-06-06,23,28,41,53,56,14,3,1,3,1,40.2
868,2018-06-02,23,25,37,44,64,7,4,1,2,1,38.6
867,2018-05-30,17,23,26,46,68,20,2,1,2,0,36.0
866,2018-05-26,1,21,31,45,49,21,2,1,1,0,29.4
865,2018-05-23,20,54,56,61,64,7,4,1,1,1,51.0
864,2018-05-19,3,6,9,17,56,25,3,1,2,1,18.2
863,2018-05-16,17,19,21,22,51,19,2,1,2,1,26.0
862,2018-05-12,22,42,45,55,56,14,3,1,0,0,44.0
861,2018-05-09,11,16,38,50,69,19,2,1,1,0,36.8
860,2018-05-05,14,29,36,57,61,17,4,1,2,1,39.4
859,2018-05-02,5,14,31,40,50,6,2,1,2,1,28.0
858,2018-04-28,20,22,28,45,50,8,5,1,0,0,33.0
857,2018-04-25,17,18,39,56,64,12,3,1,1,0,38.8
856,2018-04-21,40,50,54,62,69,19,2,1,0,0,55.0
855,2018-04-18,9,10,12,17,23,9,2,1,2,1,14.2
854,2018-04-14,17,19,26,61,62,15,2,1,3,0,37.0
853,2018-04-11,16,18,27,55,67,18,3,1,1,0,36.6
852,2018-04-07,2,17,20,38,39,20,2,1,2,0,23.2
851,2018-04-04,8,24,42,54,64,24,4,1,0,2,38.4
850,2018-03-31,8,24,52,55,61,21,3,1,1,2,40.0
849,2018-03-28,6,8,26,52,53,21,2,1,1,1,29.0
848,2018-03-24,10,33,45,53,56,24,3,1,1,0,39.4
847,2018-03-21,3,4,18,29,61,25,2,1,3,0,23.0
846,2018-03-17,22,57,59,60,66,7,2,1,1,0,52.8
845,2018-03-14,6,12,24,41,68,9,3,1,1,0,30.2
844,2018-03-10,43,44,54,61,69,22,3,1,2,0,54.2
843,2018-03-07,6,13,19,36,51,18,2,1,2,2,25.0
842,2018-03-03,13,17,25,36,40,5,2,1,2,0,26.2
841,2018-02-28,12,30,59,65,69,16,5,1,1,0,47.0
840,2018-02-24,24,25,38,62,63,6,2,1,0,0,42.4
839,2018-02-21,7,15,31,34,36,8,3,1,2,0,24.6
838,2018-02-17,13,26,39,44,62,2,3,1,1,2,36.8
837,2018-02-14,37,39,44,46,69,26,2,1,1,0,47.0
836,2018-02-10,1,13,27,41,59,20,5,1,3,0,28.2
835,2018-02-07,23,34,35,40,47,10,2,1,2,1,35.8
834,2018-02-03,15,23,27,48,53,6,2,1,2,0,33.2
833,2018-01-31,4,7,14,46,59,22,10,1,2,0,26.0
832,2018-01-27,17,21,26,47,54,7,2,1,2,0,33.0
831,2018-01-24,5,9,11,33,64,21,3,1,2,0,24.4
830,2018-01-20,26,28,47,49,58,3,4,1,1,0,41.6
829,2018-01-17,3,33,37,51,57,21,2,1,2,0,36.2
828,2018-01-13,14,25,35,58,69,24,2,1,0,0,40.2
827,2018-01-10,7,24,33,49,50,4,5,1,1,1,32.6
826,2018-01-06,12,61,30,29,33,26,3,1,2,0,33.0
825,2018-01-03,2,18,37,39,42,12,3,1,2,0,27.6
824,2017-12-30,28,36,41,51,58,24,2,1,1,0,42.8
823,2017-12-27,3,9,16,56,60,3,3,1,1,1,28.8
822,2017-12-23,1,3,13,15,44,25,2,1,2,1,15.2
821,2017-12-20,1,20,61,64,69,20,2,1,1,0,43.0
820,2017-12-16,9,35,37,50,63,11,2,1,1,0,38.8
819,2017-12-13,2,24,28,51,58,7,3,1,1,0,32.6
818,2017-12-09,25,36,37,55,60,6,5,1,1,1,42.6
817,2017-12-06,19,20,50,55,62,9,2,1,1,0,41.2
816,2017-12-02,28,30,32,36,58,6,3,1,0,1,36.8
815,2017-11-29,24,26,28,59,63,16,3,1,1,0,40.0
814,2017-11-25,8,13,27,53,54,4,2,1,2,0,31.0
813,2017-11-22,35,37,46,51,61,13,2,1,2,0,46.0
812,2017-11-18,17,28,31,32,39,26,3,1,2,1,29.4
811,2017-11-15,23,32,44,48,50,25,2,1,1,0,39.4
810,2017-11-11,4,6,16,30,56,18,2,1,0,0,22.4
809,2017-11-08,12,14,20,21,34,22,2,1,0,2,20.2
808,2017-11-04,12,14,26,48,51,13,3,1,0,1,30.2
807,2017-11-01,3,6,19,26,44,1,2,1,2,0,19.6
806,2017-10-28,27,35,38,57,66,10,2,1,0,1,44.6
805,2017-10-25,18,22,29,54,57,8,3,1,1,0,36.0
804,2017-10-21,14,41,42,45,69,4,2,1,1,1,42.2
803,2017-10-18,30,49,54,66,69,8,2,1,0,2,53.6
802,2017-10-14,32,37,56,66,69,11,3,1,1,1,52.0
801,2017-10-11,1,3,13,19,69,23,2,1,3,0,21.0
800,2017-10-07,10,49,61,63,65,7,2,1,1,1,49.6
799,2017-10-04,22,23,62,63,66,24,2,1,1,0,47.2
798,2017-09-30,8,12,25,41,64,15,3,1,1,2,30.0
797,2017-09-27,8,10,21,23,25,22,3,1,1,0,17.4
796,2017-09-23,24,45,55,56,57,19,2,1,0,0,47.4
795,2017-09-20,39,48,53,67,68,26,3,1,2,0,55.0
794,2017-09-16,17,18,24,25,31,24,2,1,2,2,23.0
793,2017-09-13,17,24,35,57,63,19,3,1,1,1,39.2
792,2017-09-09,6,20,29,57,59,22,2,1,2,0,34.2
791,2017-09-06,8,14,32,58,67,17,3,1,1,0,35.8
790,2017-09-02,6,21,41,52,62,26,2,1,1,0,36.4
789,2017-08-30,19,28,43,67,69,7,2,1,3,0,45.2
788,2017-08-26,7,15,32,38,66,15,2,1,1,1,31.6
787,2017-08-23,6,7,16,23,26,4,4,1,2,0,15.6
786,2017-08-19,17,19,39,43,68,13,4,1,3,1,37.2
785,2017-08-16,9,15,43,60,64,4,3,1,1,0,38.2
784,2017-08-12,20,24,26,35,49,19,2,1,0,0,30.8
783,2017-08-09,12,30,36,47,62,9,4,1,1,0,37.4
782,2017-08-05,11,21,28,33,45,11,2,1,1,0,27.6
781,2017-08-02,1,16,54,63,69,18,3,1,0,1,40.6
780,2017-07-29,1,28,40,45,48,12,2,1,0,0,32.4
779,2017-07-26,7,19,21,42,69,12,2,1,2,0,31.6
778,2017-07-22,5,32,44,53,60,9,3,1,2,0,38.8
777,2017-07-19,50,51,59,61,63,4,5,1,2,1,56.8
776,2017-07-15,9,40,63,64,66,17,2,1,0,0,48.4
775,2017-07-12,1,2,18,23,61,9,2,1,3,0,21.0
774,2017-07-08,8,10,29,40,59,26,2,1,2,0,29.2
773,2017-07-05,4,9,16,54,68,21,2,1,0,0,30.2
772,2017-07-01,19,42,45,48,53,16,3,1,2,1,41.4
771,2017-06-28,29,37,46,53,68,8,2,1,3,0,46.6
770,2017-06-24,10,22,32,36,58,10,4,1,0,0,31.6
769,2017-06-21,14,46,61,65,68,13,2,1,1,0,50.8
768,2017-06-17,10,13,32,53,62,21,2,1,2,0,34.0
767,2017-06-14,5,22,43,57,63,24,2,1,2,2,38.0
766,2017-06-07,5,21,57,66,69,13,3,1,1,1,43.6
765,2017-06-03,3,9,21,41,54,25,4,1,2,0,25.6
764,2017-05-31,4,33,39,46,60,6,2,1,0,0,36.4
763,2017-05-27,5,10,28,55,67,9,3,1,2,1,33.0
762,2017-05-24,28,32,33,38,62,15,2,1,0,0,38.6
761,2017-05-20,5,22,45,47,54,3,2,1,2,1,34.6
760,2017-05-17,4,11,39,45,48,9,3,1,1,0,29.4
759,2017-05-13,17,20,32,63,68,19,5,1,1,0,40.0
758,2017-05-10,29,31,46,56,62,8,2,1,2,1,44.8
757,2017-05-06,11,21,31,41,59,21,3,1,4,1,32.6
756,2017-05-03,17,18,49,59,66,9,2,1,2,0,41.8
755,2017-04-29,22,23,24,45,62,5,2,1,1,0,35.2
754,2017-04-26,1,15,18,26,51,26,4,1,0,0,22.2
753,2017-04-22,21,39,41,48,63,6,3,1,1,0,42.4
752,2017-04-19,1,19,37,40,52,15,3,1,2,0,29.8
751,2017-04-15,5,22,26,45,61,13,3,1,2,1,31.8
750,2017-04-12,8,14,61,63,68,24,2,1,1,0,42.8
749,2017-04-08,23,36,51,53,60,15,2,1,2,1,44.6
748,2017-04-05,8,20,46,53,54,13,2,1,1,0,36.2
747,2017-04-01,9,32,36,44,65,1,3,1,0,1,37.2
746,2017-03-29,8,15,31,36,62,11,3,1,1,1,30.4
745,2017-03-25,18,31,32,45,48,16,4,1,1,0,34.8
744,2017-03-22,2,9,27,29,42,9,2,1,2,0,21.8
743,2017-03-18,13,25,44,54,67,5,3,1,2,0,40.6
742,2017-03-15,16,30,41,48,53,16,3,1,2,1,37.6
741,2017-03-11,1,26,41,50,57,11,2,1,1,0,35.0
740,2017-03-08,23,33,42,46,59,4,2,1,2,0,40.6
739,2017-03-04,2,18,19,22,63,19,3,1,2,0,24.8
738,2017-03-01,10,16,40,52,55,17,10,1,0,0,34.6
737,2017-02-25,6,32,47,62,65,19,2,1,1,0,42.4
736,2017-02-22,10,13,28,52,61,2,2,1,2,0,32.8
735,2017-02-18,3,7,9,31,33,20,3,1,3,1,16.6
734,2017-02-15,5,28,33,38,42,19,2,1,1,1,29.2
733,2017-02-11,5,9,17,37,64,2,2,1,3,0,26.4
732,2017-02-08,14,20,42,49,66,5,2,1,0,0,38.2
731,2017-02-04,6,13,16,17,52,25,3,1,2,0,20.8
730,2017-02-01,9,43,57,60,64,10,2,1,1,0,46.6
729,2017-01-28,12,20,39,49,69,17,2,1,0,0,37.8
728,2017-01-25,18,28,62,66,68,22,2,1,0,0,48.4
727,2017-01-21,23,25,45,52,67,2,2,1,2,0,42.4
726,2017-01-18,9,40,41,53,58,12,2,1,2,0,40.2
725,2017-01-14,23,55,59,64,69,13,5,1,2,0,54.0
724,2017-01-11,1,3,13,16,43,24,2,1,3,1,15.2
723,2017-01-07,3,12,24,37,63,10,2,1,2,0,27.8
722,2017-01-04,16,17,29,41,42,4,3,1,3,0,29.0
721,2016-12-31,1,3,28,57,67,9,2,1,2,0,31.2
720,2016-12-28,16,23,30,44,58,4,2,1,1,0,34.2
719,2016-12-24,28,38,42,51,52,21,2,1,0,0,42.2
718,2016-12-21,25,33,40,54,68,3,5,1,0,1,44.0
717,2016-12-17,1,8,16,40,48,10,2,1,0,0,22.6
716,2016-12-14,18,26,37,39,66,15,3,1,1,1,37.2
715,2016-12-10,12,21,32,44,66,15,2,1,0,0,35.0
714,2016-12-07,41,48,49,53,64,20,2,1,2,0,51.0
713,2016-12-03,8,10,26,27,33,22,2,1,0,0,20.8
712,2016-11-30,3,14,18,25,45,7,2,1,1,0,21.0
711,2016-11-26,17,19,21,37,44,16,2,1,3,0,27.6
710,2016-11-23,7,32,41,47,61,3,2,1,4,1,37.6
709,2016-11-19,16,24,28,43,61,21,2,1,2,2,34.4
708,2016-11-16,28,41,61,63,65,7,2,1,2,0,51.6
707,2016-11-12,8,17,20,27,52,24,2,1,1,0,24.8
706,2016-11-09,1,25,28,31,54,2,2,1,1,1,27.8
705,2016-11-05,21,31,50,51,69,8,3,1,1,0,44.4
704,2016-11-02,13,18,37,54,61,5,2,1,3,0,36.6
703,2016-10-29,19,20,21,42,48,23,3,1,1,1,30.0
702,2016-10-26,2,3,16,48,56,24,2,1,2,1,25.0
701,2016-10-22,1,28,33,55,56,22,2,1,0,0,34.6
700,2016-10-19,10,16,38,43,63,23,2,1,1,0,34.0
699,2016-10-15,23,49,57,64,67,20,2,1,2,0,52.0
698,2016-10-12,16,30,34,37,44,16,2,1,1,0,32.2
697,2016-10-08,3,54,61,64,68,9,2,1,2,0,50.0
696,2016-10-05,8,18,27,29,60,15,2,1,1,0,28.4
695,2016-10-01,2,12,50,61,64,1,2,1,2,0,37.8
694,2016-09-28,30,38,52,53,62,1,3,1,1,0,47.0
693,2016-09-24,7,15,20,29,41,22,2,1,3,0,22.4
692,2016-09-21,1,28,63,67,69,17,4,1,1,0,45.6
691,2016-09-17,9,19,51,55,62,14,4,1,1,0,39.2
690,2016-09-14,10,11,23,28,31,14,2,1,3,0,20.6
689,2016-09-10,3,17,49,55,68,8,2,1,2,1,38.4
688,2016-09-07,22,23,29,33,55,21,2,1,2,0,32.4
687,2016-09-03,7,39,50,59,67,25,3,1,3,0,44.4
686,2016-08-31,5,10,24,56,61,12,2,1,2,0,31.2
685,2016-08-27,4,32,48,49,63,20,2,1,0,0,39.2
684,2016-08-24,9,11,25,64,65,16,3,1,1,0,34.8
683,2016-08-20,3,6,21,60,68,24,2,1,1,0,31.6
682,2016-08-17,33,44,49,50,52,8,3,1,0,1,45.6
681,2016-08-13,38,44,60,64,69,6,2,1,0,1,55.0
680,2016-08-10,23,56,61,64,67,12,5,1,3,0,54.2
679,2016-08-06,20,33,36,47,52,12,3,1,1,0,37.6
678,2016-08-03,9,11,27,66,67,2,3,1,2,1,36.0
677,2016-07-30,11,17,21,23,32,5,2,1,3,0,20.8
676,2016-07-27,10,47,50,65,68,24,2,1,1,0,48.0
675,2016-07-23,5,7,23,35,39,11,2,1,3,1,21.8
674,2016-07-20,6,25,35,58,66,5,2,1,0,0,38.0
673,2016-07-16,11,17,40,50,62,26,2,1,2,0,36.0
672,2016-07-13,3,15,29,54,57,10,3,1,2,0,31.6
671,2016-07-09,10,28,32,61,64,12,3,1,1,0,39.0
670,2016-07-06,2,24,31,57,66,18,3,1,2,0,36.0
669,2016-07-02,10,34,39,59,63,4,2,1,1,0,41.0
668,2016-06-29,23,29,37,60,64,6,2,1,3,0,42.6
667,2016-06-25,3,27,36,56,69,25,2,1,1,0,38.2
666,2016-06-22,14,40,42,43,52,17,3,1,1,0,38.2
665,2016-06-18,2,23,41,53,63,11,2,1,4,0,36.4
664,2016-06-15,4,22,24,31,33,10,2,1,1,0,22.8
663,2016-06-11,20,27,36,41,58,7,2,1,1,0,36.4
662,2016-06-08,12,25,37,60,69,20,3,1,1,0,40.6
661,2016-06-04,16,20,22,43,64,17,2,1,1,0,33.0
660,2016-06-01,23,30,33,40,69,12,5,1,1,1,39.0
659,2016-05-28,6,33,34,58,59,12,2,1,1,1,38.0
658,2016-05-25,11,24,41,59,64,15,3,1,3,0,39.8
657,2016-05-21,5,7,9,23,32,26,4,1,3,1,15.2
656,2016-05-18,23,25,39,54,67,11,3,1,2,0,41.6
655,2016-05-14,13,27,47,64,65,9,3,1,2,0,43.2
654,2016-05-11,20,32,52,66,69,23,3,1,0,1,47.8
653,2016-05-07,5,25,26,44,66,9,2,1,1,1,33.2
652,2016-05-04,30,47,57,66,69,3,3,1,1,0,53.8
651,2016-04-30,3,12,16,32,34,14,3,1,1,0,19.4
650,2016-04-27,2,25,33,39,64,17,2,1,1,0,32.6
649,2016-04-23,19,35,46,59,62,13,5,1,2,1,44.2
648,2016-04-20,12,25,30,52,62,8,3,1,0,1,36.2
647,2016-04-16,3,18,25,32,51,3,2,1,1,0,25.8
646,2016-04-13,30,33,35,38,64,22,3,1,0,0,40.0
645,2016-04-09,14,22,23,41,61,9,3,1,3,0,32.2
644,2016-04-06,4,28,49,60,65,25,2,1,0,1,41.2
643,2016-04-02,9,28,30,40,61,3,2,1,1,0,33.6
642,2016-03-30,24,44,53,55,63,19,2,1,1,0,47.8
641,2016-03-26,11,23,42,52,68,6,3,1,2,0,39.2
640,2016-03-23,5,8,15,22,49,25,3,1,1,0,19.8
639,2016-03-19,11,23,43,54,60,3,3,1,3,0,38.2
638,2016-03-16,10,12,13,46,50,21,3,1,1,1,26.2
637,2016-03-12,11,28,50,57,62,23,2,1,1,0,41.6
636,2016-03-09,14,23,32,34,68,3,3,1,1,1,34.2
635,2016-03-05,3,27,34,59,69,19,2,1,2,0,38.4
634,2016-03-02,12,13,44,52,62,6,2,1,1,0,36.6
633,2016-02-27,10,11,21,22,53,18,3,1,2,1,23.4
632,2016-02-24,21,31,64,65,67,5,3,1,2,0,49.6
631,2016-02-20,11,12,15,16,54,25,5,1,1,0,21.6
630,2016-02-17,7,17,27,29,40,25,2,1,3,1,24.0
629,2016-02-13,7,15,18,19,36,20,2,1,2,0,19.0
628,2016-02-10,2,3,40,50,62,5,2,1,2,0,31.4
627,2016-02-06,4,13,31,36,52,8,3,1,2,1,27.2
626,2016-02-03,26,28,31,60,67,23,3,1,2,1,42.4
625,2016-01-30,5,12,16,31,43,18,4,1,3,1,21.4
624,2016-01-27,3,12,40,52,67,21,2,1,2,1,34.8
623,2016-01-23,22,32,34,40,69,19,4,1,0,1,39.4
622,2016-01-20,5,39,44,47,69,24,5,1,2,0,40.8
621,2016-01-16,3,51,52,61,64,6,2,1,2,0,46.2
620,2016-01-13,4,8,19,27,34,10,2,1,1,2,18.4
619,2016-01-09,16,19,32,34,57,13,3,1,1,0,31.6
618,2016-01-06,2,11,47,62,63,17,3,1,3,0,37.0
617,2016-01-02,5,6,15,29,42,10,2,1,2,0,19.4
616,2015-12-30,12,36,38,54,61,22,3,1,1,0,40.2
615,2015-12-26,27,40,44,59,65,20,2,1,1,0,47.0
614,2015-12-23,16,38,55,63,67,25,4,1,1,0,47.8
613,2015-12-19,28,30,41,59,68,10,2,1,2,0,45.2
612,2015-12-16,9,10,32,42,55,6,2,1,0,0,29.6
611,2015-12-12,2,14,19,30,62,22,2,1,2,0,25.4
610,2015-12-09,7,10,16,46,56,1,2,1,1,0,27.0
609,2015-12-05,13,27,33,47,68,13,2,1,2,0,37.6
608,2015-12-02,14,18,19,32,64,9,2,1,1,0,29.4
607,2015-11-28,2,6,47,66,67,2,3,1,3,0,37.6
606,2015-11-25,16,29,53,58,69,21,2,1,2,0,45.0
605,2015-11-21,37,47,50,52,57,21,3,1,2,0,48.6
604,2015-11-18,17,40,41,46,69,6,2,1,2,0,42.6
603,2015-11-14,14,22,37,45,66,5,3,1,1,0,36.8
602,2015-11-11,4,26,32,55,64,18,3,1,0,0,36.2
601,2015-11-07,7,16,25,50,53,15,2,1,2,0,30.2
600,2015-11-04,2,12,17,20,65,17,4,1,2,1,23.2
599,2015-10-31,9,20,25,47,68,7,2,1,1,0,33.8
598,2015-10-28,4,54,56,62,63,10,2,1,0,1,47.8
597,2015-10-24,20,31,56,60,64,2,3,1,1,1,46.2
596,2015-10-21,30,32,42,56,57,11,4,1,0,1,43.4
595,2015-10-17,48,49,57,62,69,19,3,1,0,0,57.0
594,2015-10-14,15,20,29,31,40,1,2,1,2,1,27.0
593,2015-10-10,12,27,29,43,68,1,2,1,2,0,35.8
592,2015-10-07,18,30,40,48,52,9,3,1,0,0,37.6
591,2015-10-03,6,26,33,44,46,4,2,1,0,0,31.0
590,2015-09-30,21,39,40,55,59,17,3,1,1,0,42.8
589,2015-09-26,23,31,42,50,57,5,3,1,2,0,40.6
588,2015-09-23,8,29,41,51,58,5,2,1,2,0,37.4
587,2015-09-19,12,17,26,43,48,24,2,1,2,0,29.2
586,2015-09-16,5,7,24,31,39,7,3,1,3,0,21.2
585,2015-09-12,2,3,13,16,35,27,3,1,3,0,13.8
584,2015-09-09,44,45,47,50,51,8,2,1,1,1,47.4
583,2015-09-05,10,16,18,29,45,19,2,1,1,0,23.6
582,2015-09-02,17,22,30,46,56,16,3,1,1,0,34.2
581,2015-08-29,18,21,25,28,29,16,2,1,1,0,24.2
580,2015-08-26,2,22,32,45,56,12,5,1,1,0,31.4
579,2015-08-22,4,12,14,21,55,7,4,1,0,0,21.2
578,2015-08-19,6,8,43,48,50,7,2,1,1,0,31.0
577,2015-08-15,3,13,17,42,52,24,4,1,3,2,25.4
576,2015-08-12,8,13,29,38,52,28,2,1,2,1,28.0
575,2015-08-08,9,34,48,52,54,15,4,1,0,1,39.4
574,2015-08-05,9,11,14,16,42,19,2,1,1,0,18.4
573,2015-08-01,7,13,24,49,57,15,3,1,2,0,30.0
572,2015-07-29,4,22,27,28,52,35,3,1,0,1,26.6
571,2015-07-25,27,29,34,41,44,2,3,1,2,1,35.0
570,2015-07-22,12,31,43,44,57,11,2,1,2,0,37.4
569,2015-07-18,6,37,39,45,55,33,3,1,1,1,36.4
568,2015-07-15,13,16,34,45,50,11,2,1,1,0,31.6
567,2015-07-11,11,39,46,52,54,3,2,1,1,0,40.4
566,2015-07-08,4,15,25,27,30,18,3,1,0,0,20.2
565,2015-07-04,3,6,14,18,24,21,3,1,1,1,13.0
564,2015-07-01,7,24,26,31,41,25,2,1,3,0,25.8
563,2015-06-27,18,28,35,46,49,27,5,1,0,0,35.2
562,2015-06-24,3,5,10,22,32,7,4,1,2,1,14.4
561,2015-06-20,9,10,16,20,57,15,2,1,0,1,22.4
560,2015-06-17,20,21,22,41,54,7,3,1,1,2,31.6
559,2015-06-13,29,41,48,52,54,29,2,1,2,1,44.8
558,2015-06-10,31,32,48,49,53,25,2,1,2,0,42.6
557,2015-06-06,8,13,18,27,43,15,4,1,2,2,21.8
556,2015-06-03,6,8,13,37,40,11,2,1,2,1,20.8
555,2015-05-30,8,9,25,56,57,22,2,1,0,1,31.0
554,2015-05-27,8,15,34,53,59,23,2,1,2,1,33.8
553,2015-05-23,9,15,17,31,43,16,4,1,3,0,23.0
552,2015-05-20,1,12,28,35,44,25,3,1,0,0,24.0
551,2015-05-16,24,29,38,48,52,32,2,1,1,1,38.2
550,2015-05-13,1,25,29,31,47,7,3,1,3,0,26.6
549,2015-05-09,4,15,17,35,58,17,3,1,1,0,25.8
548,2015-05-06,23,24,27,39,41,30,5,1,2,0,30.8
547,2015-05-02,2,6,11,30,31,33,3,1,3,0,16.0
546,2015-04-29,1,26,34,38,51,6,3,1,0,1,30.0
545,2015-04-25,21,33,35,38,45,12,2,1,0,0,34.4
544,2015-04-22,10,14,25,39,53,18,2,1,1,0,28.2
543,2015-04-18,13,22,23,29,31,17,3,1,4,1,23.6
542,2015-04-15,1,16,21,29,40,30,3,1,1,1,21.4
541,2015-04-11,1,12,32,42,58,12,2,1,0,2,29.0
540,2015-04-08,1,19,45,46,58,29,2,1,1,0,33.8
539,2015-04-04,33,39,40,41,54,28,3,1,1,2,41.4
538,2015-04-01,2,30,33,39,44,1,3,1,1,1,29.6
537,2015-03-28,2,4,6,12,38,17,3,1,1,0,12.4
536,2015-03-25,7,19,23,50,54,14,2,1,3,0,30.6
535,2015-03-21,11,16,30,38,42,7,4,1,1,1,27.4
534,2015-03-18,14,25,30,33,47,8,2,1,1,2,29.8
533,2015-03-14,8,14,39,46,47,18,2,1,1,0,30.8
532,2015-03-11,11,24,31,40,44,27,2,1,2,0,30.0
531,2015-03-07,34,36,38,42,50,33,4,1,0,1,40.0
530,2015-03-04,8,12,15,35,50,32,2,1,0,0,24.0
529,2015-02-28,11,17,25,28,46,12,2,1,2,1,25.4
528,2015-02-25,17,19,21,32,39,8,3,1,2,0,25.6
527,2015-02-21,10,14,18,34,51,26,2,1,0,0,25.4
526,2015-02-18,1,9,29,32,49,22,2,1,1,1,24.0
525,2015-02-14,1,24,44,45,51,28,2,1,0,0,33.0
524,2015-02-11,11,13,25,39,54,19,3,1,2,0,28.4
523,2015-02-07,5,10,21,34,58,33,5,1,1,0,25.6
522,2015-02-04,24,36,51,52,56,22,2,1,0,0,43.8
521,2015-01-31,5,11,16,26,50,34,2,1,2,0,21.6
520,2015-01-28,12,24,35,36,49,1,5,1,0,0,31.2
519,2015-01-24,16,19,20,29,33,10,2,1,2,0,23.4
518,2015-01-21,11,12,15,28,57,23,4,1,1,1,24.6
517,2015-01-17,15,16,23,27,36,9,2,1,1,0,23.4
516,2015-01-14,2,4,10,41,53,22,5,1,3,1,22.0
515,2015-01-10,2,9,19,28,29,19,5,1,3,0,17.4
514,2015-01-07,14,15,47,49,59,10,2,1,2,0,36.8
513,2015-01-03,4,18,43,46,55,25,3,1,1,0,33.2
512,2014-12-31,17,27,37,40,53,35,2,1,3,0,34.8
511,2014-12-27,7,10,11,14,36,15,2,1,2,1,15.6
510,2014-12-24,11,12,46,47,50,22,4,1,2,0,33.2
509,2014-12-20,14,15,19,31,56,5,5,1,2,1,27.0
508,2014-12-17,22,31,38,47,48,15,3,1,2,0,37.2
507,2014-12-13,5,13,28,43,55,33,3,1,3,1,28.8
506,2014-12-10,34,44,48,54,55,10,2,1,0,0,47.0
505,2014-12-06,12,15,22,43,49,14,2,1,1,0,28.2
504,2014-12-03,25,30,32,46,54,26,3,1,0,1,37.4
503,2014-11-29,13,24,30,42,48,27,2,1,1,0,31.4
502,2014-11-26,16,17,22,46,54,35,5,1,1,1,31.0
501,2014-11-22,23,49,53,54,57,35,2,1,2,0,47.2
500,2014-11-19,6,36,38,48,51,17,2,1,0,1,35.8
499,2014-11-15,13,16,33,35,51,28,2,1,1,1,29.6
498,2014-11-12,37,39,51,52,55,11,3,1,1,0,46.8
497,2014-11-08,9,19,33,38,54,15,3,1,1,1,30.6
496,2014-11-05,2,11,19,21,42,34,3,1,3,0,19.0
495,2014-11-01,1,3,13,25,38,17,2,1,2,1,16.0
494,2014-10-29,25,28,48,57,59,16,3,1,1,1,43.4
493,2014-10-25,6,10,51,54,57,12,2,1,0,0,35.6
492,2014-10-22,29,30,40,42,50,16,2,1,1,0,38.2
491,2014-10-18,20,26,27,36,54,19,2,1,0,1,32.6
490,2014-10-15,5,7,19,27,28,20,2,1,3,1,17.2
489,2014-10-11,10,19,37,38,39,28,2,1,2,0,28.6
488,2014-10-08,5,16,31,46,50,18,3,1,2,0,29.6
487,2014-10-04,13,18,24,25,33,31,2,1,1,1,22.6
486,2014-10-01,1,4,18,20,45,7,2,1,0,0,17.6
485,2014-09-27,2,11,35,52,54,13,3,1,2,0,30.8
484,2014-09-24,7,14,21,24,41,26,4,1,2,0,21.4
483,2014-09-20,22,23,30,37,39,16,4,1,2,0,30.2
482,2014-09-17,18,25,36,48,50,23,2,1,0,0,35.4
481,2014-09-13,1,6,16,37,53,27,3,1,2,0,22.6
480,2014-09-10,2,14,39,40,43,13,5,1,2,1,27.6
479,2014-09-06,9,29,31,43,50,18,2,1,3,1,32.4
478,2014-09-03,2,16,43,45,51,35,3,1,2,0,31.4
477,2014-08-30,5,28,31,52,59,27,2,1,3,0,35.0
476,2014-08-27,17,24,26,45,46,19,3,1,1,0,31.6
475,2014-08-23,28,32,35,36,52,31,3,1,0,0,36.6
474,2014-08-20,4,8,21,38,40,3,2,1,0,1,22.2
473,2014-08-16,7,8,17,48,59,9,2,1,3,1,27.8
472,2014-08-13,8,37,39,40,52,24,2,1,1,0,35.2
471,2014-08-09,3,12,31,34,51,24,2,1,2,0,26.2
470,2014-08-06,1,8,24,28,49,24,5,1,0,0,22.0
469,2014-08-02,12,26,44,46,47,29,2,1,1,0,35.0
468,2014-07-30,13,30,42,49,53,29,3,1,2,1,37.4
467,2014-07-26,24,28,30,38,39,16,2,1,0,0,31.8
466,2014-07-23,4,10,12,22,31,3,5,1,1,1,15.8
465,2014-07-19,10,17,25,45,53,9,2,1,2,0,30.0
464,2014-07-16,5,15,18,26,32,35,3,1,1,0,19.2
463,2014-07-12,2,3,7,23,51,26,2,1,4,0,17.2
462,2014-07-09,9,25,42,55,57,14,2,1,0,1,37.6
461,2014-07-05,24,34,36,57,58,11,4,1,0,1,41.8
460,2014-07-02,8,18,45,53,58,35,2,1,1,1,36.4
459,2014-06-25,10,20,25,50,53,35,4,1,1,0,31.6
458,2014-06-21,5,6,37,41,54,26,3,1,3,1,28.6
457,2014-06-18,6,9,29,52,59,7,3,1,2,1,31.0
456,2014-06-14,9,33,42,45,54,30,3,1,0,1,36.6
455,2014-06-11,14,18,25,33,49,23,5,1,0,0,27.8
454,2014-06-07,28,30,35,58,59,15,2,1,1,0,42.0
453,2014-06-04,1,7,10,22,49,24,3,1,1,0,17.8
452,2014-05-31,15,27,31,34,48,1,2,1,1,0,31.0
451,2014-05-28,2,24,28,32,59,25,3,1,2,1,29.0
450,2014-05-24,15,16,28,49,55,18,2,1,0,0,32.6
449,2014-05-21,4,20,34,39,58,31,5,1,0,1,31.0
448,2014-05-17,23,32,39,47,49,22,3,1,2,1,38.0
447,2014-05-14,7,33,39,52,55,33,3,1,1,1,37.2
446,2014-05-10,4,31,41,47,55,1,2,1,3,1,35.6
445,2014-05-07,17,29,31,48,49,34,2,1,3,1,34.8
444,2014-05-03,5,15,16,46,49,26,4,1,1,0,26.2
443,2014-04-30,2,9,11,19,50,32,3,1,3,0,18.2
442,2014-04-26,3,7,22,30,33,20,3,1,2,0,19.0
441,2014-04-23,19,25,29,36,48,12,4,1,2,1,31.4
440,2014-04-19,5,6,29,35,51,21,5,1,2,0,25.2
439,2014-04-16,34,39,42,44,59,8,3,1,1,0,43.6
438,2014-04-12,14,26,45,54,55,20,2,1,0,1,38.8
437,2014-04-09,9,14,44,48,49,29,2,1,0,0,32.8
436,2014-04-05,11,21,26,33,34,29,5,1,1,0,25.0
435,2014-04-02,8,13,19,22,53,24,2,1,3,0,23.0
434,2014-03-29,2,3,12,27,38,17,2,1,2,0,16.4
433,2014-03-26,28,33,41,44,59,21,2,1,2,1,41.0
432,2014-03-22,13,28,31,55,58,15,2,1,2,0,37.0
431,2014-03-19,2,19,23,34,43,14,2,1,4,2,24.2
430,2014-03-15,2,5,34,51,58,9,4,1,2,0,30.0
429,2014-03-12,14,15,28,37,54,10,2,1,1,1,29.6
428,2014-03-08,10,14,24,32,41,30,2,1,1,0,24.2
427,2014-03-05,3,7,9,26,54,19,2,1,2,1,19.8
426,2014-03-01,3,8,25,30,47,13,4,1,2,0,22.6
425,2014-02-26,11,12,17,38,42,2,2,1,2,0,24.0
424,2014-02-22,2,3,13,14,54,4,5,1,3,1,17.2
423,2014-02-19,1,17,35,49,54,34,3,1,1,0,31.2
422,2014-02-15,2,9,14,21,23,3,3,1,2,0,13.8
421,2014-02-12,36,44,49,52,57,1,2,1,0,0,47.6
420,2014-02-08,24,25,34,37,54,29,2,1,1,0,34.8
419,2014-02-05,8,17,32,57,59,24,3,1,2,0,34.6
418,2014-02-01,5,12,15,27,38,7,2,1,1,0,19.4
417,2014-01-29,11,23,28,32,47,20,2,1,3,0,28.2
416,2014-01-25,8,12,18,55,57,2,2,1,0,1,30.0
415,2014-01-22,1,2,7,9,55,29,3,1,2,0,14.8
414,2014-01-18,13,14,19,31,38,25,1,1,3,0,23.0
413,2014-01-15,7,8,9,24,29,25,1,1,2,0,15.4
412,2014-01-11,10,15,33,48,54,34,1,1,0,1,32.0
411,2014-01-08,10,28,39,47,58,22,1,1,1,1,36.4
410,2014-01-04,19,20,37,41,58,14,1,1,3,0,35.0
409,2014-01-01,15,24,40,48,52,23,1,1,0,0,35.8
408,2013-12-28,8,35,44,51,56,18,1,1,0,1,38.8
407,2013-12-25,23,28,38,39,56,32,1,1,1,0,36.8
406,2013-12-21,25,36,40,45,51,8,1,1,0,1,39.4
405,2013-12-18,7,24,37,39,40,1,1,1,2,0,29.4
404,2013-12-14,14,25,32,33,41,34,1,1,1,0,29.0
403,2013-12-11,1,10,13,18,19,27,1,1,2,1,12.2
402,2013-12-07,13,20,32,45,48,17,1,1,1,0,31.6
401,2013-12-04,6,9,11,31,44,25,1,1,2,1,20.2
400,2013-11-30,5,26,44,45,57,29,1,1,1,1,35.4
399,2013-11-27,18,25,50,55,57,17,1,1,0,1,41.0
398,2013-11-23,5,12,43,52,55,10,1,1,2,0,33.4
397,2013-11-20,4,18,23,32,45,7,1,1,1,0,24.4
396,2013-11-16,10,29,37,44,59,10,1,1,3,0,35.8
395,2013-11-13,5,31,50,55,56,9,1,1,2,1,39.4
394,2013-11-09,3,9,37,49,56,32,1,1,2,1,30.8
393,2013-11-06,1,5,10,15,49,22,1,1,1,0,16.0
392,2013-11-02,13,23,24,27,40,17,1,1,2,1,25.4
391,2013-10-30,2,36,40,49,54,10,1,1,1,1,36.2
390,2013-10-26,4,6,34,49,56,29,1,1,0,1,29.8
389,2013-10-23,3,23,31,34,47,13,1,1,4,0,27.6
388,2013-10-19,9,33,54,56,57,5,1,1,0,0,41.8
387,2013-10-16,3,26,28,34,42,28,1,1,1,1,26.6
386,2013-10-12,8,10,26,57,58,4,1,1,0,0,31.8
385,2013-10-09,3,9,19,33,38,18,1,1,2,0,20.4
384,2013-10-05,11,12,17,39,40,5,1,1,2,0,23.8
383,2013-10-02,4,6,25,42,51,17,1,1,0,0,25.6
382,2013-09-28,14,47,52,53,54,5,1,1,2,1,44.0
381,2013-09-25,2,7,17,49,53,23,1,1,4,1,25.6
380,2013-09-21,12,17,45,54,58,13,1,1,1,0,37.2
379,2013-09-18,7,10,22,32,35,19,1,1,1,0,21.2
378,2013-09-14,1,17,25,37,44,20,1,1,2,0,24.8
377,2013-09-11,11,19,33,42,52,33,1,1,2,1,31.4
376,2013-09-07,2,19,22,26,45,24,1,1,2,3,22.8
375,2013-09-04,2,9,26,45,47,11,1,1,2,1,25.8
374,2013-08-31,2,7,25,40,56,20,1,1,2,1,26.0
373,2013-08-28,6,7,9,19,32,13,1,1,2,0,14.6
372,2013-08-24,12,17,25,45,59,19,1,1,2,0,31.6
371,2013-08-21,30,40,42,46,48,23,1,1,0,1,41.2
370,2013-08-17,18,21,46,54,56,23,1,1,0,0,39.0
369,2013-08-14,4,11,17,43,51,20,1,1,3,1,25.2
368,2013-08-10,4,12,14,37,58,13,1,1,1,1,25.0
367,2013-08-07,5,25,30,58,59,32,1,1,2,0,35.4
366,2013-08-03,21,24,36,42,45,15,1,1,0,1,33.6
365,2013-07-31,8,24,39,49,59,5,1,1,1,0,35.8
364,2013-07-27,9,23,40,53,58,6,1,1,2,2,36.6
363,2013-07-24,9,29,40,44,54,7,1,1,1,0,35.2
362,2013-07-20,14,25,27,38,58,6,1,1,0,1,32.4
361,2013-07-17,1,22,34,38,42,17,1,1,0,1,27.4
360,2013-07-13,2,8,22,35,37,6,1,1,2,0,20.8
359,2013-07-10,30,31,45,55,59,27,1,1,2,0,44.0
358,2013-07-06,2,13,35,36,52,11,1,1,2,0,27.6
357,2013-07-03,3,6,29,40,51,4,1,1,2,0,25.8
356,2013-06-29,8,28,30,53,56,16,1,1,1,0,35.0
355,2013-06-26,1,18,33,39,46,33,1,1,0,1,27.4
354,2013-06-22,13,19,23,33,57,28,1,1,3,1,29.0
353,2013-06-19,7,46,47,52,57,17,1,1,2,0,41.8
352,2013-06-15,28,36,40,48,55,1,1,1,0,1,41.4
351,2013-06-12,16,22,23,42,55,32,1,1,1,1,31.6
350,2013-06-08,2,11,22,26,32,19,1,1,2,1,18.6
349,2013-06-05,4,26,33,36,55,32,1,1,0,1,30.8
348,2013-06-01,22,28,33,53,59,14,1,1,2,0,39.0
347,2013-05-29,9,14,17,49,57,2,1,1,1,0,29.2
346,2013-05-25,2,6,19,21,27,25,1,1,2,0,15.0
345,2013-05-22,9,31,35,41,57,26,1,1,2,0,34.6
344,2013-05-18,10,13,14,22,52,11,1,1,1,0,22.2
343,2013-05-15,2,11,26,34,41,32,1,1,3,0,22.8
342,2013-05-11,6,13,19,23,43,16,1,1,4,0,20.8
341,2013-05-08,21,22,26,30,57,27,1,1,0,1,31.2
340,2013-05-04,7,12,26,36,40,17,1,1,1,1,24.2
339,2013-05-01,22,26,31,54,55,18,1,1,1,2,37.6
338,2013-04-27,3,23,48,54,55,5,1,1,2,0,36.6
337,2013-04-24,9,19,31,56,59,2,1,1,3,0,34.8
336,2013-04-20,6,8,30,39,48,20,1,1,0,1,26.2
335,2013-04-17,13,18,36,48,58,28,1,1,1,0,34.6
334,2013-04-13,10,12,31,56,57,33,1,1,1,0,33.2
333,2013-04-10,1,36,40,52,53,20,1,1,1,0,36.4
332,2013-04-06,4,7,8,29,39,24,1,1,2,1,17.4
331,2013-04-03,1,6,8,12,35,3,1,1,0,0,12.4
330,2013-03-30,11,23,26,46,55,27,1,1,2,0,32.2
329,2013-03-27,7,37,43,48,52,16,1,1,3,1,37.4
328,2013-03-23,17,29,31,52,53,31,1,1,4,1,36.4
327,2013-03-20,13,14,17,43,54,15,1,1,3,0,28.2
326,2013-03-16,3,7,21,44,53,16,1,1,3,0,25.6
325,2013-03-13,5,9,28,32,38,29,1,1,1,0,22.4
324,2013-03-09,10,37,40,46,52,12,1,1,1,1,37.0
323,2013-03-06,6,10,23,41,45,1,1,1,2,1,25.0
322,2013-03-02,3,8,13,41,56,16,1,1,3,1,24.2
321,2013-02-27,3,14,20,34,48,21,1,1,1,0,23.8
320,2013-02-23,2,5,31,39,41,29,1,1,4,0,23.6
319,2013-02-20,3,17,19,25,32,17,1,1,3,0,19.2
318,2013-02-16,15,16,46,50,58,29,1,1,0,0,37.0
317,2013-02-13,12,23,25,27,43,29,1,1,2,0,26.0
316,2013-02-09,5,6,16,36,58,3,1,1,1,2,24.2
315,2013-02-06,5,27,36,38,41,12,1,1,2,1,29.4
314,2013-02-02,11,16,33,40,41,34,1,1,2,1,28.2
313,2013-01-30,14,16,32,47,52,16,1,1,1,0,32.2
312,2013-01-26,3,22,26,41,49,18,1,1,2,0,28.2
311,2013-01-23,11,12,24,43,45,9,1,1,2,0,27.0
310,2013-01-19,8,28,29,34,38,35,1,1,1,1,27.4
309,2013-01-16,9,21,28,32,51,35,1,1,0,1,28.2
308,2013-01-12,10,14,21,23,47,7,1,1,2,0,23.0
307,2013-01-09,11,13,20,27,59,26,1,1,3,0,26.0
306,2013-01-05,26,30,49,51,54,25,1,1,0,0,42.0
305,2013-01-02,18,20,28,35,53,20,1,1,1,0,30.8
304,2012-12-29,36,46,50,52,55,14,1,1,0,0,47.8
303,2012-12-26,11,13,23,43,54,4,1,1,4,0,28.8
302,2012-12-22,1,18,35,39,44,11,1,1,0,0,27.4
301,2012-12-19,5,8,20,23,30,3,1,1,2,1,17.2
300,2012-12-15,15,23,40,44,55,14,1,1,1,1,35.4
299,2012-12-12,8,10,25,36,44,28,1,1,0,0,24.6
298,2012-12-08,7,23,26,40,53,21,1,1,3,0,29.8
297,2012-12-05,13,17,19,27,38,12,1,1,3,1,22.8
296,2012-12-01,3,10,19,36,46,3,1,1,2,0,22.8
295,2012-11-28,5,16,22,23,29,6,1,1,3,1,19.0
294,2012-11-24,22,32,37,44,50,34,1,1,1,0,37.0
293,2012-11-21,8,18,24,30,39,26,1,1,0,0,23.8
292,2012-11-17,3,15,27,58,59,20,1,1,2,1,32.4
291,2012-11-14,8,10,30,44,58,13,1,1,0,0,30.0
290,2012-11-10,32,42,50,54,55,32,1,1,0,1,46.6
289,2012-11-07,32,34,45,52,58,20,1,1,0,0,44.2
288,2012-11-03,4,7,9,30,54,25,1,1,1,0,20.8
287,2012-10-31,1,27,31,45,48,5,1,1,1,0,30.4
286,2012-10-27,22,32,34,36,56,33,1,1,0,0,36.0
285,2012-10-24,3,18,21,23,50,4,1,1,2,1,23.0
284,2012-10-20,4,21,28,31,44,10,1,1,1,0,25.6
283,2012-10-17,1,7,10,23,42,35,1,1,2,0,16.6
282,2012-10-13,2,5,25,26,49,18,1,1,2,1,21.4
281,2012-10-10,18,26,29,35,43,28,1,1,2,1,30.2
280,2012-10-06,15,26,34,36,59,35,1,1,1,2,34.0
279,2012-10-03,17,23,36,55,59,10,1,1,3,0,38.0
278,2012-09-29,14,18,28,29,57,8,1,1,1,0,29.2
277,2012-09-26,13,26,39,41,42,10,1,1,2,1,32.2
276,2012-09-22,2,16,18,40,42,33,1,1,1,0,23.6
275,2012-09-19,1,5,8,39,50,23,1,1,1,0,20.6
274,2012-09-15,3,20,26,43,48,1,1,1,2,1,28.0
273,2012-09-12,24,33,36,48,56,6,1,1,0,1,39.4
272,2012-09-08,6,20,34,44,48,29,1,1,0,0,30.4
271,2012-09-05,4,19,26,42,51,29,1,1,1,0,28.4
270,2012-09-01,8,11,21,44,49,22,1,1,1,1,26.6
269,2012-08-29,25,28,49,54,56,28,1,1,0,1,42.4
268,2012-08-25,1,6,7,20,49,23,1,1,1,0,16.6
267,2012-08-22,22,29,31,47,55,19,1,1,3,1,36.8
266,2012-08-18,14,26,41,55,59,1,1,1,2,0,39.0
265,2012-08-15,6,27,46,51,56,21,1,1,0,2,37.2
264,2012-08-11,4,13,39,46,51,1,1,1,1,0,30.6
263,2012-08-08,3,7,11,15,28,12,1,1,3,0,12.8
262,2012-08-04,19,30,48,53,55,18,1,1,2,1,41.0
261,2012-08-01,3,16,48,56,58,4,1,1,1,0,36.2
260,2012-07-28,5,6,13,36,50,13,1,1,2,0,22.0
259,2012-07-25,3,14,35,38,46,16,1,1,1,1,27.2
258,2012-07-21,9,31,38,54,56,20,1,1,1,0,37.6
257,2012-07-18,2,5,20,23,57,3,1,1,3,0,21.4
256,2012-07-14,4,16,32,37,46,13,1,1,1,0,27.0
255,2012-07-11,5,22,36,49,55,23,1,1,1,1,33.4
254,2012-07-07,3,5,29,39,59,29,1,1,4,1,27.0
253,2012-07-04,14,19,35,39,56,33,1,1,1,0,32.6
252,2012-06-30,7,15,20,41,44,22,1,1,2,0,25.4
251,2012-06-27,6,34,40,46,58,6,1,1,0,0,36.8
250,2012-06-23,1,3,41,44,53,30,1,1,3,0,28.4
249,2012-06-20,11,17,29,56,57,14,1,1,3,0,34.0
248,2012-06-16,8,14,15,16,27,26,1,1,0,1,16.0
247,2012-06-13,7,10,14,33,57,18,1,1,1,1,24.2
246,2012-06-09,18,22,45,56,57,27,1,1,0,0,39.6
245,2012-06-06,19,30,33,48,59,27,1,1,2,0,37.8
244,2012-06-02,9,10,17,29,45,33,1,1,2,2,22.0
243,2012-05-30,9,10,24,52,56,14,1,1,0,0,30.2
242,2012-05-26,13,14,41,49,59,14,1,1,3,1,35.2
241,2012-05-23,4,7,26,53,59,32,1,1,3,0,29.8
240,2012-05-19,8,13,35,46,51,30,1,1,1,0,30.6
239,2012-05-16,3,7,21,28,43,2,1,1,3,0,20.4
238,2012-05-12,10,24,35,53,58,22,1,1,1,0,36.0
237,2012-05-09,1,7,11,55,56,1,1,1,2,0,26.0
236,2012-05-05,9,12,20,44,59,23,1,1,1,0,28.8
235,2012-05-02,7,8,33,38,50,29,1,1,1,0,27.2
234,2012-04-28,31,39,40,57,58,33,1,1,1,0,45.0
233,2012-04-25,4,25,29,34,43,29,1,1,2,0,27.0
232,2012-04-21,6,8,20,42,51,16,1,1,0,1,25.4
231,2012-04-18,20,22,39,46,49,29,1,1,0,0,35.2
230,2012-04-14,14,15,16,19,24,2,1,1,1,1,17.6
229,2012-04-11,16,23,42,44,47,2,1,1,2,0,34.4
228,2012-04-07,5,13,17,20,30,18,1,1,3,0,17.0
227,2012-04-04,1,24,33,45,49,6,1,1,0,0,30.4
226,2012-03-31,5,14,36,54,58,27,1,1,1,1,33.4
225,2012-03-28,11,16,29,50,58,33,1,1,2,0,32.8
224,2012-03-24,1,15,35,37,47,8,1,1,2,0,27.0
223,2012-03-21,32,43,53,55,56,6,1,1,2,1,47.8
222,2012-03-17,11,14,49,55,58,30,1,1,1,0,37.4
221,2012-03-14,1,8,41,46,59,24,1,1,2,1,31.0
220,2012-03-10,5,14,17,20,41,5,1,1,3,0,19.4
219,2012-03-07,12,35,45,46,47,12,1,1,1,2,37.0
218,2012-03-03,29,30,45,47,49,35,1,1,2,0,40.0
217,2012-02-29,1,4,11,23,26,14,1,1,2,1,13.0
216,2012-02-25,6,11,42,53,54,7,1,1,2,0,33.2
215,2012-02-22,7,16,17,39,51,32,1,1,2,0,26.0
214,2012-02-18,23,28,50,56,59,5,1,1,2,1,43.2
213,2012-02-15,11,12,32,52,56,11,1,1,1,1,32.6
212,2012-02-11,1,10,37,52,57,11,1,1,1,0,31.4
211,2012-02-08,17,28,38,39,51,33,1,1,1,0,34.6
210,2012-02-04,15,23,43,45,56,7,1,1,2,0,36.4
209,2012-02-01,8,13,17,34,59,35,1,1,3,1,26.2
208,2012-01-28,5,33,41,54,59,13,1,1,3,0,38.4
207,2012-01-25,4,19,28,29,47,5,1,1,3,0,25.4
206,2012-01-21,12,24,43,44,45,7,1,1,1,1,33.6
205,2012-01-18,6,29,34,44,50,28,1,1,1,0,32.6
204,2012-01-14,10,30,36,38,41,1,5,1,1,0,31.0
203,2012-01-11,5,19,29,45,47,25,2,1,4,0,29.0
202,2012-01-07,3,21,24,38,39,24,5,1,1,1,25.0
201,2012-01-04,21,35,46,47,50,2,4,1,1,0,39.8
200,2011-12-31,5,23,25,28,40,34,4,1,2,0,24.2
199,2011-12-28,16,21,27,41,45,14,2,1,1,1,30.0
198,2011-12-24,14,16,30,51,52,19,2,1,0,0,32.6
197,2011-12-21,10,13,15,31,54,18,5,1,2,1,24.6
196,2011-12-17,13,28,49,51,59,33,4,1,2,0,40.0
195,2011-12-14,2,24,46,52,56,19,5,1,1,0,36.0
194,2011-12-10,4,19,33,41,59,9,5,1,3,0,31.2
193,2011-12-07,3,14,20,39,40,37,2,1,1,0,23.2
192,2011-12-03,5,18,33,43,45,8,3,1,2,0,28.8
191,2011-11-30,2,6,34,35,47,22,2,1,2,0,24.8
190,2011-11-26,20,37,39,45,55,28,2,1,1,0,39.2
189,2011-11-23,4,30,35,57,59,25,2,1,1,1,37.0
188,2011-11-19,9,16,17,28,30,11,3,1,1,0,20.0
187,2011-11-16,13,22,25,39,51,28,2,1,1,1,30.0
186,2011-11-12,4,35,36,51,56,8,5,1,0,1,36.4
185,2011-11-09,5,35,57,58,59,12,3,1,2,0,42.8
184,2011-11-05,2,33,39,40,43,26,3,1,2,1,31.4
183,2011-11-02,12,14,34,39,46,36,4,1,0,0,29.0
182,2011-10-29,11,16,40,51,56,38,5,1,1,0,34.8
181,2011-10-26,1,18,21,39,55,6,3,1,0,0,26.8
180,2011-10-22,3,8,23,30,58,13,4,1,2,1,24.4
179,2011-10-19,16,26,35,52,58,2,5,1,0,0,37.4
178,2011-10-15,5,10,24,38,43,1,4,1,2,2,24.0
177,2011-10-12,10,12,23,43,47,18,3,1,3,0,27.0
176,2011-10-08,3,27,35,37,45,31,5,1,2,0,29.4
175,2011-10-05,7,20,43,46,54,17,4,1,2,1,34.0
174,2011-10-01,1,12,23,27,43,31,3,1,2,0,21.2
173,2011-09-28,30,41,50,51,53,8,2,1,2,0,45.0
172,2011-09-24,3,4,12,27,44,26,5,1,1,1,18.0
171,2011-09-21,12,47,48,52,55,13,4,1,1,0,42.8
170,2011-09-17,6,20,22,32,43,11,2,1,1,0,24.6
169,2011-09-14,16,41,42,50,59,5,3,1,2,0,41.6
168,2011-09-10,4,19,22,32,53,24,4,1,2,0,26.0
167,2011-09-07,3,5,18,27,54,13,4,1,2,1,21.4
166,2011-09-03,15,25,52,53,54,2,5,1,1,0,39.8
165,2011-08-31,13,19,35,47,57,29,5,1,3,0,34.2
164,2011-08-27,2,12,25,54,58,14,3,1,1,0,30.2
163,2011-08-24,9,13,47,49,53,39,5,1,3,1,34.2
162,2011-08-20,2,17,23,28,47,36,2,1,4,1,23.4
161,2011-08-17,18,28,31,48,52,37,4,1,1,0,35.4
160,2011-08-13,9,12,35,50,58,4,2,1,0,0,32.8
159,2011-08-10,11,18,36,41,46,38,4,1,2,0,30.4
158,2011-08-06,25,30,54,57,59,6,3,1,1,0,45.0
157,2011-08-03,13,19,21,28,49,11,2,1,2,0,26.0
156,2011-07-30,20,40,41,47,55,19,2,1,2,2,40.6
155,2011-07-27,38,40,41,51,59,33,2,1,2,1,45.8
154,2011-07-23,1,7,27,38,48,30,3,1,1,2,24.2
153,2011-07-20,1,4,38,40,42,17,4,1,0,0,25.0
152,2011-07-16,24,28,48,50,54,25,3,1,0,1,40.8
151,2011-07-13,8,18,19,32,54,8,4,1,1,0,26.2
150,2011-07-09,1,9,11,23,31,6,3,1,3,1,15.0
149,2011-07-06,11,15,24,50,55,8,2,1,1,1,31.0
148,2011-07-02,1,11,18,29,51,32,3,1,2,0,22.0
147,2011-06-29,24,30,45,57,59,26,3,1,1,1,43.0
146,2011-06-25,18,36,39,41,57,12,4,1,1,0,38.2
145,2011-06-22,12,15,19,46,59,12,4,1,2,1,30.2
144,2011-06-18,12,21,22,38,41,18,2,1,1,2,26.8
143,2011-06-15,19,20,38,41,43,29,4,1,3,0,32.2
142,2011-06-11,16,18,27,36,50,8,3,1,0,0,29.4
141,2011-06-08,14,37,44,45,53,29,5,1,2,0,38.6
140,2011-06-04,17,19,39,41,58,21,5,1,3,0,34.8
139,2011-06-01,8,18,38,46,56,31,4,1,0,0,33.2
138,2011-05-28,12,20,43,51,55,11,4,1,1,0,36.2
137,2011-05-25,4,23,31,42,50,23,2,1,2,1,30.0
136,2011-05-21,2,8,40,49,50,36,3,1,1,1,29.8
135,2011-05-18,7,12,13,42,49,16,4,1,2,0,24.6
134,2011-05-14,8,17,18,40,44,16,2,1,1,1,25.4
133,2011-05-11,9,17,32,43,45,31,3,1,2,0,29.2
132,2011-05-07,2,11,27,47,55,15,4,1,3,1,28.4
131,2011-05-04,3,15,27,29,41,24,4,1,3,2,23.0
130,2011-04-30,6,13,15,32,41,3,2,1,2,0,21.4
129,2011-04-27,4,24,40,44,55,5,2,1,0,0,33.4
128,2011-04-23,3,11,47,48,58,19,3,1,3,0,33.4
127,2011-04-20,9,24,34,36,43,27,3,1,1,0,29.2
126,2011-04-16,21,33,44,45,55,7,5,1,0,0,39.6
125,2011-04-13,4,23,39,49,50,39,3,1,1,0,33.0
124,2011-04-09,5,14,32,53,56,11,4,1,2,1,32.0
123,2011-04-06,10,18,41,55,56,15,2,1,1,0,36.0
122,2011-04-02,6,22,34,43,45,23,2,1,1,0,30.0
121,2011-03-30,19,20,42,56,58,37,4,1,1,1,39.0
120,2011-03-26,4,10,11,19,33,27,4,1,2,0,15.4
119,2011-03-23,5,15,26,28,32,9,2,1,1,0,21.2
118,2011-03-19,3,11,20,27,46,8,2,1,2,0,21.4
117,2011-03-16,28,39,40,48,53,9,3,1,1,0,41.6
116,2011-03-12,1,4,12,41,47,3,4,1,2,1,21.0
115,2011-03-09,12,20,28,40,48,8,2,1,0,1,29.6
114,2011-03-05,2,23,31,42,48,21,2,1,3,1,29.2
113,2011-03-02,7,31,50,51,58,6,2,1,2,0,39.4
112,2011-02-26,4,13,17,21,45,10,5,1,2,0,20.0
111,2011-02-23,29,32,36,39,49,29,3,1,1,0,37.0
110,2011-02-19,3,12,34,37,42,36,5,1,2,0,25.6
109,2011-02-16,9,13,21,23,48,24,2,1,2,1,22.8
108,2011-02-12,11,32,36,48,52,19,4,1,1,1,35.8
107,2011-02-09,7,11,39,42,51,30,4,1,2,0,30.0
106,2011-02-05,15,37,41,56,59,5,5,1,3,0,41.6
105,2011-02-02,3,14,33,53,57,36,4,1,2,0,32.0
104,2011-01-29,24,28,45,49,52,2,4,1,0,0,39.6
103,2011-01-26,4,5,36,47,58,6,3,1,2,0,30.0
102,2011-01-22,30,31,34,45,51,23,2,1,1,1,38.2
101,2011-01-19,22,36,51,56,59,32,3,1,1,1,44.8
100,2011-01-15,9,13,22,23,37,31,3,1,3,1,20.8
99,2011-01-12,19,21,23,40,48,27,4,1,2,0,30.2
98,2011-01-08,6,7,26,33,52,24,2,1,1,1,24.8
97,2011-01-05,22,26,32,38,40,7,5,1,0,1,31.6
96,2011-01-01,18,22,37,47,54,36,2,1,2,2,35.6
95,2010-12-29,3,16,18,20,37,30,2,1,2,0,18.8
94,2010-12-25,1,17,38,50,52,24,2,1,1,0,31.6
93,2010-12-22,11,33,44,46,47,12,2,1,2,2,36.2
92,2010-12-18,4,11,19,33,43,14,4,1,3,1,22.0
91,2010-12-15,10,11,18,32,45,18,5,1,1,1,23.2
90,2010-12-11,1,8,10,19,20,23,2,1,1,1,11.6
89,2010-12-08,8,11,25,41,58,16,4,1,2,0,28.6
88,2010-12-04,13,24,27,31,42,22,5,1,2,0,27.4
87,2010-12-01,5,10,11,12,20,2,3,1,2,1,11.6
86,2010-11-27,10,30,37,47,54,39,5,1,2,1,35.6
85,2010-11-24,8,20,21,32,37,4,3,1,1,0,23.6
84,2010-11-20,10,12,38,53,57,1,5,1,1,1,34.0
83,2010-11-17,14,16,53,54,59,5,3,1,2,1,39.2
82,2010-11-13,17,30,48,51,54,29,5,1,1,0,40.0
81,2010-11-10,5,8,11,40,44,10,4,1,2,0,21.6
80,2010-11-06,7,12,23,34,38,33,4,1,2,2,22.8
79,2010-11-03,34,38,39,45,50,33,2,1,0,0,41.2
78,2010-10-30,1,7,27,36,49,39,5,1,1,0,24.0
77,2010-10-27,20,24,25,53,59,15,5,1,2,1,36.2
76,2010-10-23,2,7,16,20,46,34,4,1,2,2,18.2
75,2010-10-20,7,17,20,39,59,17,3,1,3,0,28.4
74,2010-10-16,11,12,15,16,28,11,2,1,1,1,16.4
73,2010-10-13,12,22,32,34,46,2,4,1,0,1,29.2
72,2010-10-09,2,6,32,42,49,35,3,1,1,0,26.2
71,2010-10-06,14,26,37,41,46,24,5,1,2,0,32.8
70,2010-10-02,12,20,30,36,47,25,4,1,1,0,29.0
69,2010-09-29,13,44,51,52,55,30,4,1,1,0,43.0
68,2010-09-25,8,16,27,35,42,30,2,1,0,0,25.6
67,2010-09-22,10,24,36,52,55,15,5,1,0,0,35.4
66,2010-09-18,1,18,37,39,44,13,4,1,1,0,27.8
65,2010-09-15,7,20,21,34,43,34,5,1,2,2,25.0
64,2010-09-11,7,17,20,36,59,33,4,1,3,0,27.8
63,2010-09-08,10,35,39,51,57,20,5,1,0,0,38.4
62,2010-09-04,11,14,22,33,42,38,2,1,1,0,24.4
61,2010-09-01,17,20,21,40,51,19,3,1,1,0,29.8
60,2010-08-28,4,22,27,32,56,13,4,1,0,0,28.2
59,2010-08-25,16,17,29,31,36,23,3,1,3,0,25.8
58,2010-08-21,7,10,12,22,27,26,2,1,1,0,15.6
57,2010-08-18,4,32,33,47,55,39,3,1,1,1,34.2
56,2010-08-14,9,33,36,50,58,31,2,1,0,0,37.2
55,2010-08-11,7,10,22,23,52,29,2,1,2,2,22.8
54,2010-08-07,4,22,26,31,52,30,5,1,1,0,27.0
53,2010-08-04,19,28,30,37,53,36,4,1,3,0,33.4
52,2010-07-31,1,16,17,41,57,15,3,1,2,1,26.4
51,2010-07-28,1,11,20,25,27,2,5,1,1,1,16.8
50,2010-07-24,20,30,38,46,59,27,2,1,1,1,38.6
49,2010-07-21,16,22,30,51,58,25,3,1,0,1,35.4
48,2010-07-17,22,27,35,37,45,3,4,1,1,0,33.2
47,2010-07-14,20,21,23,38,42,6,3,1,1,2,28.8
46,2010-07-10,20,21,27,28,56,4,4,1,0,1,30.4
45,2010-07-07,10,41,44,48,56,4,2,1,1,1,39.8
44,2010-07-03,3,10,14,52,53,3,3,1,2,0,26.4
43,2010-06-30,6,38,43,47,48,27,5,1,2,1,36.4
42,2010-06-26,13,30,32,38,57,25,4,1,1,1,34.0
41,2010-06-23,11,30,45,47,48,10,3,1,2,1,36.2
40,2010-06-19,9,30,31,50,54,39,3,1,1,0,34.8
39,2010-06-16,8,11,18,29,36,6,5,1,2,0,20.4
38,2010-06-12,9,12,13,35,38,30,10,1,1,0,21.4
37,2010-06-09,14,22,27,32,49,5,4,1,0,0,28.8
36,2010-06-05,18,34,40,48,59,25,4,1,1,0,39.8
35,2010-06-02,4,9,14,39,43,38,4,1,1,0,21.8
34,2010-05-29,1,3,24,28,41,10,4,1,2,1,19.4
33,2010-05-26,1,6,10,13,20,32,4,1,1,1,10.0
32,2010-05-22,19,20,40,47,57,29,2,1,2,0,36.6
31,2010-05-19,2,7,29,55,58,27,3,1,3,0,30.2
30,2010-05-15,15,21,23,28,36,20,2,1,1,0,24.6
29,2010-05-12,37,51,52,53,58,38,2,1,2,0,50.2
28,2010-05-08,5,22,34,41,57,31,5,1,2,2,31.8
27,2010-05-05,13,34,40,47,57,11,4,1,2,0,38.2
26,2010-05-01,16,23,25,49,58,20,4,1,1,1,34.2
25,2010-04-28,12,22,25,28,44,24,4,1,0,1,26.2
24,2010-04-24,1,12,53,56,57,5,2,1,1,0,35.8
23,2010-04-21,11,34,41,49,55,20,2,1,2,2,38.0
22,2010-04-17,5,21,22,41,49,15,5,1,2,0,27.6
21,2010-04-14,6,14,32,38,52,20,3,1,0,1,28.4
20,2010-04-10,21,22,49,52,58,34,2,1,0,1,40.4
19,2010-04-07,4,36,40,44,52,33,2,1,0,1,35.2
18,2010-04-03,10,15,31,52,59,4,4,1,2,0,33.4
17,2010-03-31,5,13,17,45,54,12,5,1,3,0,26.8
16,2010-03-27,7,21,32,44,52,10,4,1,1,0,31.2
15,2010-03-24,14,20,24,39,49,7,3,1,0,1,29.2
14,2010-03-20,9,36,39,44,45,9,2,1,0,1,34.6
13,2010-03-17,24,26,45,48,55,8,2,1,0,0,39.6
12,2010-03-13,6,16,20,31,36,8,5,1,1,0,21.8
11,2010-03-10,17,21,37,41,50,1,2,1,3,1,33.2
10,2010-03-06,10,29,33,41,59,15,2,1,3,0,34.4
9,2010-03-03,7,9,14,45,49,23,4,1,1,0,24.8
8,2010-02-27,18,47,51,53,58,30,2,1,2,0,45.4
7,2010-02-24,4,17,35,50,57,12,2,1,1,0,32.6
6,2010-02-20,13,27,37,41,54,32,2,1,3,0,34.4
5,2010-02-17,7,8,19,26,36,15,3,1,2,0,19.2
4,2010-02-13,10,14,30,40,51,1,4,1,0,0,29.0
3,2010-02-10,5,8,29,37,38,34,5,1,3,0,23.4
2,2010-02-06,14,22,52,54,59,4,3,1,1,2,40.2
1,2010-02-03,17,22,36,37,52,24,2,1,2,0,32.8
