CONCURSO,F1,F2,F3,F4,F5,F6,F7,FECHA,PRIMOS,REPETIDOS,MEDIA
1445,2,21,24,26,28,30,8,2024-07-23,1,2,21.8
1444,2,8,11,16,30,33,27,2024-07-20,2,1,16.7
1443,2,14,21,22,24,26,31,2024-07-16,1,1,18.2
1442,1,15,18,20,26,27,17,2024-07-13,0,1,17.8
1441,9,11,17,24,26,35,2,2024-07-09,2,1,20.3
1440,17,20,25,28,29,32,26,2024-07-06,2,1,25.2
1439,2,6,27,28,30,35,10,2024-07-02,1,1,21.3
1438,5,7,10,20,30,34,26,2024-06-29,2,1,17.7
1437,11,14,23,26,30,39,31,2024-06-25,2,1,23.8
1436,15,24,30,32,34,36,1,2024-06-22,0,0,28.5
1435,2,11,23,25,33,37,29,2024-06-18,4,0,21.8
1434,5,10,14,21,32,38,34,2024-06-15,1,1,20
1433,3,7,16,28,32,34,29,2024-06-11,2,0,20
1432,2,18,19,20,21,29,25,2024-06-08,3,0,18.2
1431,4,11,17,26,27,37,12,2024-06-04,3,1,20.3
1430,3,5,9,11,14,33,25,2024-06-01,3,1,12.5
1429,4,8,9,10,19,20,6,2024-05-28,1,0,11.7
1428,15,18,27,28,31,38,37,2024-05-25,1,0,26.2
1427,6,14,16,21,23,37,3,2024-05-21,2,2,19.5
1426,5,7,8,23,32,37,31,2024-05-18,4,0,18.7
1425,3,9,10,11,33,36,28,2024-05-14,2,1,17
1424,1,11,13,16,31,39,22,2024-05-11,3,1,18.5
1423,2,6,19,24,37,39,38,2024-05-07,3,1,21.2
1422,4,17,26,29,34,39,36,2024-05-04,2,1,24.8
1421,5,6,26,28,36,38,10,2024-04-30,1,1,23.2
1420,4,6,9,11,23,39,32,2024-04-27,2,1,15.3
1419,5,10,16,17,20,39,32,2024-04-23,2,1,17.8
1418,10,15,24,25,29,34,26,2024-04-20,1,0,22.8
1417,9,12,14,19,27,36,3,2024-04-16,1,2,19.5
1416,4,9,11,14,20,26,34,2024-04-13,1,2,14
1415,3,11,14,30,31,39,18,2024-04-09,3,2,21.3
1414,6,8,11,13,14,36,21,2024-04-06,2,1,14.7
1413,6,15,22,34,37,39,4,2024-04-02,1,1,25.5
1412,1,5,6,13,14,16,35,2024-03-30,2,1,9.2
1411,16,19,21,29,30,37,26,2024-03-26,3,0,25.3
1410,6,7,10,14,24,26,18,2024-03-23,1,1,14.5
1409,18,19,21,23,24,37,2,2024-03-19,3,0,23.7
1408,1,2,6,20,28,34,4,2024-03-16,1,0,15.2
1407,13,18,22,25,29,33,21,2024-03-12,2,0,23.3
1406,2,4,20,30,31,32,19,2024-03-09,2,1,19.8
1405,1,4,10,33,34,36,7,2024-03-05,0,2,19.7
1404,6,7,22,30,34,36,2,2024-03-02,1,2,22.5
1403,9,11,12,26,30,36,7,2024-02-27,1,1,20.7
1402,4,10,23,26,29,32,2,2024-02-24,2,1,20.7
1401,4,9,11,22,31,34,23,2024-02-20,2,1,18.5
1400,1,4,12,17,21,32,7,2024-02-17,1,1,14.5
1399,1,14,26,31,35,38,2,2024-02-13,1,2,24.2
1398,6,9,26,31,34,37,32,2024-02-10,2,2,23.8
1397,1,5,12,14,26,31,37,2024-02-06,2,0,14.8
1396,4,8,20,29,30,35,14,2024-02-03,1,2,21
1395,5,8,17,29,38,39,19,2024-01-30,3,1,22.7
1394,6,8,26,28,31,33,20,2024-01-27,1,1,22
1393,2,3,18,23,28,29,12,2024-01-23,4,1,17.2
1392,2,6,20,26,30,32,5,2024-01-20,1,0,19.3
1391,8,12,14,16,19,29,25,2024-01-16,2,1,16.3
1390,7,10,18,19,24,25,13,2024-01-13,2,1,17.2
1389,8,16,18,35,37,39,28,2024-01-09,1,0,25.5
1388,4,10,14,21,28,38,3,2024-01-06,0,0,19.2
1387,9,16,20,32,34,36,27,2024-01-02,0,0,24.5
1386,1,13,23,24,26,39,7,2023-12-30,2,0,21
1385,8,15,19,25,33,35,36,2023-12-26,1,0,22.5
1384,5,11,16,17,22,37,26,2023-12-23,4,1,18
1383,1,6,8,10,22,33,37,2023-12-19,0,1,13.3
1382,6,14,15,19,31,35,20,2023-12-16,2,2,20
1381,2,4,6,10,19,25,12,2023-12-12,2,2,11
1380,2,17,25,28,29,33,1,2023-12-09,3,2,22.3
1379,4,17,26,29,32,39,37,2023-12-05,2,1,24.5
1378,7,13,20,22,29,37,35,2023-12-02,4,1,21.3
1377,1,9,17,29,33,38,12,2023-11-28,2,1,21.2
1376,3,4,9,18,19,31,11,2023-11-25,3,0,14
1375,16,25,26,29,33,39,27,2023-11-21,1,1,28
1374,1,4,5,17,28,39,33,2023-11-18,2,0,15.7
1373,2,18,21,29,32,33,31,2023-11-14,2,1,22.5
1372,8,13,14,28,29,39,22,2023-11-11,2,0,21.8
1371,3,20,21,22,26,32,5,2023-11-07,1,0,20.7
1370,4,7,9,23,29,33,14,2023-11-04,3,2,17.5
1369,4,7,13,14,24,35,29,2023-10-31,2,0,16.2
1368,2,11,17,21,31,38,5,2023-10-28,4,0,20
1367,3,12,22,23,33,37,14,2023-10-24,3,0,21.7
1366,1,4,7,17,29,30,13,2023-10-21,3,1,14.7
1365,5,6,7,26,27,36,3,2023-10-17,2,1,17.8
1364,6,8,13,19,21,39,22,2023-10-14,2,3,17.7
1363,5,8,13,18,27,39,34,2023-10-10,2,1,18.3
1362,2,7,13,16,31,33,22,2023-10-07,4,1,17
1361,6,7,11,23,32,38,13,2023-10-03,3,1,19.5
1360,11,14,17,20,27,35,10,2023-09-30,2,0,20.7
1359,2,15,22,28,37,38,14,2023-09-26,2,1,23.7
1358,5,7,11,21,25,37,17,2023-09-23,4,1,17.7
1357,3,9,14,15,21,30,34,2023-09-19,1,1,15.3
1356,1,5,9,22,35,36,21,2023-09-16,1,1,18
1355,12,17,21,22,24,34,5,2023-09-12,1,1,21.7
1354,4,9,12,30,32,39,33,2023-09-09,0,0,21
1353,2,16,22,23,35,36,17,2023-09-05,2,1,22.3
1352,3,15,17,21,23,30,36,2023-09-02,3,1,18.2
1351,6,9,15,29,33,36,26,2023-08-29,1,0,21.3
1350,7,13,16,34,38,39,3,2023-08-26,2,0,24.5
1349,11,22,23,26,28,35,7,2023-08-22,2,1,24.2
1348,3,4,5,11,33,38,30,2023-08-19,3,0,15.7
1347,6,7,12,20,24,36,14,2023-08-15,1,0,17.5
1346,5,8,17,23,31,39,11,2023-08-12,4,3,20.5
1345,8,27,31,32,37,39,14,2023-08-08,2,1,29
1344,2,3,7,30,31,38,23,2023-08-05,4,1,18.5
1343,3,19,20,27,28,32,15,2023-08-01,2,0,21.5
1342,4,8,9,10,15,17,2,2023-07-29,1,0,10.5
1341,13,16,19,26,31,35,25,2023-07-25,3,1,23.3
1340,2,5,13,17,23,25,15,2023-07-22,5,2,14.2
1339,3,5,12,13,24,26,36,2023-07-18,3,1,13.8
1338,14,17,18,24,32,34,27,2023-07-15,1,0,23.2
1337,2,3,6,11,16,26,25,2023-07-11,3,0,10.7
1336,4,5,14,27,30,32,12,2023-07-08,1,1,18.7
1335,4,17,21,24,29,38,15,2023-07-04,2,1,22.2
1334,2,14,15,20,26,38,12,2023-07-01,1,1,19.2
1333,1,7,15,21,28,31,6,2023-06-27,2,1,17.2
1332,2,4,7,11,17,19,16,2023-06-24,5,1,10
1331,6,11,18,21,24,27,10,2023-06-20,1,0,17.8
1330,2,10,13,22,28,38,17,2023-06-17,2,3,18.8
1329,8,10,12,13,25,28,18,2023-06-13,1,3,16
1328,2,8,13,28,29,34,21,2023-06-10,3,0,19
1327,4,24,25,30,32,37,12,2023-06-06,1,1,25.3
1326,8,10,15,24,27,28,17,2023-06-03,0,1,18.7
1325,1,5,19,22,27,33,30,2023-05-30,2,2,17.8
1324,1,8,17,24,27,28,4,2023-05-27,1,1,17.5
1323,1,7,13,30,33,34,9,2023-05-23,2,2,19.7
1322,6,22,30,31,33,39,3,2023-05-20,1,1,26.8
1321,3,5,8,21,30,36,25,2023-05-16,2,2,17.2
1320,3,19,23,24,36,38,32,2023-05-13,3,0,23.8
1319,7,17,26,27,28,37,12,2023-05-09,3,2,23.7
1318,6,12,15,27,28,31,33,2023-05-06,1,1,19.8
1317,7,12,20,30,32,34,38,2023-05-02,1,0,22.5
1316,1,8,14,19,31,39,9,2023-04-29,2,2,18.7
1315,4,8,11,25,31,38,36,2023-04-25,2,1,19.5
1314,7,8,15,17,20,36,12,2023-04-22,2,1,17.2
1313,1,7,14,26,31,32,19,2023-04-18,2,0,18.5
1312,12,17,22,23,25,39,19,2023-04-15,2,0,23
1311,10,21,28,33,36,38,30,2023-04-11,0,1,27.7
1310,9,23,25,29,31,33,12,2023-04-08,3,0,25
1309,12,22,26,35,36,39,23,2023-04-04,0,1,28.3
1308,15,18,20,25,34,39,31,2023-04-01,0,0,25.2
1307,12,21,23,26,35,36,10,2023-03-28,1,1,25.5
1306,3,6,14,26,30,39,36,2023-03-25,1,1,19.7
1305,3,4,10,11,13,22,31,2023-03-21,3,0,10.5
1304,2,8,12,16,17,38,37,2023-03-18,2,1,15.5
1303,1,6,17,28,32,33,15,2023-03-14,1,1,19.5
1302,1,9,13,25,31,35,19,2023-03-11,2,1,19
1301,6,15,16,26,32,35,22,2023-03-07,0,1,21.7
1300,8,17,27,32,34,37,7,2023-03-04,2,0,25.8
1299,7,15,19,26,29,38,28,2023-02-28,3,1,22.3
1298,6,12,21,23,26,31,37,2023-02-25,2,3,19.8
1297,6,7,21,23,29,36,16,2023-02-21,3,1,20.3
1296,20,23,24,30,33,35,34,2023-02-18,1,0,27.5
1295,3,8,19,25,34,38,35,2023-02-14,2,2,21.2
1294,12,15,25,30,32,38,24,2023-02-11,0,2,25.3
1293,10,12,15,22,27,34,36,2023-02-07,0,2,20
1292,2,7,22,25,27,31,5,2023-02-04,3,1,19
1291,9,14,18,19,25,35,4,2023-01-31,1,0,20
1290,2,3,8,21,23,29,19,2023-01-28,4,3,14.3
1289,2,11,21,24,29,35,28,2023-01-24,3,1,20.3
1288,3,12,20,22,29,34,38,2023-01-21,2,0,20
1287,7,21,23,24,26,28,20,2023-01-17,2,1,21.5
1286,8,13,18,28,34,39,5,2023-01-14,1,1,23.3
1285,14,19,30,31,35,39,5,2023-01-10,2,0,28
1284,8,13,23,26,36,38,34,2023-01-07,2,1,24
1283,1,4,5,8,21,30,39,2023-01-03,1,1,11.5
1282,3,8,15,20,31,35,28,2022-12-31,2,1,18.7
1281,1,3,10,19,27,30,17,2022-12-27,2,1,15
1280,3,4,7,17,21,38,16,2022-12-24,3,2,15
1279,4,8,14,17,33,39,7,2022-12-20,1,1,19.2
1278,3,5,16,19,26,39,34,2022-12-17,3,0,18
1277,6,10,11,25,33,34,30,2022-12-13,1,0,19.8
1276,1,2,4,19,32,36,31,2022-12-10,2,0,15.7
1275,10,12,14,17,26,37,8,2022-12-06,2,1,19.3
1274,7,14,16,25,30,38,23,2022-12-03,1,1,21.7
1273,1,4,8,16,26,36,27,2022-11-29,0,1,15.2
1272,3,6,19,26,34,38,17,2022-11-26,2,0,21
1271,17,18,24,28,30,35,10,2022-11-22,1,0,25.3
1270,4,7,19,26,31,34,30,2022-11-19,3,1,20.2
1269,3,11,24,32,34,38,22,2022-11-15,2,1,23.7
1268,4,8,24,25,26,39,34,2022-11-12,0,1,21
1267,2,7,8,14,15,21,4,2022-11-08,2,2,11.2
1266,2,14,22,24,26,30,34,2022-11-05,1,0,19.7
1265,3,15,17,23,31,36,2,2022-11-01,4,2,20.8
1264,2,8,17,29,36,39,15,2022-10-29,3,1,21.8
1263,3,22,25,30,36,37,13,2022-10-25,2,0,25.5
1262,1,7,9,21,33,38,22,2022-10-22,1,2,18.2
1261,7,8,23,28,31,38,1,2022-10-18,3,0,22.5
1260,6,12,13,26,36,37,19,2022-10-15,2,1,21.7
1259,2,15,21,25,32,36,12,2022-10-11,1,0,21.8
1258,4,5,10,18,20,30,9,2022-10-08,1,1,14.5
1257,3,17,19,20,21,35,11,2022-10-04,3,3,19.2
1256,7,19,21,29,33,35,2,2022-10-01,3,2,24
1255,1,8,10,29,31,33,18,2022-09-27,2,2,18.7
1254,8,15,23,33,37,38,27,2022-09-24,2,1,25.7
1253,4,8,9,19,24,27,15,2022-09-20,1,1,15.2
1252,3,6,7,8,31,37,30,2022-09-17,4,1,15.3
1251,6,10,15,21,23,33,13,2022-09-13,1,0,18
1250,2,3,13,14,17,24,19,2022-09-10,4,0,12.2
1249,6,8,20,30,31,32,38,2022-09-06,1,1,21.2
1248,8,11,16,21,27,38,32,2022-09-03,1,1,20.2
1247,3,14,17,18,24,38,8,2022-08-30,2,1,19
1246,4,6,11,25,26,38,9,2022-08-27,1,1,18.3
1245,2,3,14,17,30,38,26,2022-08-23,3,1,17.3
1244,9,15,20,27,28,38,34,2022-08-20,0,0,22.8
1243,3,4,6,12,22,24,39,2022-08-16,1,0,11.8
1242,2,14,18,20,29,37,28,2022-08-13,3,0,20
1241,6,8,12,34,38,39,29,2022-08-09,0,1,22.8
1240,10,17,21,23,28,39,9,2022-08-06,2,1,23
1239,5,7,23,26,27,34,32,2022-08-02,3,0,20.3
1238,8,9,13,21,24,29,7,2022-07-30,2,1,17.3
1237,5,7,13,19,37,38,32,2022-07-26,5,0,19.8
1236,1,11,15,32,36,39,27,2022-07-23,1,0,22.3
1235,4,7,12,23,26,37,38,2022-07-19,3,2,18.2
1234,1,7,10,23,33,38,15,2022-07-16,2,1,18.7
1233,5,13,23,26,27,30,22,2022-07-12,3,2,20.7
1232,5,6,14,21,23,25,33,2022-07-09,2,0,15.7
1231,8,10,28,30,35,37,22,2022-07-05,1,1,24.7
1230,13,18,20,23,29,37,22,2022-07-02,4,1,23.3
1229,1,4,15,20,33,39,13,2022-06-28,0,1,18.7
1228,5,9,16,17,32,33,15,2022-06-25,2,1,18.7
1227,6,7,9,12,31,39,38,2022-06-21,2,1,17.3
1226,23,26,34,35,37,39,13,2022-06-18,2,2,32.3
1225,3,11,14,26,29,37,30,2022-06-14,4,3,20
1224,3,6,9,14,21,26,4,2022-06-11,1,2,13.2
1223,9,22,23,26,27,30,20,2022-06-07,1,1,22.8
1222,4,8,17,19,22,38,35,2022-06-04,2,0,18
1221,16,18,25,28,29,31,26,2022-05-31,2,2,24.5
1220,7,10,17,18,29,32,21,2022-05-28,3,2,18.8
1219,4,12,17,18,25,26,27,2022-05-24,1,2,17
1218,3,10,17,25,31,36,37,2022-05-21,3,0,20.3
1217,2,11,13,20,23,29,26,2022-05-17,5,1,16.3
1216,18,26,27,28,29,31,17,2022-05-14,2,2,26.5
1215,17,18,19,30,31,38,10,2022-05-10,3,0,25.5
1214,6,8,9,13,27,37,19,2022-05-07,2,1,16.7
1213,9,21,23,25,33,36,39,2022-05-03,1,1,24.5
1212,5,9,15,20,30,37,18,2022-04-30,2,1,19.3
1211,8,11,13,17,30,32,16,2022-04-26,3,1,18.5
1210,4,14,21,23,27,32,26,2022-04-23,1,0,20.2
1209,6,8,22,26,34,38,24,2022-04-19,0,1,22.3
1208,4,6,21,24,28,31,20,2022-04-16,1,1,19
1207,5,6,19,20,35,38,7,2022-04-12,2,0,20.5
1206,8,14,18,27,30,33,37,2022-04-09,0,1,21.7
1205,10,11,18,22,23,28,14,2022-04-05,2,0,18.7
1204,2,5,15,24,32,37,19,2022-04-02,3,0,19.2
1203,6,11,26,27,33,36,2,2022-03-29,1,0,23.2
1202,1,5,8,10,12,31,3,2022-03-26,2,1,11.2
1201,4,9,10,23,25,32,12,2022-03-22,1,2,17.2
1200,1,4,7,15,22,32,13,2022-03-19,1,0,13.5
1199,6,10,24,28,33,36,32,2022-03-15,0,1,22.8
1198,10,15,17,26,35,37,27,2022-03-12,2,1,23.3
1197,1,12,13,20,33,35,28,2022-03-08,1,0,19
1196,2,3,7,10,18,24,26,2022-03-05,3,1,10.7
1195,13,15,18,21,25,35,32,2022-03-01,1,1,21.2
1194,2,10,14,16,21,27,37,2022-02-26,1,0,15
1193,3,4,7,22,24,39,26,2022-02-22,2,0,16.5
1192,2,12,16,17,18,30,19,2022-02-19,2,2,15.8
1191,6,12,18,22,27,35,29,2022-02-15,0,0,20
1190,9,10,11,28,31,39,34,2022-02-12,2,0,21.3
1189,6,18,26,27,29,37,7,2022-02-08,2,0,23.8
1188,2,3,10,12,15,39,22,2022-02-05,2,0,13.5
1187,9,16,26,28,33,35,20,2022-02-01,0,0,24.5
1186,2,3,12,19,22,36,7,2022-01-29,3,0,15.7
1185,1,4,8,24,31,38,2,2022-01-25,1,0,17.7
1184,2,3,6,12,16,23,30,2022-01-22,3,1,10.3
1183,1,4,16,19,27,37,8,2022-01-18,2,0,17.3
1182,2,14,22,24,32,33,17,2022-01-15,1,0,21.2
1181,1,5,19,26,31,34,39,2022-01-11,3,2,19.3
1180,3,10,13,19,29,31,30,2022-01-08,5,1,17.5
1179,2,3,11,30,32,34,19,2022-01-04,3,3,18.7
1178,3,11,12,14,28,32,9,2022-01-01,2,1,16.7
1177,11,16,23,24,26,37,29,2021-12-28,3,0,22.8
1176,5,6,22,34,35,38,11,2021-12-25,1,0,23.3
1175,12,14,15,30,33,37,13,2021-12-21,1,0,23.5
1174,2,5,17,18,19,38,31,2021-12-18,4,2,16.5
1173,2,5,8,21,26,37,28,2021-12-14,3,0,16.5
1172,4,7,13,18,25,36,26,2021-12-11,2,1,17.2
1171,6,9,13,24,26,35,1,2021-12-07,1,1,18.8
1170,8,11,13,16,25,31,33,2021-12-04,3,0,17.3
1169,6,17,23,32,37,39,5,2021-11-30,3,1,25.7
1168,13,18,25,29,32,38,10,2021-11-27,2,1,25.8
1167,1,5,7,10,28,29,18,2021-11-23,3,0,13.3
1166,3,13,15,17,18,21,6,2021-11-20,3,2,14.5
1165,6,9,18,21,29,31,5,2021-11-16,2,1,19
1164,1,7,15,30,31,34,14,2021-11-13,2,0,19.7
1163,9,18,22,23,36,37,38,2021-11-09,2,0,24.2
1162,2,12,17,28,34,39,26,2021-11-06,2,1,22
1161,2,9,23,32,33,35,4,2021-11-02,2,0,22.3
1160,4,15,17,19,22,37,23,2021-10-30,3,0,19
1159,13,21,23,29,30,35,19,2021-10-26,3,0,25.2
1158,1,3,25,27,37,39,12,2021-10-23,2,1,22
1157,15,23,26,31,35,37,25,2021-10-19,3,0,27.8
1156,3,5,14,20,22,39,1,2021-10-16,2,1,17.2
1155,13,17,21,22,28,33,26,2021-10-12,2,2,22.3
1154,12,13,16,26,30,33,25,2021-10-09,1,2,21.7
1153,1,5,13,21,30,35,27,2021-10-05,2,2,17.5
1152,6,10,12,13,20,35,9,2021-10-02,1,1,16
1151,3,4,12,19,23,37,18,2021-09-28,4,0,16.3
1150,7,14,21,24,34,36,25,2021-09-25,1,0,22.7
1149,13,17,25,28,38,39,23,2021-09-21,2,0,26.7
1148,1,8,21,22,34,37,31,2021-09-18,1,0,20.5
1147,11,18,25,27,31,39,36,2021-09-14,2,0,25.2
1146,1,4,7,10,28,29,16,2021-09-11,2,1,13.2
1145,10,11,26,35,38,39,5,2021-09-07,1,1,26.5
1144,2,4,14,26,30,37,23,2021-09-04,2,2,18.8
1143,2,7,21,31,37,39,4,2021-08-31,4,1,22.8
1142,1,6,10,24,28,31,36,2021-08-28,1,2,16.7
1141,1,3,9,21,24,33,30,2021-08-24,1,2,15.2
1140,1,3,14,18,31,34,5,2021-08-21,2,1,16.8
1139,10,28,29,30,31,39,1,2021-08-17,2,1,27.8
1138,4,11,14,21,27,30,24,2021-08-14,1,1,17.8
1137,1,3,21,23,35,37,10,2021-08-10,3,1,20
1136,14,17,25,32,37,39,15,2021-08-07,2,0,27.3
1135,1,3,9,22,24,27,29,2021-08-03,1,0,14.3
1134,5,6,8,26,29,39,15,2021-07-31,2,0,18.8
1133,2,4,15,22,31,38,24,2021-07-27,2,2,18.7
1132,3,27,31,32,34,38,20,2021-07-24,2,1,27.5
1131,2,3,4,6,16,37,12,2021-07-20,3,2,11.3
1130,2,18,26,28,32,37,24,2021-07-17,2,2,23.8
1129,2,9,20,21,27,37,17,2021-07-13,2,1,19.3
1128,4,12,20,35,36,38,8,2021-07-10,0,1,24.2
1127,4,7,17,23,29,37,36,2021-07-06,5,1,19.5
1126,1,3,24,29,33,38,36,2021-07-03,2,1,21.3
1125,8,14,17,29,31,34,37,2021-06-29,3,0,22.2
1124,2,7,20,24,32,33,3,2021-06-26,2,0,19.7
1123,12,17,31,36,37,39,25,2021-06-22,3,2,28.7
1122,9,17,20,30,31,38,26,2021-06-19,2,2,24.2
1121,3,20,25,28,34,38,35,2021-06-15,1,2,24.7
1120,3,11,15,24,29,38,28,2021-06-12,3,2,20
1119,3,10,14,19,29,36,35,2021-06-08,3,2,18.5
1118,10,12,13,14,30,39,23,2021-06-05,1,1,19.7
1117,6,14,15,19,25,31,11,2021-06-01,2,1,18.3
1116,1,11,18,23,31,39,17,2021-05-29,3,1,20.5
1115,7,10,17,20,29,31,8,2021-05-25,4,3,19
1114,3,10,17,25,29,37,6,2021-05-22,4,0,20.2
1113,9,20,28,34,38,39,1,2021-05-18,0,1,28
1112,11,18,26,35,36,39,23,2021-05-15,1,2,27.5
1111,12,18,21,33,35,37,39,2021-05-11,1,0,26
1110,6,11,25,27,31,38,13,2021-05-08,2,1,23
1109,6,15,26,32,35,39,11,2021-05-04,0,1,25.5
1108,23,28,29,30,32,38,33,2021-05-01,2,0,30
1107,5,7,8,12,27,31,14,2021-04-27,3,0,15
1106,14,17,25,29,36,38,33,2021-04-24,2,1,26.5
1105,1,8,10,17,22,28,16,2021-04-20,1,0,14.3
1104,11,27,29,34,35,37,3,2021-04-17,3,1,28.8
1103,13,22,25,28,35,36,33,2021-04-13,1,0,26.5
1102,6,7,10,12,17,18,3,2021-04-10,2,1,11.7
1101,3,6,9,28,29,30,15,2021-04-06,2,3,17.5
1100,3,25,28,30,33,36,24,2021-04-03,1,0,25.8
1099,5,7,9,13,19,31,17,2021-03-30,5,0,14
1098,8,11,18,23,24,30,20,2021-03-27,2,1,19
1097,1,9,10,13,24,34,39,2021-03-23,1,0,15.2
1096,3,6,7,22,30,35,14,2021-03-20,2,1,17.2
1095,6,8,9,12,33,38,30,2021-03-16,0,1,17.7
1094,9,10,22,25,31,36,35,2021-03-13,1,1,22.2
1093,7,8,12,31,32,39,13,2021-03-09,2,2,21.5
1092,5,12,16,27,34,39,36,2021-03-06,1,1,22.2
1091,4,8,15,23,27,30,36,2021-03-02,1,0,17.8
1090,18,20,32,33,34,37,7,2021-02-27,1,0,29
1089,8,11,15,27,29,38,28,2021-02-23,2,1,21.3
1088,5,7,16,25,27,31,10,2021-02-20,3,1,18.5
1087,11,12,23,25,29,30,27,2021-02-16,3,0,21.7
1086,15,20,21,28,37,39,36,2021-02-13,1,1,26.7
1085,9,17,21,25,31,38,19,2021-02-09,2,0,23.5
1084,2,8,16,19,37,39,36,2021-02-06,3,1,20.2
1083,3,4,15,16,28,35,5,2021-02-02,1,0,16.8
1082,6,10,12,20,27,31,36,2021-01-30,1,1,17.7
1081,8,24,29,31,32,33,27,2021-01-26,2,1,26.2
1080,16,18,24,34,35,36,21,2021-01-23,0,2,27.2
1079,3,10,27,32,35,36,16,2021-01-19,1,0,23.8
1078,6,15,22,23,30,38,19,2021-01-16,1,0,22.3
1077,11,17,19,20,27,29,24,2021-01-12,4,2,20.5
1076,10,20,27,31,34,35,7,2021-01-09,1,1,26.2
1075,7,13,21,23,24,31,22,2021-01-05,4,0,19.8
1074,3,10,20,26,32,37,36,2021-01-02,2,1,21.3
1073,10,11,27,29,31,36,23,2020-12-29,3,0,24
1072,1,4,16,17,19,38,36,2020-12-26,2,2,15.8
1071,4,16,20,28,33,35,37,2020-12-22,0,1,22.7
1070,7,9,23,30,33,38,3,2020-12-19,2,0,23.3
1069,13,14,21,28,36,39,23,2020-12-15,1,0,25.2
1068,6,11,23,31,32,35,24,2020-12-12,3,0,23
1067,15,19,27,34,38,39,3,2020-12-08,1,0,28.7
1066,1,3,12,23,29,30,14,2020-12-05,3,1,16.3
1065,5,6,17,20,30,37,15,2020-12-01,3,0,19.2
1064,3,8,10,11,25,39,38,2020-11-28,2,1,16
1063,1,3,4,20,22,33,23,2020-11-24,1,2,13.8
1062,3,4,6,8,30,31,22,2020-11-21,2,2,13.7
1061,3,13,17,31,33,38,24,2020-11-17,4,2,22.5
1060,4,10,17,30,31,39,8,2020-11-14,2,1,21.8
1059,4,8,16,19,25,27,3,2020-11-10,1,1,16.5
1058,6,7,17,19,21,31,16,2020-11-07,4,2,16.8
1057,2,10,15,21,28,31,5,2020-11-03,2,0,17.8
1056,7,8,11,27,34,39,32,2020-10-31,2,0,21
1055,2,6,24,33,35,36,37,2020-10-27,1,2,22.7
1054,6,9,22,25,32,36,19,2020-10-24,0,1,21.7
1053,2,5,9,13,19,31,35,2020-10-20,5,0,13.2
1052,3,4,21,22,24,37,16,2020-10-17,2,1,18.5
1051,12,19,23,27,34,37,20,2020-10-13,3,1,25.3
1050,4,7,8,15,20,23,25,2020-10-10,2,1,12.8
1049,4,9,18,29,30,38,21,2020-10-06,1,1,21.3
1048,1,13,19,35,36,38,21,2020-10-03,2,2,23.7
1047,1,13,15,17,25,37,7,2020-09-29,3,0,18
1046,2,6,7,12,18,29,25,2020-09-26,3,2,12.3
1045,4,8,12,13,14,29,26,2020-09-22,2,1,13.3
1044,18,19,28,29,32,37,25,2020-09-19,3,1,27.2
1043,4,11,13,17,28,38,25,2020-09-15,3,1,18.5
1042,3,17,20,25,35,39,8,2020-09-12,2,0,23.2
1041,10,12,23,27,33,36,26,2020-09-08,1,0,26
1040,16,21,26,28,31,34,11,2020-09-05,1,0,26
1039,8,12,15,20,23,35,1,2020-09-01,1,0,18.8
1038,1,10,18,19,27,34,36,2020-08-29,1,1,18.2
1037,2,6,11,27,32,37,17,2020-08-25,3,1,19.2
1036,3,4,31,32,34,36,13,2020-08-22,2,1,23.3
1035,4,8,16,22,27,33,18,2020-08-18,0,1,18.3
1034,6,10,11,17,20,33,15,2020-08-15,2,1,16.2
1033,3,13,18,20,26,32,22,2020-08-11,2,1,18.7
1032,11,20,22,25,31,38,4,2020-08-08,2,1,24.5
1031,2,7,8,11,27,30,24,2020-08-04,3,1,14.2
1030,12,13,20,25,26,27,24,2020-08-01,1,1,20.5
1029,1,2,3,5,13,16,6,2020-07-28,4,0,6.7
1028,10,19,20,21,24,25,39,2020-07-25,1,3,19.8
1027,1,4,9,21,24,25,34,2020-03-31,0,1,14
1026,5,14,22,25,35,39,27,2020-03-28,1,2,23.3
1025,12,13,20,25,26,35,38,2020-03-24,1,1,21.8
1024,3,18,19,22,26,32,5,2020-03-21,2,0,20
1023,4,7,11,23,25,33,20,2020-03-17,3,0,17.2
1022,9,18,32,37,38,39,13,2020-03-14,1,2,28.8
1021,9,21,30,32,34,35,14,2020-03-10,0,1,26.8
1020,4,7,23,31,33,35,29,2020-03-07,3,0,22.2
1019,11,14,17,18,24,29,15,2020-03-03,3,1,18.8
1018,7,16,18,22,25,26,19,2020-02-29,1,0,19
1017,1,6,9,13,15,19,35,2020-02-25,2,0,10.5
1016,4,5,16,29,31,32,6,2020-02-22,3,0,19.5
1015,7,13,21,25,30,33,24,2020-02-18,2,0,21.5
1014,3,15,20,22,26,29,33,2020-02-15,2,0,19.2
1013,1,9,14,27,30,37,26,2020-02-11,1,0,19.7
1012,2,5,7,10,21,39,29,2020-02-08,3,1,14
1011,10,12,16,23,26,30,32,2020-02-04,1,2,19.5
1010,19,23,26,31,35,36,24,2020-02-01,3,0,28.3
1009,1,5,12,24,29,37,10,2020-01-28,3,2,18
1008,24,30,34,37,38,39,23,2020-01-25,1,0,33.7
1007,4,16,26,28,31,33,2,2020-01-21,1,1,23
1006,3,10,18,21,26,27,28,2020-01-18,1,1,17.5
1005,4,14,15,21,28,37,32,2020-01-14,1,1,19.8
1004,4,11,24,25,26,39,20,2020-01-11,1,2,21.5
1003,2,4,10,28,33,39,3,2020-01-07,1,1,19.3
1002,13,14,21,30,31,33,22,2020-01-04,2,2,23.7
1001,10,14,16,29,33,35,31,2019-12-31,1,1,22.8
1000,2,4,5,14,34,39,36,2019-12-28,2,2,16.3
999,15,26,34,37,38,39,10,2019-12-24,1,1,31.5
998,6,10,11,26,27,29,21,2019-12-21,2,0,18.2
997,1,8,13,14,20,28,19,2019-12-17,1,1,14
996,5,12,14,32,34,39,19,2019-12-14,1,0,22.7
995,8,10,11,15,25,38,29,2019-12-10,1,1,17.8
994,3,7,14,19,22,38,33,2019-12-07,3,0,17.2
993,1,4,11,12,27,36,24,2019-12-03,1,1,15.2
992,1,2,3,6,18,34,11,2019-11-30,2,1,10.7
991,6,19,22,27,37,38,2,2019-11-26,2,2,24.8
990,2,8,13,27,36,37,3,2019-11-23,3,2,20.5
989,7,8,11,26,36,38,3,2019-11-19,2,1,21
988,1,4,7,23,25,27,8,2019-11-16,2,1,14.5
987,2,4,11,14,22,33,21,2019-11-12,2,1,14.3
986,1,17,25,30,32,33,21,2019-11-09,1,1,23
985,7,9,13,17,24,34,26,2019-11-05,3,0,17.3
984,4,5,10,15,26,27,7,2019-11-02,1,0,14.5
983,1,11,13,28,33,36,2,2019-10-29,2,0,20.3
982,2,4,8,10,14,16,30,2019-10-26,1,0,9
981,6,9,21,25,31,35,4,2019-10-22,1,1,21.2
980,1,9,12,15,33,34,23,2019-10-19,0,1,17.3
979,4,15,17,18,23,36,13,2019-10-15,2,1,18.8
978,18,19,28,29,31,33,27,2019-10-12,3,0,26.3
977,8,10,13,15,32,34,37,2019-10-08,1,1,18.7
976,5,7,10,11,27,30,16,2019-10-05,3,1,15
975,3,10,14,23,26,33,13,2019-10-01,2,2,18.2
974,12,14,18,22,23,30,31,2019-09-28,1,2,19.8
973,1,10,12,18,20,24,34,2019-09-24,0,2,14.2
972,3,10,13,18,26,34,33,2019-09-21,2,2,17.3
971,3,12,13,17,25,37,10,2019-09-17,4,1,17.8
970,5,17,20,28,30,36,25,2019-09-14,2,2,22.7
969,17,22,26,27,36,38,39,2019-09-10,1,2,27.7
968,6,21,22,30,32,38,8,2019-09-07,0,1,24.8
967,1,15,33,35,38,39,32,2019-09-03,0,1,26.8
966,2,8,15,30,32,37,31,2019-08-31,2,0,20.7
965,1,9,11,14,20,22,7,2019-08-27,1,0,12.8
964,5,6,12,16,36,37,26,2019-08-24,2,2,18.7
963,16,17,19,25,26,37,30,2019-08-20,3,0,23.3
962,5,6,27,29,34,35,26,2019-08-17,2,1,22.7
961,7,8,15,25,31,35,11,2019-08-13,2,0,20.2
960,9,14,17,30,36,37,11,2019-08-10,2,0,23.8
959,4,6,7,15,16,25,34,2019-08-06,1,0,12.2
958,8,10,17,18,36,39,33,2019-08-03,1,0,21.3
957,23,24,25,26,28,30,19,2019-07-30,1,1,26
956,13,15,26,32,38,39,9,2019-07-27,1,1,27.2
955,2,7,14,15,30,36,28,2019-07-23,2,0,17.3
954,3,11,21,23,24,38,35,2019-07-20,3,1,20
953,20,26,29,31,37,38,22,2019-07-16,3,1,30.2
952,1,4,10,26,27,33,7,2019-07-13,0,2,16.8
951,1,3,4,12,17,32,16,2019-07-09,2,2,11.5
950,7,12,17,21,24,37,14,2019-07-06,3,2,19.7
949,17,20,22,24,29,31,11,2019-07-02,3,1,23.8
948,1,8,12,17,18,23,31,2019-06-29,2,0,13.2
947,4,6,9,16,27,33,24,2019-06-25,0,1,15.8
946,6,8,18,21,23,32,4,2019-06-22,1,2,18
945,1,8,23,24,29,37,38,2019-06-18,3,0,20.3
944,2,25,27,31,33,38,9,2019-06-15,2,0,26
943,4,6,11,23,28,35,22,2019-06-11,2,1,17.8
942,2,3,6,9,21,34,31,2019-06-08,2,0,12.5
941,1,7,12,25,29,35,15,2019-06-04,2,1,18.2
940,2,7,14,19,24,37,5,2019-06-01,4,0,17.2
939,5,13,21,22,23,36,8,2019-05-28,3,0,20
938,3,6,17,24,25,33,5,2019-05-25,2,0,18
937,8,10,14,22,29,36,7,2019-05-21,1,1,19.8
936,2,4,11,22,26,35,31,2019-05-18,2,2,16.7
935,8,22,23,24,35,37,17,2019-05-14,2,1,24.8
934,8,9,11,16,21,32,31,2019-05-11,1,1,16.2
933,2,6,11,26,37,38,21,2019-05-07,3,1,20
932,12,13,26,29,35,39,15,2019-05-04,2,2,25.7
931,9,13,16,19,30,39,12,2019-04-30,2,0,21
930,2,7,17,22,32,36,27,2019-04-27,3,1,19.3
929,10,12,18,28,32,37,19,2019-04-23,1,2,22.8
928,9,12,26,28,31,36,20,2019-04-20,1,0,23.7
927,4,10,13,14,16,25,6,2019-04-16,1,2,13.7
926,4,10,30,37,38,39,35,2019-04-13,1,2,26.3
925,2,3,28,33,38,39,5,2019-04-09,2,0,23.8
924,4,5,8,15,34,35,32,2019-04-06,1,0,16.8
923,1,9,19,23,25,29,30,2019-04-02,3,1,17.7
922,11,13,23,30,31,33,37,2019-03-30,4,0,23.5
921,1,2,4,6,20,28,18,2019-03-26,1,2,10.2
920,2,7,8,9,24,28,22,2019-03-23,2,1,13
919,9,13,19,27,33,36,7,2019-03-19,2,0,22.8
918,2,5,8,25,35,38,39,2019-03-16,2,0,18.8
917,4,6,13,14,21,32,22,2019-03-12,1,2,15
916,1,6,10,18,32,37,27,2019-03-09,1,0,17.3
915,9,16,17,20,24,39,13,2019-03-05,1,0,20.8
914,7,8,11,14,26,38,18,2019-03-02,2,1,17.3
913,5,6,7,9,25,32,27,2019-02-26,2,1,14
912,7,8,15,16,24,28,18,2019-02-23,1,0,16.3
911,6,9,10,11,13,21,15,2019-02-19,2,2,11.7
910,10,20,21,25,35,39,3,2019-02-16,0,1,25
909,5,6,11,20,28,29,17,2019-02-12,3,2,16.5
908,2,12,13,20,23,29,10,2019-02-09,4,1,16.5
907,8,9,17,20,25,30,37,2019-02-05,1,3,18.2
906,7,8,10,19,20,30,29,2019-02-02,2,1,15.7
905,2,19,23,28,29,35,12,2019-01-29,4,2,22.7
904,2,5,12,14,25,29,30,2019-01-26,3,1,14.5
903,9,10,12,21,27,38,26,2019-01-22,0,1,19.5
902,4,5,6,14,21,35,32,2019-01-19,1,1,14.2
901,9,11,13,14,23,30,6,2019-01-15,3,0,16.7
900,17,18,25,27,34,36,1,2019-01-12,1,2,26.2
899,8,18,24,26,27,39,35,2019-01-08,0,3,23.7
898,16,20,24,26,27,29,1,2019-01-05,1,0,23.7
897,4,5,6,8,14,32,38,2019-01-01,1,1,11.5
896,10,16,28,29,32,33,36,2018-12-29,1,0,24.7
895,6,8,22,24,30,34,5,2018-12-25,0,2,20.7
894,2,4,5,8,15,34,13,2018-12-22,2,0,11.3
893,1,22,25,27,29,33,23,2018-12-18,1,1,22.8
892,4,15,21,23,25,32,26,2018-12-15,1,1,20
891,2,8,21,22,30,34,9,2018-12-11,1,2,19.5
890,2,9,10,19,26,30,14,2018-12-08,2,1,16
889,6,9,12,25,33,37,26,2018-12-04,1,0,20.3
888,7,19,21,28,38,39,6,2018-12-01,2,1,25.3
887,8,15,19,32,35,37,17,2018-11-27,2,1,24.3
886,10,12,23,28,35,36,19,2018-11-24,1,0,24
885,1,8,14,15,18,38,31,2018-11-20,0,2,15.7
884,1,3,15,22,24,27,16,2018-11-17,1,3,15.3
883,3,13,15,24,30,32,16,2018-11-13,2,1,19.5
882,1,9,11,22,26,32,6,2018-11-10,1,1,16.8
881,15,16,21,22,27,29,19,2018-11-06,1,0,21.7
880,5,19,25,34,35,39,31,2018-11-03,2,2,26.2
879,15,21,29,34,38,39,32,2018-10-30,1,1,29.3
878,11,14,16,29,36,37,25,2018-10-27,3,2,23.8
877,13,14,28,31,33,37,6,2018-10-23,3,2,26
876,18,24,25,28,31,38,9,2018-10-20,1,0,27.3
875,8,16,20,21,26,36,6,2018-10-16,0,1,21.2
874,15,20,24,29,31,39,4,2018-10-13,2,0,26.3
873,9,13,19,26,32,37,6,2018-10-09,3,2,22.7
872,1,8,13,14,19,35,38,2018-10-06,2,0,15
871,3,7,10,17,18,20,8,2018-10-02,3,1,12.5
870,10,14,24,26,29,30,32,2018-09-29,1,2,22.2
869,7,13,16,26,29,39,14,2018-09-25,3,1,21.7
868,6,9,14,15,16,30,7,2018-09-22,0,2,15
867,1,6,9,11,21,31,5,2018-09-18,2,0,13.2
866,3,13,19,29,30,38,18,2018-09-15,4,1,22
865,6,10,11,35,37,38,14,2018-09-11,2,1,22.8
864,3,4,7,25,31,35,11,2018-09-08,3,1,17.5
863,4,14,24,32,34,39,10,2018-09-04,0,1,24.5
862,2,13,25,27,29,39,15,2018-09-01,3,2,22.5
861,2,4,6,21,27,31,25,2018-08-28,2,1,15.2
860,1,7,12,25,31,34,13,2018-08-25,2,1,18.3
859,9,14,24,26,31,37,13,2018-08-21,2,3,23.5
858,7,9,22,26,27,37,35,2018-08-18,2,0,21.3
857,11,14,18,23,24,30,27,2018-08-14,2,1,20
856,6,21,23,26,29,31,3,2018-08-11,3,0,22.7
855,2,10,18,19,30,37,31,2018-08-07,3,1,19.3
854,8,12,15,22,25,37,17,2018-08-04,1,2,19.8
853,3,15,16,18,25,34,1,2018-07-31,1,0,18.5
852,6,9,10,17,23,37,14,2018-07-28,3,1,17
851,2,5,16,23,35,36,29,2018-07-24,3,0,19.5
850,6,7,9,13,14,26,12,2018-07-21,2,1,12.5
849,1,4,7,11,25,39,24,2018-07-17,2,1,14.5
848,2,11,14,15,19,26,9,2018-07-14,3,2,14.5
847,2,18,26,31,33,35,5,2018-07-10,2,4,24.2
846,2,26,28,31,33,37,21,2018-07-07,3,1,26.2
845,2,3,4,11,15,29,19,2018-07-03,4,1,10.7
844,1,9,11,14,32,38,24,2018-06-30,1,0,17.5
843,15,17,23,25,35,39,3,2018-06-26,2,1,25.7
842,2,3,12,14,28,39,17,2018-06-23,2,0,16.3
841,1,8,18,22,26,34,29,2018-06-19,0,1,18.2
840,8,21,24,30,32,38,28,2018-06-16,0,0,25.5
839,6,11,18,20,31,35,26,2018-06-12,2,1,20.2
838,5,6,12,13,15,21,38,2018-06-09,2,0,12
837,4,16,19,29,32,35,11,2018-06-05,2,2,22.5
836,3,8,13,19,28,32,27,2018-06-02,3,2,17.2
835,3,12,15,23,32,36,8,2018-05-29,2,1,20.2
834,7,12,13,16,30,39,22,2018-05-26,2,2,19.5
833,3,9,25,30,36,39,19,2018-05-22,1,1,23.7
832,4,12,13,23,24,25,29,2018-05-19,2,0,16.8
831,6,7,11,27,32,33,34,2018-05-15,2,1,19.3
830,16,18,26,27,29,38,6,2018-05-12,1,2,25.7
829,2,11,18,19,27,30,23,2018-05-08,3,0,17.8
828,1,5,6,24,28,39,16,2018-05-05,1,2,17.2
827,1,14,18,21,29,39,5,2018-05-01,1,0,20.3
826,3,7,12,16,17,19,20,2018-04-28,4,2,12.3
825,3,9,12,15,21,36,33,2018-04-24,1,2,16
824,3,16,18,31,36,38,37,2018-04-21,2,2,23.7
823,9,16,22,25,30,31,33,2018-04-17,1,2,22.2
822,2,4,9,19,22,37,26,2018-04-14,3,1,15.5
821,2,8,28,32,36,39,5,2018-04-10,1,2,24.2
820,2,3,8,16,20,30,31,2018-04-07,2,1,13.2
819,6,11,19,26,30,37,22,2018-04-03,3,0,21.5
818,3,5,23,28,33,34,2,2018-03-31,3,0,21
817,2,6,11,18,27,32,5,2018-03-27,2,0,16
816,14,22,25,26,29,36,3,2018-03-24,1,2,25.3
815,1,12,14,26,28,30,32,2018-03-20,0,0,18.5
814,3,13,16,24,29,37,26,2018-03-17,4,2,20.3
813,1,3,11,16,20,22,29,2018-03-13,2,2,12.2
812,3,22,25,28,30,36,10,2018-03-10,1,1,24
811,5,7,13,26,30,33,31,2018-03-06,3,0,19
810,10,17,28,34,36,38,26,2018-03-03,1,2,27.2
809,3,13,17,27,36,37,29,2018-02-27,4,1,22.2
808,8,12,13,15,24,26,16,2018-02-24,1,2,16.3
807,12,26,29,33,37,38,5,2018-02-20,2,1,29.2
806,4,9,24,25,34,38,39,2018-02-17,0,2,22.3
805,8,9,14,19,27,34,39,2018-02-13,1,1,18.5
804,5,19,23,28,29,39,35,2018-02-10,4,2,23.8
803,2,5,21,27,28,36,31,2018-02-06,2,2,19.8
802,2,4,8,33,34,36,26,2018-02-03,1,0,19.5
801,10,12,15,19,20,21,29,2018-01-30,1,1,16.2
800,7,8,12,23,26,29,3,2018-01-27,3,2,17.5
799,12,18,23,24,28,32,15,2018-01-23,1,0,22.8
798,9,14,15,26,34,37,23,2018-01-20,1,1,22.5
797,8,15,23,25,30,36,33,2018-01-16,1,1,22.8
796,11,13,16,27,36,39,29,2018-01-13,2,2,23.7
795,2,10,13,35,36,38,17,2018-01-09,2,0,22.3
794,5,14,20,26,30,37,24,2018-01-06,2,1,22
793,2,6,8,14,19,29,5,2018-01-02,3,1,13
792,5,7,8,9,27,28,16,2017-12-30,2,1,14
791,3,8,20,25,31,34,22,2017-12-26,2,1,20.2
790,3,4,5,10,17,29,25,2017-12-23,4,0,11.3
789,2,6,7,11,26,31,18,2017-12-19,4,3,13.8
788,2,6,15,24,31,36,37,2017-12-16,2,0,19
787,5,12,18,33,34,38,11,2017-12-12,1,0,23.3
786,9,10,14,20,23,36,5,2017-12-09,1,1,18.7
785,1,4,5,12,17,36,26,2017-12-05,2,1,12.5
784,12,15,23,33,37,39,6,2017-12-02,2,0,26.5
783,4,10,22,27,30,35,19,2017-11-28,0,1,21.3
782,5,6,20,22,24,26,3,2017-11-25,1,1,17.2
781,1,7,10,14,22,36,17,2017-11-21,1,0,15
780,3,15,20,24,31,39,10,2017-11-18,2,1,22
779,10,18,19,21,32,39,35,2017-11-14,1,3,23.2
778,10,16,18,19,23,38,8,2017-11-11,2,1,20.7
777,7,13,23,24,32,34,12,2017-11-07,3,1,22.2
776,7,16,21,29,38,39,12,2017-11-04,2,0,25
775,4,11,17,23,30,36,31,2017-10-31,3,0,20.2
774,2,3,13,15,33,34,19,2017-10-28,3,2,16.7
773,10,11,15,16,34,38,8,2017-10-24,1,1,20.7
772,4,19,23,26,30,34,17,2017-10-21,2,2,22.7
771,5,12,18,23,26,38,3,2017-10-17,2,2,20.3
770,7,12,20,25,26,29,3,2017-10-14,2,0,19.8
769,1,4,9,14,16,36,3,2017-10-10,0,1,13.3
768,16,22,26,32,33,38,31,2017-10-07,0,0,27.8
767,6,9,13,20,35,37,32,2017-10-03,2,1,20
766,6,21,22,26,27,34,30,2017-09-30,0,1,22.7
765,9,13,26,28,33,38,7,2017-09-26,1,1,24.5
764,15,20,21,24,32,33,14,2017-09-23,0,2,24.2
763,12,21,25,27,29,32,38,2017-09-19,1,1,24.3
762,4,7,13,23,25,33,21,2017-09-16,3,2,17.5
761,2,13,19,25,37,38,15,2017-09-12,4,0,22.3
760,1,4,7,15,23,29,20,2017-09-09,3,1,13.2
759,1,8,9,11,30,35,34,2017-09-05,1,1,15.7
758,6,8,10,25,36,39,11,2017-09-02,0,3,20.7
757,3,10,15,18,36,39,38,2017-08-29,1,0,20.2
756,1,13,22,31,32,34,10,2017-08-26,2,0,22.2
755,5,9,12,19,28,33,29,2017-08-22,2,1,17.7
754,4,6,10,11,16,19,32,2017-08-19,2,1,11
753,2,5,7,16,18,38,33,2017-08-15,3,1,14.3
752,5,22,26,29,33,34,13,2017-08-12,2,3,24.8
751,15,23,26,27,33,34,14,2017-08-08,1,0,26.3
750,14,16,24,32,36,37,2,2017-08-05,1,0,26.5
749,6,9,11,27,28,38,8,2017-08-01,1,1,19.8
748,2,3,7,8,11,16,30,2017-07-29,4,2,7.8
747,4,8,11,22,36,37,10,2017-07-25,2,2,19.7
746,9,11,19,27,33,37,7,2017-07-22,3,0,22.7
745,14,15,21,25,36,39,34,2017-07-18,0,0,25
744,2,4,7,10,11,18,20,2017-07-15,3,0,8.7
743,12,20,23,27,31,39,25,2017-07-11,2,1,25.3
742,2,6,7,13,16,23,26,2017-07-08,4,1,11.2
741,2,8,22,30,34,36,39,2017-07-04,1,0,22
740,3,13,15,27,33,39,16,2017-07-01,2,0,21.7
739,17,20,22,29,31,34,15,2017-06-27,3,0,25.5
738,2,7,14,16,23,27,35,2017-06-24,3,1,14.8
737,8,16,20,28,30,34,39,2017-06-20,0,0,22.7
736,2,4,11,14,25,37,31,2017-06-17,3,1,15.5
735,5,16,21,30,32,37,13,2017-06-13,2,1,23.5
734,2,3,13,26,30,31,34,2017-06-10,4,3,17.5
733,2,5,6,13,28,31,27,2017-06-06,4,1,14.2
732,4,10,13,23,36,39,7,2017-06-03,2,1,20.8
731,1,6,28,29,36,38,2,2017-05-30,1,3,23
730,1,17,25,27,28,38,3,2017-05-27,1,1,22.7
729,9,14,17,18,30,35,19,2017-05-23,1,1,20.5
728,8,9,16,29,36,37,19,2017-05-20,2,0,22.5
727,1,4,12,21,31,38,20,2017-05-16,1,1,17.8
726,11,16,24,33,37,38,4,2017-05-13,2,1,26.5
725,2,11,17,20,28,34,31,2017-05-09,3,2,18.7
724,11,16,24,32,34,35,38,2017-05-06,1,1,25.3
723,2,11,20,25,26,38,22,2017-05-02,2,1,20.3
722,9,13,16,20,22,34,31,2017-04-29,1,1,19
721,8,17,22,27,31,38,3,2017-04-25,2,1,23.8
720,2,5,16,18,21,27,35,2017-04-22,2,0,14.8
719,7,15,28,29,34,37,20,2017-04-18,3,0,25
718,2,4,9,12,19,21,32,2017-04-15,2,0,11.2
717,22,25,26,29,33,38,5,2017-04-11,1,1,28.8
716,1,15,25,30,34,36,9,2017-04-08,0,2,23.5
715,2,11,15,18,19,25,12,2017-04-04,3,1,15
714,15,17,23,24,26,27,2,2017-04-01,2,1,22
713,2,6,11,24,32,35,22,2017-03-28,2,3,18.3
712,1,6,9,25,32,35,4,2017-03-25,0,1,18
711,6,13,14,18,24,26,5,2017-03-21,1,0,16.8
710,8,17,23,27,33,38,1,2017-03-18,2,1,24.3
709,14,21,22,23,25,32,17,2017-03-14,1,2,22.8
708,5,17,20,21,28,32,3,2017-03-11,2,1,20.5
707,9,18,21,23,24,38,31,2017-03-07,1,1,22.2
706,4,26,32,34,38,39,7,2017-03-04,0,2,28.8
705,2,7,8,16,32,38,21,2017-02-28,2,0,17.2
704,6,13,20,27,28,35,15,2017-02-25,1,1,21.5
703,1,8,9,13,36,37,22,2017-02-21,2,1,17.3
702,2,8,12,22,23,30,11,2017-02-18,2,0,16.2
701,11,24,26,27,35,38,23,2017-02-14,1,0,26.8
700,2,5,8,18,25,31,22,2017-02-11,3,1,14.8
699,5,6,20,26,28,37,35,2017-02-07,2,2,20.3
698,5,9,20,33,34,39,18,2017-02-04,1,1,23.3
697,3,4,11,36,38,39,5,2017-01-31,2,2,21.8
696,4,5,22,23,24,36,30,2017-01-28,2,0,19
695,6,13,15,28,31,34,17,2017-01-24,2,1,21.2
694,8,11,15,20,36,37,31,2017-01-21,2,1,21.2
693,16,18,22,25,32,37,30,2017-01-17,1,1,25
692,3,15,26,27,35,37,30,2017-01-14,2,0,23.8
691,1,2,6,13,29,32,36,2017-01-10,3,0,13.8
690,16,17,18,23,30,34,4,2017-01-07,2,2,23
689,11,18,22,28,30,38,9,2017-01-03,1,1,24.5
688,1,3,10,11,29,39,26,2016-12-31,3,0,15.5
687,21,22,26,30,35,36,16,2016-12-27,0,1,28.3
686,2,10,24,30,38,39,7,2016-12-24,1,1,23.8
685,7,22,24,25,28,29,2,2016-12-20,2,1,22.5
684,2,6,15,20,22,30,23,2016-12-17,1,1,15.8
683,8,12,19,30,31,39,25,2016-12-13,2,1,23.2
682,7,13,17,23,28,31,30,2016-12-10,5,1,19.8
681,8,15,23,24,25,32,34,2016-12-06,1,0,21.2
680,1,7,14,17,33,35,34,2016-12-03,2,1,17.8
679,4,6,9,16,35,36,38,2016-11-29,0,0,17.7
678,1,12,13,26,38,39,20,2016-11-26,1,2,21.5
677,1,4,6,12,16,20,37,2016-11-22,0,1,9.8
676,1,7,10,11,18,19,28,2016-11-19,3,1,11
675,1,13,15,26,32,39,10,2016-11-15,1,1,21
674,7,23,31,35,37,39,20,2016-11-12,4,0,28.7
673,18,24,28,29,34,38,14,2016-11-08,1,1,28.5
672,1,11,12,22,33,34,27,2016-11-05,1,1,18.8
671,7,10,12,27,32,39,15,2016-11-01,1,1,21.2
670,9,10,19,21,28,33,3,2016-10-29,1,0,20
669,5,11,16,20,30,34,27,2016-10-25,2,0,19.3
668,2,18,19,26,28,31,15,2016-10-22,3,1,20.7
667,4,8,15,21,26,32,37,2016-10-18,0,0,17.7
666,13,17,20,25,35,38,10,2016-10-15,2,1,24.7
665,4,6,21,25,34,36,9,2016-10-11,0,2,21
664,4,5,7,14,21,26,8,2016-10-08,2,1,12.8
663,8,19,20,25,26,39,36,2016-10-04,1,1,22.8
662,3,8,11,16,18,34,15,2016-10-01,2,1,15
661,12,13,16,20,21,22,33,2016-09-27,1,0,17.3
660,4,8,18,25,27,28,14,2016-09-24,0,1,18.3
659,6,13,21,27,32,36,29,2016-09-20,1,2,22.5
658,4,14,16,18,27,36,30,2016-09-17,0,0,19.2
657,7,11,17,31,34,38,5,2016-09-13,4,1,23
656,5,6,7,18,36,39,14,2016-09-10,2,2,18.5
655,7,15,19,26,36,38,14,2016-09-06,2,1,23.5
654,2,23,27,28,36,37,5,2016-09-03,3,2,25.5
653,11,16,26,27,35,36,8,2016-08-30,1,0,25.2
652,3,7,10,17,28,37,22,2016-08-27,4,1,17
651,3,24,25,27,34,35,22,2016-08-23,1,1,24.7
650,1,4,10,25,30,33,8,2016-08-20,0,0,17.2
649,13,15,29,31,32,36,23,2016-08-16,3,1,26
648,4,12,21,30,33,36,10,2016-08-13,0,1,22.7
647,1,10,26,29,33,38,20,2016-08-09,1,1,22.8
646,10,12,13,18,27,36,8,2016-08-06,1,0,19.3
645,1,15,17,29,30,35,20,2016-08-02,2,0,21.2
644,2,5,11,16,27,32,10,2016-07-30,3,2,15.5
643,11,14,16,28,38,39,37,2016-07-26,1,0,24.3
642,13,18,21,31,33,36,25,2016-07-23,2,0,25.3
641,11,24,25,27,30,34,36,2016-07-19,1,0,25.2
640,4,14,17,22,26,29,30,2016-07-16,2,0,18.7
639,6,7,11,27,37,39,12,2016-07-12,3,1,21.2
638,2,6,14,21,31,35,32,2016-07-09,2,0,18.2
637,3,4,8,26,29,33,2,2016-07-05,2,2,17.2
636,1,7,8,10,22,33,28,2016-07-02,1,1,13.5
635,5,8,11,14,17,28,26,2016-06-28,3,0,13.8
634,10,15,22,27,31,32,17,2016-06-25,1,1,22.8
633,3,8,12,29,32,33,5,2016-06-21,2,3,19.5
632,3,4,22,24,29,32,23,2016-06-18,2,0,19
631,2,5,7,15,19,23,28,2016-06-14,5,0,11.8
630,8,9,13,14,21,30,29,2016-06-11,1,1,15.8
629,7,8,18,19,23,31,2,2016-06-07,4,1,17.7
628,4,15,16,21,23,26,6,2016-06-04,1,1,17.5
627,13,16,24,28,37,39,5,2016-05-31,2,0,26.2
626,2,4,8,20,27,31,30,2016-05-28,2,1,15.3
625,5,9,14,18,20,25,1,2016-05-24,1,0,15.2
624,4,28,29,33,34,38,15,2016-05-21,1,0,27.7
623,10,11,15,16,32,35,30,2016-05-17,1,1,19.8
622,4,22,23,31,32,38,36,2016-05-14,2,1,25
621,7,11,14,16,17,23,22,2016-05-10,4,1,14.7
620,4,6,14,26,36,37,30,2016-05-07,1,1,20.5
619,1,13,15,26,29,34,24,2016-05-03,2,0,19.7
618,3,6,12,20,23,37,19,2016-04-30,3,1,16.8
617,4,5,6,13,31,32,30,2016-04-26,3,2,15.2
616,1,2,5,13,18,20,30,2016-04-23,3,1,9.8
615,5,8,14,22,26,28,12,2016-04-19,1,1,17.2
614,7,12,13,14,21,29,8,2016-04-16,3,0,16
613,3,4,19,27,36,37,34,2016-04-12,3,1,21
612,1,8,18,20,22,37,3,2016-04-09,1,0,17.7
611,23,26,28,31,32,36,24,2016-04-05,2,0,29.3
610,4,8,9,12,21,24,7,2016-04-02,0,3,13
609,9,21,24,28,31,36,33,2016-03-29,1,2,24.8
608,8,10,12,21,22,31,15,2016-03-26,1,2,17.3
607,9,21,28,30,31,38,34,2016-03-22,1,1,26.2
606,1,15,23,26,29,30,10,2016-03-19,2,1,20.7
605,12,15,21,22,35,36,10,2016-03-15,0,2,23.5
604,6,20,24,35,36,37,15,2016-03-12,1,2,26.3
603,6,7,9,22,28,35,5,2016-03-08,1,1,17.8
602,10,12,16,28,32,38,20,2016-03-05,0,1,22.7
601,8,24,25,26,30,32,35,2016-03-01,0,1,24.2
600,2,3,9,29,30,38,14,2016-02-27,3,0,18.5
599,7,15,22,27,37,39,21,2016-02-23,2,2,24.5
598,5,7,13,27,28,30,4,2016-02-20,3,1,18.3
597,3,4,8,12,27,38,24,2016-02-16,1,2,15.3
596,2,3,15,27,30,35,33,2016-02-13,2,2,18.7
595,2,5,15,18,21,22,6,2016-02-09,2,2,13.8
594,4,6,11,18,19,22,12,2016-02-06,2,1,13.3
593,14,19,21,25,34,35,28,2016-02-02,1,1,24.7
592,2,3,7,22,25,30,6,2016-01-30,3,0,14.8
591,6,17,20,24,26,28,3,2016-01-26,1,1,20.2
590,1,10,19,24,32,35,36,2016-01-23,1,1,20.2
589,10,12,20,23,31,36,15,2016-01-19,2,1,22
588,11,13,27,29,30,31,34,2016-01-16,4,1,23.5
587,2,10,13,26,35,39,7,2016-01-12,2,1,20.8
586,7,17,28,34,37,39,6,2016-01-09,3,1,27
585,5,6,13,31,33,39,11,2016-01-05,3,1,21.2
584,8,10,19,29,37,39,31,2016-01-02,3,2,23.7
583,1,6,8,10,27,34,29,2015-12-29,0,1,14.3
582,7,11,15,18,34,35,6,2015-12-26,2,1,20
581,9,11,22,29,31,33,32,2015-12-22,3,0,22.5
580,5,18,19,20,27,35,33,2015-12-19,2,3,20.7
579,11,14,15,19,27,35,17,2015-12-15,2,1,20.2
578,2,4,15,22,25,38,30,2015-12-12,1,1,17.7
577,15,17,23,28,30,35,22,2015-12-08,2,3,24.7
576,1,4,17,19,30,35,22,2015-12-05,2,2,17.7
575,4,5,10,19,22,37,2,2015-12-01,3,1,16.2
574,6,22,24,25,26,28,12,2015-11-28,0,2,21.8
573,6,18,19,20,25,36,26,2015-11-24,1,0,20.7
572,2,11,14,16,29,32,7,2015-11-21,3,2,17.3
571,6,11,16,20,22,31,35,2015-11-17,2,1,17.7
570,4,6,12,24,37,38,27,2015-11-14,1,1,20.2
569,5,8,10,11,12,39,3,2015-11-10,2,1,14.2
568,11,20,25,26,31,35,27,2015-11-07,2,0,24.7
567,1,7,10,15,19,39,28,2015-11-03,2,0,15.2
566,2,6,22,25,26,33,7,2015-10-31,1,1,19
565,1,3,12,16,20,22,8,2015-10-27,1,1,12.3
564,2,4,17,20,24,33,8,2015-10-24,2,0,16.7
563,5,12,21,23,34,38,9,2015-10-20,2,1,22.2
562,9,13,24,25,29,38,30,2015-10-17,2,1,23
561,1,11,24,26,32,33,12,2015-10-13,1,1,21.2
560,6,10,14,15,29,33,17,2015-10-10,1,0,17.8
559,27,30,32,35,36,38,15,2015-10-06,0,1,33
558,7,14,16,25,31,38,4,2015-10-03,2,1,21.8
557,1,3,16,26,33,34,8,2015-09-29,1,1,18.8
556,8,19,21,29,33,39,20,2015-09-26,2,0,24.8
555,1,9,20,27,32,36,30,2015-09-22,0,2,20.8
554,1,14,21,24,29,32,3,2015-09-19,1,0,20.2
553,2,3,8,9,12,37,33,2015-09-15,3,1,11.8
552,10,12,16,22,31,34,24,2015-09-12,1,1,20.8
551,7,10,11,13,23,26,25,2015-09-08,4,2,15
550,10,13,19,21,24,25,1,2015-09-05,2,1,18.7
549,10,14,16,22,27,28,31,2015-09-01,0,1,19.5
548,10,15,24,31,36,38,12,2015-08-29,1,0,25.7
547,1,3,12,19,30,35,37,2015-08-25,2,0,16.7
546,4,8,10,17,18,36,39,2015-08-22,1,1,15.5
545,7,20,25,26,36,37,6,2015-08-18,2,2,25.2
544,2,4,5,20,22,26,38,2015-08-15,2,0,13.2
543,9,10,16,17,18,34,15,2015-08-11,1,1,17.3
542,1,12,17,22,30,31,4,2015-08-08,2,2,18.8
541,12,19,22,24,28,38,4,2015-08-04,1,1,23.8
540,4,5,32,34,37,38,2,2015-08-01,2,1,25
539,12,20,24,28,38,39,18,2015-07-28,0,2,26.8
538,4,19,27,28,36,38,9,2015-07-25,1,1,25.3
537,7,10,23,27,31,39,16,2015-07-21,3,2,22.8
536,11,14,19,23,31,37,8,2015-07-18,5,1,22.5
535,5,15,20,21,24,31,12,2015-07-14,2,2,19.3
534,14,15,20,23,26,38,34,2015-07-11,1,1,22.7
533,5,8,17,21,26,34,10,2015-07-07,2,0,18.5
532,9,15,23,24,31,35,3,2015-07-04,2,2,22.8
531,8,9,15,19,29,39,14,2015-06-30,2,0,19.8
530,3,10,13,20,33,38,35,2015-06-27,2,2,19.5
529,10,22,23,25,33,39,20,2015-06-23,1,1,25.3
528,18,20,23,24,26,35,16,2015-06-20,1,1,24.3
527,10,25,26,30,36,38,19,2015-06-16,0,0,27.5
526,8,14,17,28,29,31,7,2015-06-13,3,2,21.2
525,4,20,22,28,31,34,7,2015-06-09,1,1,23.2
524,6,12,18,24,25,31,37,2015-06-06,1,2,19.3
523,6,14,18,32,34,36,22,2015-06-02,0,1,23.3
522,3,4,7,9,10,32,24,2015-05-30,2,2,10.8
521,7,17,20,32,34,39,22,2015-05-26,2,1,24.8
520,4,9,11,12,17,26,29,2015-05-23,2,1,13.2
519,2,15,17,31,34,38,35,2015-05-19,3,0,22.8
518,6,12,16,18,33,36,5,2015-05-16,0,1,20.2
517,2,5,16,21,25,31,28,2015-05-12,3,1,16.7
516,5,17,20,26,27,33,38,2015-05-09,2,0,21.3
515,3,7,9,25,29,32,33,2015-05-05,3,2,17.5
514,9,11,20,27,31,32,37,2015-05-02,2,0,21.7
513,4,19,26,28,34,36,8,2015-04-28,1,2,24.5
512,6,10,13,14,34,36,29,2015-04-25,1,0,18.8
511,1,24,25,29,37,38,5,2015-04-21,2,0,25.7
510,9,15,18,26,32,34,33,2015-04-18,0,1,22.3
509,5,6,11,12,22,26,31,2015-04-14,2,2,13.7
508,4,12,14,16,26,39,3,2015-04-11,0,1,18.5
507,4,5,27,29,33,36,11,2015-04-07,2,1,22.3
506,8,11,15,24,33,39,32,2015-04-04,1,1,21.7
505,3,7,15,16,32,38,5,2015-03-31,2,0,18.5
504,4,5,10,14,31,39,34,2015-03-28,2,0,17.2
503,16,21,22,25,32,33,36,2015-03-24,0,0,24.8
502,10,13,15,23,24,27,11,2015-03-21,2,1,18.7
501,2,19,23,32,35,39,29,2015-03-17,3,0,25
500,5,10,20,22,30,34,26,2015-03-14,1,0,20.2
499,3,14,17,21,23,35,29,2015-03-10,3,1,18.8
498,1,3,5,24,34,37,30,2015-03-07,3,0,17.3
497,7,8,21,28,32,38,14,2015-03-03,1,0,22.3
496,1,13,18,22,24,39,35,2015-02-28,1,0,19.5
495,4,7,8,9,11,26,37,2015-02-24,2,2,10.8
494,1,5,7,25,26,38,33,2015-02-21,2,2,17
493,14,18,25,26,29,39,9,2015-02-17,1,1,25.2
492,4,5,9,22,33,39,17,2015-02-14,1,1,18.7
491,1,8,9,14,23,26,31,2015-02-10,1,2,13.5
490,1,2,20,23,27,29,33,2015-02-07,3,0,17
489,4,9,10,35,38,39,8,2015-02-03,0,1,22.5
488,3,9,13,29,32,36,6,2015-01-31,3,0,20.3
487,10,14,18,27,33,35,26,2015-01-27,0,0,22.8
486,1,4,13,26,29,32,12,2015-01-24,2,1,17.5
485,6,15,20,24,26,39,37,2015-01-20,0,1,21.7
484,10,22,26,28,32,33,30,2015-01-17,0,2,25.2
483,2,10,11,19,33,35,8,2015-01-13,3,1,18.3
482,9,15,19,24,30,34,31,2015-01-10,1,1,21.8
481,1,2,12,13,17,24,14,2015-01-06,3,3,11.5
480,1,13,17,22,25,31,23,2015-01-03,3,1,18.2
479,10,11,21,31,34,38,24,2014-12-30,2,2,24.2
478,9,13,14,34,36,38,19,2014-12-27,1,2,24
477,8,12,14,28,34,35,6,2014-12-23,0,0,21.8
476,2,11,16,17,32,37,13,2014-12-20,4,1,19.2
475,6,11,20,25,31,39,13,2014-12-16,2,0,22
474,10,15,16,22,26,33,27,2014-12-13,0,3,20.3
473,10,11,16,17,19,26,14,2014-12-09,3,0,16.5
472,2,3,8,12,30,33,27,2014-12-06,2,0,14.7
471,1,4,5,17,24,34,6,2014-12-02,2,0,14.2
470,7,8,10,20,21,25,6,2014-11-29,1,1,15.2
469,2,6,11,12,17,21,4,2014-11-25,3,1,11.5
468,3,4,12,14,19,20,34,2014-11-22,2,2,12
467,4,14,15,21,24,31,9,2014-11-18,1,0,18.2
466,1,8,16,17,20,30,13,2014-11-15,1,0,15.3
465,10,21,23,32,34,39,29,2014-11-11,1,2,26.5
464,11,24,25,27,32,34,23,2014-11-08,1,0,25.5
463,1,3,7,12,18,37,21,2014-11-04,3,1,13
462,2,5,7,9,19,35,34,2014-11-01,4,1,12.8
461,2,10,29,31,36,37,38,2014-10-28,4,0,24.2
460,4,13,22,24,33,39,27,2014-10-25,1,1,22.5
459,10,29,30,32,33,34,38,2014-10-21,1,1,28
458,9,16,19,21,33,38,30,2014-10-18,1,0,22.7
457,8,10,11,20,22,37,14,2014-10-14,2,1,18
456,4,5,8,9,21,29,31,2014-10-11,2,1,12.7
455,1,11,12,29,33,37,32,2014-10-07,3,0,20.5
454,6,8,13,14,15,20,12,2014-10-04,1,1,12.7
453,6,17,28,30,36,38,33,2014-09-30,1,1,25.8
452,6,12,24,25,33,39,26,2014-09-27,0,1,23.2
451,5,7,14,19,21,24,33,2014-09-23,3,2,15
450,12,19,22,24,35,38,36,2014-09-20,1,2,25
449,11,12,14,22,26,36,4,2014-09-16,1,0,20.2
448,3,10,13,24,31,33,26,2014-09-13,3,3,19
447,9,10,19,24,25,33,12,2014-09-09,1,2,20
446,1,11,19,23,24,27,20,2014-09-06,3,1,17.5
445,5,11,13,16,18,26,37,2014-09-02,3,1,14.8
444,24,25,26,28,31,38,10,2014-08-30,1,1,28.7
443,4,8,9,25,34,36,24,2014-08-26,0,3,19.3
442,4,5,17,22,25,34,36,2014-08-23,2,2,17.8
441,1,2,10,17,22,38,8,2014-08-19,2,0,15
440,21,29,31,34,36,39,38,2014-08-16,2,1,31.7
439,1,6,23,25,30,34,2,2014-08-12,1,1,19.8
438,11,14,21,24,25,32,6,2014-08-09,1,0,21.2
437,9,15,19,20,26,34,22,2014-08-05,1,0,20.5
436,6,8,10,13,16,21,15,2014-08-02,1,0,12.3
435,7,12,20,22,25,34,30,2014-07-29,1,2,20
434,3,4,18,19,20,25,36,2014-07-26,2,0,14.8
433,22,23,30,32,35,37,2,2014-07-22,2,0,29.8
432,4,9,18,26,27,39,10,2014-07-19,0,3,20.5
431,2,9,13,17,26,27,28,2014-07-15,3,2,15.7
430,2,4,7,19,27,35,13,2014-07-12,3,0,15.7
429,1,13,16,17,31,34,8,2014-07-08,3,1,18.7
428,14,17,19,24,28,33,9,2014-07-05,2,1,22.5
427,4,6,13,19,25,36,17,2014-07-01,2,0,17.2
426,1,17,20,26,38,39,37,2014-06-28,1,1,23.5
425,1,12,15,18,23,27,16,2014-06-24,1,2,16
424,1,3,4,12,19,32,16,2014-06-21,2,0,11.8
423,11,14,20,21,30,33,28,2014-06-17,1,0,21.5
422,8,13,25,34,36,37,27,2014-06-14,2,1,25.5
421,8,18,24,27,28,30,23,2014-06-10,0,1,22.5
420,4,7,17,18,25,32,5,2014-06-07,2,0,17.2
419,9,22,31,33,37,39,3,2014-06-03,2,0,28.5
418,7,12,14,21,25,26,29,2014-05-31,1,1,17.5
417,5,6,12,16,19,28,27,2014-05-27,2,2,14.3
416,6,16,17,25,29,34,27,2014-05-24,2,3,21.2
415,4,5,6,12,17,25,21,2014-05-20,2,1,11.5
414,1,4,14,16,20,23,38,2014-05-17,1,0,13
413,8,22,25,27,32,36,34,2014-05-13,0,0,25
412,4,7,15,19,21,29,12,2014-05-10,3,0,15.8
411,2,12,20,35,36,39,38,2014-05-06,1,0,24
410,1,15,16,23,29,37,4,2014-05-03,3,0,20.2
409,8,14,33,34,38,39,22,2014-04-29,0,1,27.7
408,3,16,23,25,31,38,37,2014-04-26,3,0,22.7
407,8,10,14,18,32,33,17,2014-04-22,0,1,19.2
406,3,14,22,27,35,39,38,2014-04-19,1,0,23.3
405,6,13,15,16,19,38,4,2014-04-15,2,1,17.8
404,8,14,22,32,38,39,13,2014-04-12,0,1,25.5
403,7,13,16,24,37,39,28,2014-04-08,3,2,22.7
402,1,10,26,35,37,39,17,2014-04-05,1,2,24.7
401,7,10,15,24,26,31,38,2014-04-01,2,2,18.8
400,10,11,12,22,26,30,15,2014-03-29,1,0,18.5
399,3,7,8,19,20,31,38,2014-03-25,4,2,14.7
398,7,9,12,15,22,31,30,2014-03-22,2,0,16
397,11,21,26,27,33,34,38,2014-03-18,1,1,25.3
396,12,17,23,25,33,36,38,2014-03-15,2,1,24.3
395,7,13,18,30,36,37,10,2014-03-11,3,2,23.5
394,5,9,18,23,32,37,1,2014-03-08,3,1,20.7
393,8,10,23,26,33,38,25,2014-03-04,1,0,23
392,5,11,14,15,18,32,2,2014-03-01,2,2,15.8
391,1,3,9,11,20,32,17,2014-02-25,2,0,12.7
390,5,18,23,34,37,38,29,2014-02-22,3,3,25.8
389,18,24,28,31,34,37,7,2014-02-18,2,2,28.7
388,7,9,10,26,31,37,33,2014-02-15,3,3,20
387,3,6,10,16,31,37,19,2014-02-11,3,2,17.2
386,3,14,17,19,31,35,27,2014-02-08,4,2,19.8
385,19,20,22,24,27,35,7,2014-02-04,1,0,24.5
384,13,25,28,31,34,36,15,2014-02-01,2,1,27.8
383,3,8,12,22,28,39,16,2014-01-28,1,0,18.7
382,1,2,13,20,31,38,11,2014-01-25,3,2,17.5
381,4,5,13,21,38,39,19,2014-01-21,2,1,20
380,4,6,16,26,30,34,22,2014-01-18,0,1,19.3
379,4,7,14,32,37,38,16,2014-01-14,2,2,22
378,7,10,12,26,32,36,17,2014-01-11,1,1,20.5
377,3,15,18,24,27,36,23,2014-01-07,1,0,20.5
376,4,11,16,25,29,39,30,2014-01-04,2,0,20.7
375,2,12,13,18,21,34,19,2013-12-31,2,3,16.7
374,12,15,18,20,21,28,29,2013-12-28,0,3,19
373,1,2,12,18,21,25,26,2013-12-24,1,2,13.2
372,2,4,16,25,33,38,28,2013-12-21,1,0,19.7
371,11,17,18,28,31,36,33,2013-12-17,3,1,23.5
370,10,16,22,35,36,38,27,2013-12-14,0,1,26.2
369,1,8,20,21,27,36,12,2013-12-10,0,1,18.8
368,10,14,18,22,27,33,13,2013-12-07,0,1,20.7
367,14,16,17,25,26,38,15,2013-12-03,1,3,22.7
366,16,17,25,28,36,39,38,2013-11-30,1,0,26.8
365,14,18,21,29,34,38,33,2013-11-26,1,1,25.7
364,8,13,19,21,23,31,17,2013-11-23,4,1,19.2
363,6,10,11,17,23,34,37,2013-11-19,3,1,16.8
362,3,6,8,18,26,30,35,2013-11-16,1,1,15.2
361,8,20,27,29,32,39,5,2013-11-12,1,2,25.8
360,1,22,25,26,27,32,23,2013-11-09,0,1,22.2
359,5,13,17,18,32,35,8,2013-11-05,3,1,20
358,6,9,13,14,20,37,38,2013-11-02,2,0,16.5
357,1,12,16,21,28,39,24,2013-10-29,0,2,19.5
356,1,4,10,11,21,29,2,2013-10-26,2,1,12.7
355,1,2,6,8,23,31,39,2013-10-22,3,1,11.8
354,1,13,25,32,34,35,19,2013-10-19,1,0,23.3
353,7,20,23,24,28,33,12,2013-10-15,2,2,22.5
352,20,21,22,24,31,38,33,2013-10-12,1,0,26
351,11,14,27,29,32,33,13,2013-10-08,2,1,24.3
350,11,12,13,31,34,39,21,2013-10-05,3,0,23.3
349,3,6,8,17,33,38,16,2013-10-01,2,1,17.5
348,5,14,16,28,33,39,27,2013-09-28,1,1,22.5
347,3,10,21,23,25,28,22,2013-09-24,2,0,18.3
346,4,6,13,16,32,35,33,2013-09-21,1,0,17.7
345,1,3,22,29,33,34,25,2013-09-17,2,1,20.3
344,4,12,18,27,31,34,2,2013-09-14,1,0,21
343,9,21,24,33,36,37,18,2013-09-10,1,2,26.7
342,4,5,10,24,26,37,9,2013-09-07,2,1,17.7
341,12,13,15,20,26,38,1,2013-09-03,1,0,20.7
340,2,22,23,24,31,39,27,2013-08-31,3,1,23.5
339,5,18,24,25,35,38,4,2013-08-27,1,0,24.2
338,1,11,13,17,21,27,29,2013-08-24,3,1,15
337,6,12,21,24,25,36,20,2013-08-20,0,1,20.7
336,3,7,12,18,34,35,30,2013-08-17,2,0,18.2
335,8,11,17,31,36,38,37,2013-08-13,3,0,23.5
334,2,6,9,20,21,25,35,2013-08-10,1,0,13.8
333,4,8,15,19,33,35,9,2013-08-06,1,1,19
332,2,4,17,31,37,38,11,2013-08-03,4,1,21.5
331,11,13,23,32,37,39,9,2013-07-30,4,1,25.8
330,7,9,16,19,30,37,14,2013-07-27,3,1,19.7
329,1,2,10,14,19,32,8,2013-07-23,2,1,13
328,20,22,25,29,31,32,8,2013-07-20,2,1,26.5
327,3,7,14,17,24,25,37,2013-07-16,3,2,15
326,6,7,22,25,27,31,38,2013-07-13,2,1,19.7
325,5,11,20,25,26,29,14,2013-07-09,3,1,19.3
324,10,13,24,26,27,31,1,2013-07-06,2,2,21.8
323,1,7,12,24,27,29,25,2013-07-02,2,2,16.7
322,1,4,13,21,29,36,30,2013-06-29,2,2,17.3
321,9,13,18,29,35,39,34,2013-06-25,2,1,23.8
320,4,5,19,25,36,39,9,2013-06-22,2,1,21.3
319,1,7,25,31,32,37,24,2013-06-18,3,0,22.2
318,2,23,27,28,29,30,18,2013-06-15,3,1,23.2
317,4,7,19,22,30,36,33,2013-06-11,2,0,19.7
316,18,24,27,32,35,39,38,2013-06-08,0,1,29.2
315,13,21,25,29,32,37,3,2013-06-04,3,1,26.2
314,1,13,20,23,31,35,10,2013-06-01,3,0,20.5
313,6,15,25,29,37,39,13,2013-05-28,2,1,25.2
312,1,15,18,19,21,27,36,2013-05-25,1,1,16.8
311,5,12,24,27,28,35,26,2013-05-21,1,0,21.8
310,7,10,11,14,16,32,13,2013-05-18,2,1,15
309,3,5,8,14,17,33,18,2013-05-14,3,0,13.3
308,6,11,18,24,31,34,33,2013-05-11,2,1,20.7
307,4,7,14,21,34,37,26,2013-05-07,2,1,19.5
306,2,10,19,26,37,39,4,2013-05-04,3,1,22.2
305,2,11,13,20,24,35,10,2013-04-30,3,1,17.5
304,1,11,12,21,23,36,14,2013-04-27,2,0,17.3
303,3,14,16,35,37,39,30,2013-04-23,2,1,24
302,2,4,8,14,23,38,11,2013-04-20,2,1,14.8
301,5,11,22,23,31,35,7,2013-04-16,4,0,21.2
300,3,17,24,26,30,34,20,2013-04-13,2,2,22.3
299,17,18,25,31,34,35,16,2013-04-09,2,1,26.7
298,5,15,16,30,31,38,20,2013-04-06,2,1,22.5
297,2,22,27,29,31,37,13,2013-04-02,4,2,24.7
296,1,2,24,31,32,33,20,2013-03-30,2,0,20.5
295,11,15,18,26,28,38,6,2013-03-26,1,2,22.7
294,13,18,25,27,28,30,12,2013-03-23,1,0,23.5
293,2,3,12,21,29,39,23,2013-03-19,3,1,17.7
292,8,13,21,23,24,28,12,2013-03-16,2,1,19.5
291,10,14,20,27,28,32,22,2013-03-12,0,2,21.8
290,2,14,28,29,30,37,7,2013-03-09,3,0,23.3
289,1,15,19,24,32,38,28,2013-03-05,1,0,21.5
288,6,9,16,21,31,34,3,2013-03-02,1,1,19.5
287,1,4,16,22,32,33,7,2013-02-26,0,1,18
286,6,7,8,10,16,27,29,2013-02-23,1,1,12.3
285,2,7,15,17,25,37,29,2013-02-19,4,1,17.2
284,1,2,3,13,18,19,15,2013-02-16,4,2,9.3
283,1,3,25,29,35,37,7,2013-02-12,3,1,21.7
282,8,16,17,21,26,37,23,2013-02-09,2,1,20.8
281,14,15,19,21,24,35,31,2013-02-05,1,0,21.3
280,2,6,9,17,30,36,25,2013-02-02,2,0,16.7
279,3,15,21,25,26,32,22,2013-01-29,1,0,20.3
278,11,18,33,34,35,36,2,2013-01-26,1,2,27.8
277,8,11,19,22,34,37,25,2013-01-22,3,0,21.8
276,4,14,15,26,33,39,6,2013-01-19,0,0,21.8
275,3,17,30,31,37,38,35,2013-01-15,4,0,26
274,10,19,25,28,32,39,3,2013-01-12,1,1,25.5
273,5,10,17,24,27,37,19,2013-01-08,3,1,20
272,1,5,19,26,31,34,13,2013-01-05,3,1,19.3
271,5,7,8,12,23,36,14,2013-01-01,3,2,15.2
270,5,12,15,18,32,37,25,2012-12-29,2,2,19.8
269,4,8,14,15,29,37,2,2012-12-25,2,1,17.8
268,1,2,10,23,28,37,19,2012-12-22,3,2,16.8
267,7,9,23,24,28,29,33,2012-12-18,3,0,20
266,4,6,13,25,33,36,16,2012-12-15,1,2,19.5
265,5,6,13,14,29,32,2,2012-12-11,3,1,16.5
264,7,14,15,20,35,37,12,2012-12-08,2,1,21.3
263,6,9,30,35,38,39,8,2012-12-04,0,1,26.2
262,4,5,20,27,30,32,14,2012-12-01,1,0,19.7
261,16,25,29,34,36,38,31,2012-11-27,1,1,29.7
260,5,6,19,21,25,33,10,2012-11-24,2,0,18.2
259,2,7,12,20,34,35,11,2012-11-20,2,0,18.3
258,9,11,16,17,26,28,38,2012-11-17,2,1,17.8
257,3,8,13,16,19,25,31,2012-11-13,3,2,14
256,3,5,7,13,15,37,2,2012-11-10,5,0,13.3
255,8,16,24,30,32,34,38,2012-11-06,0,0,24
254,2,4,12,14,19,33,6,2012-11-03,2,2,14
253,4,9,14,17,31,34,25,2012-10-30,2,0,18.2
252,3,19,20,25,37,39,6,2012-10-27,3,1,23.8
251,1,16,19,32,35,36,14,2012-10-23,1,3,23.2
250,4,6,16,32,36,39,14,2012-10-20,0,1,22.2
249,6,11,14,24,37,38,4,2012-10-16,2,1,21.7
248,4,5,7,14,15,26,36,2012-10-13,2,1,11.8
247,4,9,24,25,36,39,17,2012-10-09,0,1,22.8
246,10,14,15,31,33,36,29,2012-10-06,1,1,23.2
245,4,18,25,26,36,37,15,2012-10-02,1,1,24.3
244,2,13,17,18,24,38,37,2012-09-29,3,1,18.7
243,8,12,20,24,25,36,3,2012-09-25,0,1,20.8
242,3,13,17,20,22,34,25,2012-09-22,3,1,18.2
241,2,17,23,30,33,38,18,2012-09-18,3,0,23.8
240,10,18,21,27,35,39,8,2012-09-15,0,2,25
239,2,3,18,30,31,39,32,2012-09-11,3,0,20.5
238,6,9,12,19,20,32,11,2012-09-08,1,1,16.3
237,5,6,10,16,29,38,30,2012-09-04,2,1,17.3
236,9,16,20,22,24,27,28,2012-09-01,0,1,19.7
235,6,16,18,19,30,37,38,2012-08-28,2,0,21
234,2,3,4,25,34,39,8,2012-08-25,2,0,17.8
233,17,24,27,32,36,38,15,2012-08-21,1,0,29
232,7,8,13,16,29,35,9,2012-08-18,3,0,18
231,1,4,11,20,26,37,38,2012-08-14,2,1,16.5
230,4,15,18,23,29,34,25,2012-08-11,2,1,20.5
229,13,15,16,17,24,33,31,2012-08-07,2,2,19.7
228,1,6,14,15,33,36,22,2012-08-04,0,1,17.5
227,16,21,25,29,34,36,10,2012-07-31,1,1,26.8
226,7,10,13,25,30,38,22,2012-07-28,2,1,20.5
225,1,2,7,20,21,33,6,2012-07-24,2,0,14
224,4,9,12,17,18,37,20,2012-07-21,2,2,16.2
223,1,8,10,12,20,37,39,2012-07-17,1,1,14.7
222,8,16,17,18,25,38,4,2012-07-14,1,1,20.3
221,7,8,13,27,33,35,4,2012-07-10,2,0,20.5
220,3,9,26,29,38,39,14,2012-07-07,2,0,24
219,4,15,19,27,28,36,7,2012-07-03,1,0,21.5
218,3,7,11,14,21,24,2,2012-06-30,3,0,13.3
217,6,13,20,29,35,37,5,2012-06-26,3,2,23.3
216,3,4,18,21,29,35,37,2012-06-23,2,0,18.3
215,6,9,17,20,37,39,1,2012-06-19,2,3,21.3
214,3,6,9,24,38,39,36,2012-06-16,1,0,19.8
213,13,17,18,21,26,34,27,2012-06-12,2,1,21.5
212,6,7,14,16,21,35,36,2012-06-09,1,1,16.5
211,7,12,18,27,28,29,4,2012-06-05,2,1,20.2
210,8,15,18,19,20,30,2,2012-06-02,1,1,18.3
209,3,11,16,20,29,36,8,2012-05-29,3,0,19.2
208,12,21,28,31,33,35,39,2012-05-26,1,0,26.7
207,7,20,22,23,24,38,29,2012-05-22,2,1,22.3
206,23,29,30,32,34,37,22,2012-05-19,3,1,30.8
205,8,9,15,16,22,29,3,2012-05-15,1,0,16.5
204,2,6,7,12,30,37,4,2012-05-12,3,1,15.7
203,6,8,9,15,34,35,25,2012-05-08,0,1,17.8
202,5,7,19,23,32,35,1,2012-05-05,4,2,20.2
201,7,15,16,17,20,32,26,2012-05-01,2,1,17.8
200,9,20,22,27,37,38,30,2012-04-28,1,0,25.5
199,3,14,23,24,25,26,35,2012-04-24,2,0,19.2
198,5,6,9,10,15,35,32,2012-04-21,1,0,13.3
197,3,18,28,30,32,36,33,2012-04-17,1,1,24.5
196,7,8,11,15,19,30,33,2012-04-14,3,2,15
195,15,19,23,24,29,33,3,2012-04-10,3,0,23.8
194,5,8,11,13,18,25,4,2012-04-07,3,2,13.3
193,11,16,18,30,32,33,14,2012-04-03,1,0,23.3
192,2,10,24,27,28,36,39,2012-03-31,1,1,21.2
191,1,16,23,26,28,34,12,2012-03-27,1,2,21.3
190,5,12,28,29,34,36,39,2012-03-24,2,2,24
189,5,6,10,15,29,35,9,2012-03-20,2,2,16.7
188,10,12,14,31,34,35,11,2012-03-17,1,0,22.7
187,3,7,21,27,29,37,15,2012-03-13,4,2,20.7
186,1,7,22,29,30,38,8,2012-03-10,2,0,21.2
185,8,10,12,17,19,33,16,2012-03-06,2,1,16.5
184,3,9,10,15,22,29,31,2012-03-03,2,1,14.7
183,2,10,13,18,24,34,19,2012-02-28,2,0,16.8
182,9,14,16,20,27,33,38,2012-02-25,0,1,19.8
181,4,7,9,12,21,37,39,2012-02-21,2,1,15
180,1,4,10,26,27,34,15,2012-02-18,0,1,17
179,4,16,23,24,28,37,1,2012-02-14,2,1,22
178,6,13,15,36,37,39,26,2012-02-11,2,0,24.3
177,2,14,16,19,32,38,1,2012-02-07,2,1,20.2
176,3,5,19,24,31,33,39,2012-02-04,4,2,19.2
175,1,17,19,29,31,35,4,2012-01-31,4,1,22
174,1,11,14,21,24,27,17,2012-01-28,1,0,16.3
173,2,9,12,16,17,26,36,2012-01-24,2,2,13.7
172,1,2,5,17,20,25,22,2012-01-21,3,0,11.7
171,3,8,19,21,28,31,25,2012-01-17,3,1,18.3
170,4,6,21,22,25,35,27,2012-01-14,0,1,18.8
169,2,3,4,24,26,32,7,2012-01-10,2,2,15.2
168,2,9,16,24,37,39,11,2012-01-07,2,1,21.2
167,3,16,22,23,31,33,28,2012-01-03,3,1,21.3
166,3,4,15,25,29,38,19,2011-12-31,2,2,19
165,4,18,19,21,34,38,27,2011-12-27,1,0,22.3
164,1,2,20,24,32,33,28,2011-12-24,1,0,18.7
163,6,11,13,21,25,36,19,2011-12-20,2,2,18.7
162,11,15,19,21,24,28,34,2011-12-17,2,1,19.7
161,3,17,20,24,33,36,6,2011-12-13,2,5,22.2
160,3,20,24,33,35,36,10,2011-12-10,1,0,25.2
159,1,6,12,26,30,37,19,2011-12-06,1,1,18.7
158,1,10,13,17,18,19,35,2011-12-03,3,1,13
157,17,21,26,28,36,37,31,2011-11-29,2,1,27.5
156,5,6,23,25,26,27,35,2011-11-26,2,1,18.7
155,4,16,25,33,37,39,30,2011-11-22,1,1,25.7
154,1,4,5,18,35,38,36,2011-11-19,1,1,16.8
153,9,18,19,32,34,39,13,2011-11-15,1,1,25.2
152,10,12,15,24,26,39,34,2011-11-12,0,0,21
151,5,7,11,17,23,32,36,2011-11-08,5,0,15.8
150,4,19,22,27,30,33,28,2011-11-05,1,2,22.5
149,2,7,9,30,32,33,13,2011-11-01,2,1,18.8
148,8,13,16,24,27,33,9,2011-10-29,1,1,20.2
147,8,12,15,21,36,38,35,2011-10-25,0,1,21.7
146,5,10,15,16,27,33,3,2011-10-22,1,1,17.7
145,2,14,15,17,22,28,21,2011-10-18,2,1,16.3
144,4,12,17,21,30,38,25,2011-10-15,1,0,20.3
143,6,8,10,22,26,28,30,2011-10-11,0,0,16.7
142,3,4,7,18,31,35,22,2011-10-08,3,1,16.3
141,16,17,23,26,31,37,12,2011-10-04,4,1,25
140,16,19,21,27,36,38,14,2011-10-01,1,1,26.2
139,2,7,9,11,38,39,27,2011-09-27,3,1,17.7
138,1,6,9,26,28,34,17,2011-09-24,0,2,17.3
137,2,9,17,20,23,34,39,2011-09-20,3,0,17.5
136,1,7,18,22,26,35,34,2011-09-17,1,1,18.2
135,1,6,23,24,28,29,12,2011-09-13,2,0,18.5
134,8,16,17,18,31,35,32,2011-09-10,2,1,20.8
133,8,15,26,28,37,39,4,2011-09-06,1,1,25.5
132,1,13,22,23,28,35,18,2011-09-03,2,1,20.3
131,2,11,13,17,24,37,18,2011-08-30,5,1,17.3
130,1,8,18,22,36,37,34,2011-08-27,1,1,20.3
129,2,14,18,23,32,38,5,2011-08-23,2,1,21.2
128,7,11,12,16,38,39,19,2011-08-20,2,2,20.5
127,9,12,15,16,20,21,13,2011-08-16,0,1,15.5
126,1,15,24,28,31,37,29,2011-08-13,2,1,22.7
125,14,15,27,32,33,35,3,2011-08-09,0,1,26
124,1,5,15,16,17,30,3,2011-08-06,2,1,14
123,2,11,12,29,30,34,18,2011-08-02,3,3,19.7
122,2,9,11,25,30,33,6,2011-07-30,2,2,18.3
121,9,14,18,24,28,33,22,2011-07-26,0,0,21
120,16,25,30,32,38,39,33,2011-07-23,0,1,30
119,4,12,20,22,25,26,24,2011-07-19,0,0,18.2
118,3,14,17,23,31,33,15,2011-07-16,4,1,20.2
117,5,12,15,20,23,32,24,2011-07-12,2,0,17.8
116,3,8,10,11,19,28,31,2011-07-09,3,1,13.2
115,11,15,18,21,25,34,1,2011-07-05,1,0,20.7
114,6,16,20,30,31,33,2,2011-07-02,1,1,22.7
113,2,6,8,10,24,38,16,2011-06-28,1,2,14.7
112,6,7,8,17,32,36,4,2011-06-25,2,0,17.7
111,2,15,27,28,31,37,18,2011-06-21,3,2,23.3
110,9,15,23,28,32,36,19,2011-06-18,1,1,23.8
109,2,7,8,11,33,36,18,2011-06-14,3,1,16.2
108,9,10,11,25,32,38,30,2011-06-11,1,0,20.8
107,12,14,16,17,28,30,24,2011-06-07,1,1,19.5
106,2,5,7,17,23,29,22,2011-06-04,6,0,13.8
105,14,16,20,24,37,38,35,2011-05-31,1,2,24.8
104,9,16,19,25,32,38,8,2011-05-28,1,1,23.2
103,2,3,5,7,8,19,39,2011-05-24,5,1,7.3
102,1,7,11,13,22,35,32,2011-05-21,3,0,14.8
101,3,4,6,17,27,34,7,2011-05-17,2,0,15.2
100,10,15,25,28,30,39,33,2011-05-14,0,1,24.5
99,3,6,17,29,30,31,28,2011-05-10,4,1,19.3
98,5,7,10,15,30,38,34,2011-05-07,2,2,17.5
97,5,6,15,20,28,31,24,2011-05-03,2,2,17.5
96,6,11,15,21,37,38,26,2011-04-30,2,1,21.3
95,4,12,19,25,31,38,24,2011-04-26,2,1,21.5
94,13,14,21,28,30,38,32,2011-04-23,1,0,24
93,15,16,23,26,29,34,13,2011-04-19,2,2,23.8
92,3,6,9,23,26,33,19,2011-04-16,2,1,16.7
91,15,16,21,26,37,39,9,2011-04-12,1,1,25.7
90,3,13,16,18,29,35,38,2011-04-09,3,1,19
89,4,5,6,18,31,33,36,2011-04-05,2,4,16.2
88,4,6,31,32,33,34,1,2011-04-02,1,1,23.3
87,3,9,19,28,31,35,8,2011-03-29,3,1,20.8
86,18,20,33,35,36,39,31,2011-03-26,0,0,30.2
85,5,11,13,15,27,37,21,2011-03-22,4,1,18
84,5,20,25,28,35,36,21,2011-03-19,1,2,24.8
83,1,5,10,13,26,28,33,2011-03-15,2,0,13.8
82,8,9,20,25,33,35,31,2011-03-12,0,0,21.7
81,4,7,15,17,23,26,24,2011-03-08,3,1,15.3
80,10,15,25,28,30,36,34,2011-03-05,0,2,24
79,10,12,16,30,33,34,11,2011-03-01,0,0,22.5
78,2,6,18,23,27,37,24,2011-02-26,3,2,18.8
77,15,16,22,27,28,37,12,2011-02-22,1,1,24.2
76,2,7,19,23,26,37,4,2011-02-19,5,0,19
75,4,10,13,15,20,21,25,2011-02-15,1,0,13.8
74,8,17,19,37,38,39,1,2011-02-12,3,0,26.3
73,12,13,25,28,32,33,38,2011-02-08,1,1,23.8
72,2,3,21,22,32,36,4,2011-02-05,2,1,19.3
71,10,15,18,28,30,36,27,2011-02-01,0,1,22.8
70,6,15,25,26,34,38,14,2011-01-29,0,0,24
69,12,17,20,24,29,33,1,2011-01-25,2,2,22.5
68,12,15,20,25,26,36,29,2011-01-22,0,1,22.3
67,1,14,16,22,23,25,7,2011-01-18,1,0,16.8
66,6,11,18,26,32,38,1,2011-01-15,1,2,21.8
65,3,6,10,15,37,38,19,2011-01-11,2,1,18.2
64,6,17,21,26,29,34,39,2011-01-08,2,1,22.2
63,5,9,10,19,21,33,36,2011-01-04,2,2,16.2
62,7,19,21,22,27,37,32,2011-01-01,3,2,22.2
61,2,8,19,22,26,38,36,2010-12-28,2,0,19.2
60,5,7,13,27,29,33,20,2010-12-25,4,0,19
59,2,10,17,23,28,37,3,2010-12-21,4,0,19.5
58,7,11,21,22,25,31,6,2010-12-18,3,0,19.5
57,5,19,30,32,35,37,8,2010-12-14,3,1,26.3
56,6,10,12,16,25,32,5,2010-12-11,0,2,16.8
55,1,4,6,10,11,18,35,2010-12-07,1,1,8.3
54,9,11,19,21,27,29,1,2010-12-04,3,0,19.3
53,13,20,25,28,30,35,15,2010-11-30,1,0,25.2
52,1,3,5,7,18,37,35,2010-11-27,4,2,11.8
51,3,7,13,16,21,39,22,2010-11-23,3,1,16.5
50,5,13,15,22,23,35,34,2010-11-20,3,1,18.8
49,2,17,35,36,37,38,10,2010-11-16,3,0,27.5
48,15,20,22,26,29,34,6,2010-11-13,1,0,24.3
47,4,8,14,17,30,39,18,2010-11-09,1,0,18.7
46,19,22,23,31,34,38,35,2010-11-06,3,1,27.8
45,13,16,23,24,29,39,28,2010-11-02,3,2,24
44,16,21,22,29,32,37,23,2010-10-30,2,1,26.2
43,6,16,19,25,30,38,22,2010-10-26,1,1,22.3
42,1,19,28,29,31,37,26,2010-10-23,4,0,24.2
41,7,10,13,15,17,21,11,2010-10-19,3,1,13.8
40,5,17,20,26,31,37,23,2010-10-16,4,1,22.7
39,8,15,18,24,26,33,29,2010-10-12,0,3,20.7
38,3,11,15,18,20,26,7,2010-10-09,2,1,15.5
37,3,4,13,24,28,32,7,2010-10-05,2,1,17.3
36,8,15,22,32,33,37,19,2010-10-02,1,1,24.5
35,9,17,18,28,37,39,2,2010-09-28,2,1,24.7
34,2,8,9,25,29,36,3,2010-09-25,2,2,18.2
33,6,9,12,16,35,36,38,2010-09-21,0,0,19
32,15,20,28,29,37,38,1,2010-09-18,2,1,27.8
31,11,16,19,20,23,34,2,2010-09-14,3,2,20.5
30,4,11,14,15,23,35,6,2010-09-11,2,1,17
29,2,4,6,13,17,20,15,2010-09-07,3,1,10.3
28,1,4,15,27,33,37,3,2010-09-04,1,2,19.5
27,4,5,9,24,29,37,17,2010-08-31,3,0,18
26,1,12,19,21,30,34,20,2010-08-28,1,0,19.5
25,11,17,24,26,28,33,38,2010-08-24,2,0,23.2
24,8,12,20,31,34,37,9,2010-08-21,2,1,23.7
23,3,17,18,20,24,38,22,2010-08-17,2,0,20
22,1,2,23,28,29,33,4,2010-08-14,3,3,19.3
21,1,8,20,23,28,35,16,2010-08-10,1,1,19.2
20,1,7,17,29,31,32,19,2010-08-07,4,0,19.5
19,11,15,35,37,38,39,24,2010-08-03,2,1,29.2
18,14,17,20,24,32,37,35,2010-07-31,2,2,24
17,12,18,21,22,32,37,19,2010-07-27,1,1,23.7
16,2,5,8,26,32,34,31,2010-07-24,2,2,17.8
15,2,10,23,32,33,39,7,2010-07-20,2,0,23.2
14,9,22,26,27,28,37,35,2010-07-17,1,0,24.8
13,1,2,4,12,17,33,8,2010-07-13,2,1,11.5
12,6,20,30,33,34,36,35,2010-07-10,0,1,26.5
11,2,6,12,25,28,31,18,2010-07-06,2,0,17.3
10,8,13,18,19,21,34,14,2010-07-03,2,0,18.8
9,9,11,15,20,31,36,23,2010-06-29,2,1,20.3
8,1,2,5,6,10,11,15,2010-06-26,3,1,5.8
7,5,16,26,31,34,35,2,2010-06-22,2,1,24.5
6,2,9,11,22,26,27,20,2010-06-19,2,0,16.2
5,1,3,7,21,24,32,13,2010-06-15,2,2,14.7
4,3,4,18,21,22,26,13,2010-06-12,1,0,15.7
3,15,16,23,27,35,37,26,2010-06-08,2,0,25.5
2,5,6,8,19,21,33,13,2010-06-05,2,2,15.3
1,6,13,14,21,25,35,37,2010-06-01,1,0,19
