CONCURSO,F1,F2,F3,F4,F5,F6,FECHA,PRIMOS,REPETIDOS,MEDIA
3968,4,20,29,43,45,48,2024-10-20,2,0,31.5
3967,10,17,32,35,46,53,2024-10-18,2,0,32.2
3966,14,26,27,30,31,37,2024-10-16,2,0,27.5
3965,15,16,42,46,47,54,2024-10-13,1,0,36.7
3964,6,13,22,33,49,56,2024-10-11,1,1,29.8
3963,14,17,32,36,38,56,2024-10-09,1,1,32.2
3962,10,14,20,24,26,27,2024-10-06,0,0,20.2
3961,5,9,13,16,18,53,2024-10-04,3,0,19
3960,3,7,10,17,20,52,2024-10-02,3,0,18.2
3959,25,28,31,43,47,49,2024-09-29,3,2,37.2
3958,9,17,28,31,46,48,2024-09-27,2,0,29.8
3957,15,27,33,38,52,55,2024-09-25,0,2,36.7
3956,13,22,24,38,53,55,2024-09-22,2,1,34.2
3955,7,13,16,20,21,28,2024-09-20,2,2,17.5
3954,9,12,16,20,24,48,2024-09-18,0,0,21.5
3953,15,23,29,39,51,54,2024-09-15,2,1,35.2
3952,13,32,40,45,46,54,2024-09-13,1,0,38.3
3951,1,20,26,37,53,55,2024-09-11,2,0,32
3950,12,31,38,41,42,47,2024-09-08,3,0,35.2
3949,4,8,36,51,52,54,2024-09-06,0,0,34.2
3948,12,21,25,33,43,50,2024-09-04,1,1,30.7
3947,13,14,16,23,42,43,2024-09-01,3,1,25.2
3946,14,26,27,34,37,45,2024-08-30,1,1,30.5
3945,15,19,25,27,47,53,2024-08-28,1,1,31
3944,4,16,39,42,44,47,2024-08-25,1,1,32
3943,8,14,28,47,48,56,2024-08-23,1,0,33.5
3942,11,21,26,31,34,53,2024-08-21,3,0,29.3
3941,1,8,10,13,40,54,2024-08-18,1,0,21
3940,9,17,31,41,49,51,2024-08-16,3,1,33
3939,4,12,14,38,43,51,2024-08-14,1,1,27
3938,5,10,26,37,50,51,2024-08-11,2,2,29.8
3937,4,17,24,26,27,51,2024-08-09,1,0,24.8
3936,1,9,11,32,42,50,2024-08-07,1,0,24.2
3935,7,12,13,26,46,56,2024-08-04,2,2,26.7
3934,5,6,12,13,21,38,2024-08-02,2,1,15.8
3933,6,19,29,34,40,48,2024-07-31,2,0,29.3
3932,26,31,32,39,47,53,2024-07-28,3,1,38
3931,1,9,10,13,30,31,2024-07-26,2,1,15.7
3930,12,15,16,31,35,48,2024-07-24,1,2,26.2
3929,3,6,16,26,45,48,2024-07-21,1,0,24
3928,7,10,18,23,43,46,2024-07-19,3,0,24.5
3927,5,11,36,38,41,42,2024-07-17,3,1,28.8
3926,9,14,25,39,42,55,2024-07-14,0,1,30.7
3925,8,10,13,14,15,43,2024-07-12,2,0,17.2
3924,2,30,35,44,53,54,2024-07-10,2,1,36.3
3923,2,6,13,27,37,47,2024-07-07,4,1,22
3922,30,39,45,47,55,56,2024-07-05,1,1,45.3
3921,2,16,17,27,43,56,2024-07-03,3,1,26.8
3920,6,13,27,39,40,41,2024-06-30,2,0,27.7
3919,16,18,22,29,34,55,2024-06-28,1,0,29
3918,2,25,37,41,43,54,2024-06-26,4,1,33.7
3917,18,25,28,49,53,55,2024-06-23,1,1,38
3916,7,13,23,25,34,44,2024-06-21,3,1,24.3
3915,6,9,17,21,34,47,2024-06-19,2,2,22.3
3914,9,18,21,36,44,46,2024-06-16,0,0,29
3913,8,14,26,27,29,54,2024-06-14,1,1,26.3
3912,14,23,24,31,36,49,2024-06-12,2,0,29.5
3911,9,21,29,30,37,38,2024-06-09,2,0,27.3
3910,1,10,16,17,40,41,2024-06-07,2,0,20.8
3909,5,15,27,39,50,53,2024-06-05,2,1,31.5
3908,5,6,19,31,33,43,2024-06-02,4,0,22.8
3907,10,25,46,49,50,52,2024-05-31,0,1,38.7
3906,7,10,19,26,28,34,2024-05-29,2,0,20.7
3905,5,16,22,41,44,45,2024-05-26,2,0,28.8
3904,4,7,10,21,33,36,2024-05-24,1,1,18.5
3903,6,21,23,42,43,52,2024-05-22,2,1,31.2
3902,2,4,20,22,43,47,2024-05-19,3,1,23
3901,20,27,34,41,42,45,2024-05-17,1,2,34.8
3900,18,23,26,42,45,50,2024-05-15,1,0,34
3899,2,5,16,20,21,47,2024-05-12,3,0,18.5
3898,26,28,29,40,44,49,2024-05-10,1,1,36
3897,15,18,37,40,47,52,2024-05-08,2,0,34.8
3896,2,9,36,43,44,51,2024-05-05,2,0,30.8
3895,17,21,24,32,40,42,2024-05-03,1,0,29.3
3894,16,18,23,27,34,45,2024-05-01,1,0,27.2
3893,15,21,29,35,49,51,2024-04-28,1,1,33.3
3892,9,10,13,29,39,56,2024-04-26,2,1,26
3891,3,7,15,21,22,56,2024-04-24,2,0,20.7
3890,11,16,23,40,44,54,2024-04-21,2,0,31.3
3889,15,20,38,39,46,52,2024-04-19,0,0,35
3888,9,24,29,40,42,51,2024-04-17,1,1,32.5
3887,11,13,17,20,43,51,2024-04-14,4,0,25.8
3886,3,14,23,28,37,44,2024-04-12,3,1,24.8
3885,1,11,14,35,41,52,2024-04-10,2,0,25.7
3884,13,19,29,39,43,49,2024-04-07,4,1,32
3883,13,20,22,37,41,42,2024-04-05,3,0,29.2
3882,2,7,32,43,47,48,2024-04-03,4,1,29.8
3881,2,4,19,26,37,56,2024-03-31,3,2,24
3880,5,11,26,29,39,56,2024-03-29,3,0,27.7
3879,8,12,24,37,53,55,2024-03-27,2,1,31.5
3878,3,33,37,43,45,49,2024-03-24,3,1,35
3877,18,20,45,47,54,55,2024-03-22,1,1,39.8
3876,3,12,24,50,52,54,2024-03-20,1,1,32.5
3875,31,32,36,40,44,50,2024-03-17,1,0,38.8
3874,6,10,15,24,28,46,2024-03-15,0,0,21.5
3873,2,5,13,19,25,32,2024-03-13,4,0,16
3872,11,26,31,34,45,51,2024-03-10,2,1,33
3871,17,31,36,43,44,54,2024-03-08,3,1,37.5
3870,4,7,41,42,43,45,2024-03-06,3,1,30.3
3869,3,4,20,23,26,35,2024-03-03,2,1,18.5
3868,3,17,18,29,33,40,2024-03-01,3,2,23.3
3867,13,19,29,40,45,54,2024-02-28,3,1,33.3
3866,2,4,6,29,53,56,2024-02-25,3,2,25
3865,2,7,22,27,53,54,2024-02-23,3,2,27.5
3864,3,5,7,18,20,53,2024-02-21,4,1,17.7
3863,5,11,28,31,32,56,2024-02-18,3,0,27.2
3862,10,17,24,37,44,51,2024-02-16,2,1,30.5
3861,13,14,21,26,37,54,2024-02-14,2,0,27.5
3860,10,19,23,43,45,55,2024-02-11,3,1,32.5
3859,15,17,19,22,53,56,2024-02-09,3,1,30.3
3858,19,21,26,41,43,48,2024-02-07,3,0,33
3857,1,6,10,25,36,54,2024-02-04,0,0,22
3856,11,12,26,35,46,52,2024-02-02,1,0,30.3
3855,14,25,31,32,37,55,2024-01-31,2,0,32.3
3854,8,10,11,17,42,47,2024-01-28,3,1,22.5
3853,10,28,36,43,49,53,2024-01-26,2,0,36.5
3852,21,23,26,33,38,51,2024-01-24,1,0,32
3851,3,15,29,39,50,55,2024-01-21,2,1,31.8
3850,15,22,23,37,43,56,2024-01-19,3,1,32.7
3849,4,11,25,42,43,49,2024-01-17,2,3,29
3848,2,7,11,22,42,49,2024-01-14,3,0,22.2
3847,8,17,32,52,53,56,2024-01-12,2,1,36.3
3846,12,14,44,50,52,55,2024-01-10,0,0,37.8
3845,1,6,15,25,31,54,2024-01-07,1,0,22
3844,13,27,35,45,49,51,2024-01-05,1,0,36.7
3843,10,29,34,40,46,54,2024-01-03,1,1,35.5
3842,5,9,27,29,32,53,2023-12-31,3,0,25.8
3841,2,6,7,16,37,50,2023-12-29,3,0,19.7
3840,1,9,27,29,36,45,2023-12-27,1,0,24.5
3839,2,14,20,47,49,55,2023-12-24,2,2,31.2
3838,14,18,33,34,47,56,2023-12-22,1,2,33.7
3837,4,14,19,27,33,35,2023-12-20,1,1,22
3836,7,11,17,29,33,36,2023-12-17,4,1,22.2
3835,2,36,43,46,50,51,2023-12-15,2,0,38
3834,15,18,31,40,41,54,2023-12-13,2,1,33.2
3833,4,14,31,36,47,49,2023-12-10,2,0,30.2
3832,3,21,46,48,55,56,2023-12-08,1,0,38.2
3831,8,17,22,25,41,49,2023-12-06,2,0,27
3830,18,23,43,45,48,52,2023-12-03,2,0,38.2
3829,25,27,36,44,47,56,2023-12-01,1,0,39.2
3828,7,9,24,29,31,55,2023-11-29,3,0,25.8
3827,6,19,41,46,52,54,2023-11-26,2,0,36.3
3826,4,5,24,37,43,53,2023-11-24,4,3,27.7
3825,24,31,41,43,52,53,2023-11-22,4,2,40.7
3824,24,28,31,42,45,49,2023-11-19,1,1,36.5
3823,12,21,25,31,36,51,2023-11-17,1,0,29.3
3822,13,14,17,18,27,44,2023-11-15,2,0,22.2
3821,30,32,35,41,49,53,2023-11-12,2,0,40
3820,27,29,33,44,54,55,2023-11-10,1,1,40.3
3819,1,8,16,26,35,55,2023-11-08,0,0,23.5
3818,10,24,27,32,34,47,2023-11-05,1,1,29
3817,9,11,15,24,26,45,2023-11-03,1,0,21.7
3816,14,44,46,49,53,55,2023-11-01,1,1,43.5
3815,16,19,34,37,44,45,2023-10-29,2,1,32.5
3814,19,28,29,32,36,50,2023-10-27,2,0,32.3
3813,15,22,24,34,35,38,2023-10-25,0,0,28
3812,30,31,36,46,47,51,2023-10-22,2,1,40.2
3811,3,16,22,26,29,30,2023-10-20,2,1,21
3810,19,22,23,40,44,53,2023-10-18,3,2,33.5
3809,18,19,23,33,43,50,2023-10-15,3,0,31
3808,1,2,9,27,47,53,2023-10-13,3,0,23.2
3807,3,24,32,34,49,50,2023-10-11,1,0,32
3806,6,13,18,27,43,47,2023-10-08,3,1,25.7
3805,1,5,33,43,52,55,2023-10-06,2,1,31.5
3804,7,11,26,37,48,52,2023-10-04,3,1,30.2
3803,5,9,11,21,32,35,2023-10-01,2,1,18.8
3802,23,24,25,35,41,54,2023-09-29,2,1,33.7
3801,7,23,26,30,38,47,2023-09-27,3,1,28.5
3800,5,30,42,48,49,52,2023-09-24,1,0,37.7
3799,18,20,28,41,51,54,2023-09-22,1,1,35.3
3798,12,14,17,24,36,54,2023-09-20,1,0,26.2
3797,3,9,15,33,39,41,2023-09-17,2,0,23.3
3796,6,10,30,38,47,49,2023-09-15,1,1,30
3795,15,16,27,31,49,54,2023-09-13,1,0,32
3794,2,3,39,41,43,44,2023-09-10,4,0,28.7
3793,7,28,33,35,40,46,2023-09-08,1,0,31.5
3792,4,16,26,31,32,38,2023-09-06,1,1,24.5
3791,10,17,21,26,44,50,2023-09-03,1,0,28
3790,1,3,19,25,28,33,2023-09-01,2,1,18.2
3789,1,5,7,17,43,49,2023-08-30,4,1,20.3
3788,2,5,15,16,34,38,2023-08-27,2,0,18.3
3787,1,6,28,36,39,49,2023-08-25,0,1,26.5
3786,4,5,24,28,38,50,2023-08-23,1,0,24.8
3785,17,29,30,34,42,52,2023-08-20,2,1,34
3784,4,7,8,37,42,50,2023-08-18,2,0,24.7
3783,12,14,26,27,33,55,2023-08-16,0,0,27.8
3782,9,20,29,43,46,49,2023-08-13,2,1,32.7
3781,20,28,33,51,52,53,2023-08-11,1,0,39.5
3780,1,3,5,13,17,34,2023-08-09,4,0,12.2
3779,27,31,36,43,44,51,2023-08-06,2,1,38.7
3778,11,14,21,32,43,54,2023-08-04,2,0,29.2
3777,6,9,15,36,39,44,2023-08-02,0,1,24.8
3776,9,12,14,18,40,46,2023-07-30,0,0,23.2
3775,5,24,35,37,42,44,2023-07-28,2,1,31.2
3774,6,9,34,35,36,43,2023-07-26,1,1,27.2
3773,6,17,19,30,38,40,2023-07-23,2,2,25
3772,8,17,18,30,36,45,2023-07-21,1,1,25.7
3771,23,34,38,43,45,53,2023-07-19,3,2,39.3
3770,34,35,37,44,45,52,2023-07-16,1,1,41.2
3769,9,11,35,40,43,55,2023-07-14,2,0,32.2
3768,4,5,6,15,18,46,2023-07-12,1,0,15.7
3767,9,25,31,36,42,51,2023-07-09,1,1,32.3
3766,6,15,28,38,39,42,2023-07-07,0,0,28
3765,3,24,29,30,37,50,2023-07-05,3,0,28.8
3764,9,15,25,47,49,56,2023-07-02,1,1,33.5
3763,8,10,15,43,45,46,2023-06-30,1,1,27.8
3762,23,32,36,43,48,52,2023-06-28,2,1,39
3761,4,11,24,31,43,49,2023-06-25,3,1,27
3760,5,10,15,21,29,49,2023-06-23,2,1,21.5
3759,15,26,31,39,45,51,2023-06-21,1,0,34.5
3758,2,4,22,27,35,42,2023-06-18,1,0,22
3757,1,5,8,19,28,32,2023-06-16,2,0,15.5
3756,14,24,31,35,42,48,2023-06-14,1,0,32.3
3755,4,15,26,37,46,56,2023-06-11,1,0,30.7
3754,8,9,24,29,44,54,2023-06-09,1,1,28
3753,11,21,26,29,47,49,2023-06-07,3,1,30.5
3752,6,22,29,37,39,42,2023-06-04,2,0,29.2
3751,10,20,28,31,41,45,2023-06-02,2,1,29.2
3750,14,15,24,33,41,53,2023-05-31,2,0,30
3749,9,31,44,46,50,56,2023-05-28,1,0,39.3
3748,17,22,24,27,28,55,2023-05-26,1,0,28.8
3747,10,11,20,26,41,44,2023-05-24,2,0,25.3
3746,1,15,21,22,25,31,2023-05-21,1,0,19.2
3745,4,24,40,46,50,51,2023-05-19,0,0,35.8
3744,7,11,15,27,31,41,2023-05-17,4,0,22
3743,3,16,18,19,20,49,2023-05-14,2,0,20.8
3742,10,17,36,42,55,56,2023-05-12,1,0,36
3741,16,26,32,35,44,51,2023-05-10,0,0,34
3740,3,4,7,8,17,21,2023-05-07,3,0,10
3739,10,16,24,27,29,34,2023-05-05,1,1,23.3
3738,6,22,25,27,37,39,2023-05-03,1,2,26
3737,25,27,43,45,52,55,2023-04-30,1,0,41.2
3736,4,9,14,30,32,33,2023-04-28,0,1,20.3
3735,14,24,38,39,49,55,2023-04-26,0,1,36.5
3734,2,14,23,36,37,43,2023-04-23,4,3,25.8
3733,2,7,24,36,38,43,2023-04-21,3,1,25
3732,2,3,10,15,41,46,2023-04-19,3,1,19.5
3731,10,16,25,27,39,40,2023-04-16,0,0,26.2
3730,12,13,21,23,29,32,2023-04-14,3,0,21.7
3729,3,6,17,18,39,54,2023-04-12,2,1,22.8
3728,1,7,11,45,52,54,2023-04-09,2,1,28.3
3727,2,15,27,37,42,54,2023-04-07,2,0,29.5
3726,3,16,25,32,35,39,2023-04-05,1,1,25
3725,20,27,31,39,40,47,2023-04-02,2,0,34
3724,6,14,36,42,48,56,2023-03-31,0,2,33.7
3723,10,30,32,36,48,52,2023-03-29,0,0,34.7
3722,1,3,14,17,19,21,2023-03-26,3,1,12.5
3721,19,29,40,42,49,55,2023-03-24,2,0,39
3720,15,23,26,32,45,46,2023-03-22,1,0,31.2
3719,5,6,11,24,40,43,2023-03-19,3,3,21.5
3718,5,9,14,24,31,43,2023-03-17,3,0,21
3717,3,19,32,50,52,54,2023-03-15,2,2,35
3716,4,19,21,23,32,55,2023-03-12,2,1,25.7
3715,1,4,10,13,28,37,2023-03-10,2,2,15.5
3714,7,10,16,37,44,48,2023-03-08,2,0,27
3713,31,39,40,47,50,53,2023-03-05,3,0,43.3
3712,12,14,15,28,38,45,2023-03-03,0,0,25.3
3711,6,16,17,35,43,46,2023-03-01,2,0,27.2
3710,7,26,33,42,50,55,2023-02-26,1,0,35.5
3709,1,8,23,29,30,44,2023-02-24,2,0,22.5
3708,3,6,33,42,45,52,2023-02-22,1,1,30.2
3707,11,14,15,27,33,49,2023-02-19,1,1,24.8
3706,14,32,37,39,50,51,2023-02-17,1,0,37.2
3705,5,7,9,40,42,45,2023-02-15,2,0,24.7
3704,10,14,39,41,44,49,2023-02-12,1,0,32.8
3703,5,22,24,36,42,50,2023-02-10,1,0,29.8
3702,7,9,23,32,54,55,2023-02-08,2,1,30
3701,27,29,32,34,46,53,2023-02-05,2,1,36.8
3700,13,23,25,32,42,54,2023-02-03,2,2,31.5
3699,13,16,36,38,42,55,2023-02-01,1,2,33.3
3698,1,11,13,46,50,55,2023-01-29,2,2,29.3
3697,13,14,20,25,48,50,2023-01-27,1,3,28.3
3696,2,9,20,29,48,50,2023-01-25,2,0,26.3
3695,3,11,38,44,45,53,2023-01-22,2,0,29
3694,1,12,16,20,49,54,2023-01-20,0,1,25.3
3693,18,19,32,33,37,49,2023-01-18,2,2,31.3
3692,15,37,42,43,49,51,2023-01-15,2,1,39.5
3691,5,10,14,15,22,40,2023-01-13,1,0,17.7
3690,12,13,17,28,29,53,2023-01-11,4,0,25.3
3689,30,31,33,35,37,46,2023-01-08,2,0,35.3
3688,1,10,16,26,49,50,2023-01-06,0,3,25.3
3687,1,8,16,27,37,49,2023-01-04,1,0,23
3686,13,22,25,43,51,54,2023-01-01,2,0,34.7
3685,3,7,8,26,31,48,2022-12-30,3,0,20.5
3684,19,21,22,27,45,54,2022-12-28,1,2,31.3
3683,11,16,19,22,25,47,2022-12-25,3,3,23.3
3682,6,11,16,25,27,45,2022-12-23,1,0,21.7
3681,3,8,34,40,48,52,2022-12-21,1,1,30.8
3680,3,16,20,24,49,51,2022-12-18,1,2,27.2
3679,9,16,17,33,46,49,2022-12-16,1,1,28.3
3678,1,9,12,24,26,28,2022-12-14,0,2,16.7
3677,10,15,21,25,26,28,2022-12-11,0,0,20.8
3676,4,31,36,38,42,55,2022-12-09,1,1,34.3
3675,1,18,35,53,55,56,2022-12-07,1,1,36.3
3674,3,15,17,24,49,53,2022-12-04,3,2,26.8
3673,11,14,15,21,24,51,2022-12-02,1,1,22.7
3672,6,14,27,37,42,54,2022-11-30,1,0,30
3671,5,25,28,34,36,38,2022-11-27,1,0,27.7
3670,3,20,22,26,45,50,2022-11-25,1,2,27.7
3669,3,11,29,33,44,45,2022-11-23,3,1,27.5
3668,9,19,33,38,40,50,2022-11-20,1,0,31.5
3667,5,16,18,22,31,32,2022-11-18,2,0,20.7
3666,8,12,34,37,45,54,2022-11-16,1,1,31.7
3665,4,11,12,23,48,52,2022-11-13,2,1,25
3664,4,6,15,33,34,56,2022-11-11,0,0,24.7
3663,11,21,32,39,43,49,2022-11-09,2,0,32.5
3662,2,18,28,30,50,53,2022-11-06,2,1,30.2
3661,21,28,37,39,43,54,2022-11-04,2,0,37
3660,4,10,18,32,48,50,2022-11-02,0,1,27
3659,4,9,43,44,45,46,2022-10-30,1,0,31.8
3658,1,28,30,31,48,49,2022-10-28,1,0,31.2
3657,9,10,15,24,53,56,2022-10-26,1,2,27.8
3656,10,19,22,28,48,56,2022-10-23,1,1,30.5
3655,7,10,34,37,50,52,2022-10-21,2,0,31.7
3654,26,31,36,38,39,40,2022-10-19,1,0,35
3653,5,15,16,41,44,45,2022-10-16,2,1,27.7
3652,4,30,39,41,43,49,2022-10-14,2,0,34.3
3651,3,23,44,46,50,54,2022-10-12,2,1,36.7
3650,24,30,33,38,39,46,2022-10-09,0,0,35
3649,6,17,20,21,31,55,2022-10-07,2,1,25
3648,1,31,34,38,44,50,2022-10-05,1,0,33
3647,8,12,17,27,32,47,2022-10-02,2,0,23.8
3646,11,25,33,36,38,49,2022-09-30,1,0,32
3645,5,13,17,21,28,45,2022-09-28,3,0,21.5
3644,1,30,32,33,34,48,2022-09-25,0,1,29.7
3643,1,8,11,25,40,56,2022-09-23,1,0,23.5
3642,4,14,19,20,31,42,2022-09-21,2,0,21.7
3641,1,28,30,35,38,56,2022-09-18,0,1,31.3
3640,16,24,37,38,40,47,2022-09-16,2,0,33.7
3639,10,15,27,32,50,54,2022-09-14,0,1,31.3
3638,2,9,11,22,31,32,2022-09-11,3,1,17.8
3637,13,19,20,27,32,40,2022-09-09,2,0,25.2
3636,4,7,8,22,24,31,2022-09-07,2,1,16
3635,5,6,20,24,40,52,2022-09-04,1,1,24.5
3634,14,34,40,42,46,56,2022-09-02,0,2,38.7
3633,22,38,40,41,42,53,2022-08-31,2,1,39.3
3632,10,12,16,39,42,52,2022-08-28,0,1,28.5
3631,3,4,16,28,34,38,2022-08-26,1,1,20.5
3630,7,9,11,12,38,40,2022-08-24,2,1,19.5
3629,9,26,29,31,34,45,2022-08-21,2,0,29
3628,10,13,18,22,35,55,2022-08-19,1,0,25.5
3627,2,3,29,34,54,56,2022-08-17,3,1,29.7
3626,1,2,17,20,25,37,2022-08-14,3,2,17
3625,1,19,25,28,33,35,2022-08-12,1,2,23.5
3624,1,21,25,37,39,53,2022-08-10,2,1,29.3
3623,10,17,25,28,34,41,2022-08-07,2,0,25.8
3622,1,2,16,22,43,48,2022-08-05,2,3,22
3621,1,11,22,43,44,45,2022-08-03,2,1,27.7
3620,6,15,16,28,43,56,2022-07-31,1,1,27.3
3619,2,6,30,32,38,49,2022-07-29,1,1,26.2
3618,6,11,18,27,41,47,2022-07-27,3,0,25
3617,5,7,10,36,48,52,2022-07-24,2,1,26.3
3616,1,11,32,33,48,50,2022-07-22,1,0,29.2
3615,13,15,30,36,42,47,2022-07-20,2,1,30.5
3614,2,16,21,29,36,45,2022-07-17,2,0,24.8
3613,17,19,33,41,52,54,2022-07-15,3,0,36
3612,2,14,18,34,37,40,2022-07-13,2,0,24.2
3611,16,24,26,32,41,53,2022-07-10,2,0,32
3610,4,17,35,43,46,48,2022-07-08,2,0,32.2
3609,5,8,12,14,25,33,2022-07-06,1,1,16.2
3608,1,11,33,39,45,48,2022-07-03,1,2,29.5
3607,1,5,38,42,45,51,2022-07-01,1,1,30.3
3606,9,13,18,19,23,38,2022-06-29,3,1,20
3605,2,3,5,19,27,32,2022-06-26,4,2,14.7
3604,2,3,25,42,50,55,2022-06-24,2,0,29.5
3603,12,21,30,35,44,48,2022-06-22,0,1,31.7
3602,4,22,37,45,48,52,2022-06-19,1,1,34.7
3601,21,36,42,45,49,56,2022-06-17,0,0,41.5
3600,7,16,30,34,43,51,2022-06-15,2,0,30.2
3599,1,5,24,49,50,54,2022-06-12,1,1,30.5
3598,17,20,26,28,54,55,2022-06-10,1,2,33.3
3597,2,14,20,21,28,47,2022-06-08,2,0,22
3596,6,17,29,38,41,53,2022-06-05,4,1,30.7
3595,4,5,9,38,42,54,2022-06-03,1,1,25.3
3594,17,33,38,40,50,55,2022-06-01,1,1,38.8
3593,8,22,29,30,34,55,2022-05-29,1,0,29.7
3592,4,10,25,33,40,50,2022-05-27,0,1,27
3591,27,31,34,43,50,54,2022-05-25,2,1,39.8
3590,6,7,24,43,44,46,2022-05-22,2,0,28.3
3589,27,31,33,39,49,54,2022-05-20,1,0,38.8
3588,3,5,17,44,45,55,2022-05-18,3,1,28.2
3587,12,21,24,26,45,48,2022-05-15,0,0,29.3
3586,6,8,10,14,30,32,2022-05-13,0,2,16.7
3585,6,14,23,35,46,56,2022-05-11,1,1,30
3584,7,14,19,38,40,43,2022-05-08,3,1,26.8
3583,14,18,25,37,51,55,2022-05-06,1,1,33.3
3582,4,25,35,40,42,56,2022-05-04,0,1,33.7
3581,10,28,34,36,42,54,2022-05-01,0,0,34
3580,2,12,20,22,40,55,2022-04-29,1,0,25.2
3579,11,13,23,34,44,53,2022-04-27,4,1,29.7
3578,18,22,39,40,44,46,2022-04-24,0,3,34.8
3577,1,18,19,27,44,46,2022-04-22,1,1,25.8
3576,8,14,28,30,35,44,2022-04-20,0,1,26.5
3575,28,29,32,37,38,46,2022-04-17,2,0,35
3574,13,15,27,34,42,44,2022-04-15,1,0,29.2
3573,20,21,40,48,53,54,2022-04-13,1,1,39.3
3572,9,10,21,25,28,46,2022-04-10,0,0,23.2
3571,4,11,14,22,29,47,2022-04-08,3,0,21.2
3570,2,5,32,35,49,51,2022-04-06,2,1,29
3569,1,2,22,33,45,46,2022-04-03,1,0,24.8
3568,17,24,25,36,37,38,2022-04-01,2,0,29.5
3567,35,41,42,46,47,51,2022-03-30,2,0,43.7
3566,4,6,22,40,54,56,2022-03-27,0,0,30.3
3565,2,8,11,16,27,48,2022-03-25,2,1,18.7
3564,1,2,17,33,52,56,2022-03-23,2,0,26.8
3563,8,16,42,43,46,48,2022-03-20,1,1,33.8
3562,9,33,37,38,48,56,2022-03-18,1,1,36.8
3561,10,21,22,38,41,55,2022-03-16,1,1,31.2
3560,8,25,37,38,39,43,2022-03-13,2,0,31.7
3559,11,17,18,33,36,47,2022-03-11,3,0,27
3558,16,23,25,27,34,38,2022-03-09,1,0,27.2
3557,1,7,15,21,55,56,2022-03-06,1,1,25.8
3556,4,7,13,26,27,39,2022-03-04,2,0,19.3
3555,2,12,24,35,38,55,2022-03-02,1,1,27.7
3554,7,12,19,31,40,47,2022-02-27,4,0,26
3553,21,23,45,51,53,56,2022-02-25,2,0,41.5
3552,2,8,11,35,52,54,2022-02-23,2,1,27
3551,26,37,42,44,54,55,2022-02-20,1,0,43
3550,3,6,7,20,46,56,2022-02-18,2,0,23
3549,4,21,32,40,53,54,2022-02-16,1,0,34
3548,2,14,17,29,47,50,2022-02-13,4,0,26.5
3547,6,23,31,35,43,55,2022-02-11,3,0,32.2
3546,10,29,41,51,54,56,2022-02-09,2,0,40.2
3545,18,25,37,48,52,55,2022-02-06,1,1,39.2
3544,11,14,20,44,48,53,2022-02-04,2,2,31.7
3543,1,14,24,43,52,53,2022-02-02,2,0,31.2
3542,5,31,35,47,48,50,2022-01-30,3,0,36
3541,19,33,34,38,46,49,2022-01-28,1,1,36.5
3540,3,6,19,25,41,52,2022-01-26,3,1,24.3
3539,11,19,20,22,32,56,2022-01-23,2,0,26.7
3538,1,4,7,21,23,29,2022-01-21,3,0,14.2
3537,6,12,15,32,46,55,2022-01-19,0,0,27.7
3536,2,11,21,22,30,35,2022-01-16,2,0,20.2
3535,1,3,24,29,34,50,2022-01-14,2,1,23.5
3534,6,16,23,34,47,52,2022-01-12,2,1,29.7
3533,3,10,15,16,38,40,2022-01-09,1,0,20.3
3532,5,7,17,20,34,41,2022-01-07,4,0,20.7
3531,1,8,28,31,45,49,2022-01-05,1,0,27
3530,17,21,34,39,41,43,2022-01-02,3,1,32.5
3529,4,9,17,19,53,56,2021-12-31,3,0,26.3
3528,1,15,26,38,47,52,2021-12-29,1,0,29.8
3527,10,20,24,35,55,56,2021-12-26,0,1,33.3
3526,3,7,36,48,54,55,2021-12-24,2,1,33.8
3525,10,17,21,31,33,55,2021-12-22,2,2,27.8
3524,17,33,40,42,46,52,2021-12-19,1,0,38.3
3523,9,12,25,28,35,53,2021-12-17,1,0,27
3522,6,11,31,40,44,47,2021-12-15,3,1,29.8
3521,16,32,40,43,50,51,2021-12-12,1,3,38.7
3520,27,32,40,43,47,55,2021-12-10,2,1,40.7
3519,3,14,27,29,30,51,2021-12-08,2,1,25.7
3518,2,6,9,10,20,29,2021-12-05,2,1,12.7
3517,2,3,16,26,34,56,2021-12-03,2,1,22.8
3516,15,16,35,42,49,55,2021-12-01,0,0,35.3
3515,2,22,23,26,46,52,2021-11-28,2,1,28.5
3514,5,13,16,22,25,41,2021-11-26,3,0,20.3
3513,19,34,38,44,47,49,2021-11-24,2,0,38.5
3512,23,25,27,30,35,50,2021-11-21,1,1,31.7
3511,1,2,6,14,25,52,2021-11-17,1,0,16.7
3510,8,11,39,43,44,47,2021-11-14,3,1,32
3509,2,3,11,26,37,38,2021-11-10,4,2,19.5
3508,1,23,24,37,38,41,2021-11-07,3,2,27.3
3507,17,24,33,36,37,45,2021-11-03,2,0,32
3506,2,10,13,14,18,53,2021-10-31,3,1,18.3
3505,5,7,30,38,53,56,2021-10-27,3,1,31.5
3504,1,6,26,35,42,56,2021-10-24,0,0,27.7
3503,21,24,31,33,39,41,2021-10-20,2,1,31.5
3502,4,11,34,37,39,56,2021-10-17,2,1,30.2
3501,5,23,37,45,49,53,2021-10-13,4,0,35.3
3500,13,22,24,27,38,46,2021-10-10,1,2,28.3
3499,10,24,27,28,51,55,2021-10-06,0,2,32.5
3498,24,28,36,50,52,56,2021-10-03,0,0,41
3497,2,18,23,37,43,44,2021-09-29,4,0,27.8
3496,10,13,14,20,24,33,2021-09-26,1,0,19
3495,2,12,26,41,42,45,2021-09-22,2,0,28
3494,4,15,22,24,32,48,2021-09-19,0,1,24.2
3493,19,20,22,29,51,52,2021-09-15,2,0,32.2
3492,24,25,40,45,46,56,2021-09-12,0,0,39.3
3491,8,9,16,18,36,49,2021-09-08,0,1,22.7
3490,2,11,25,37,49,50,2021-09-05,3,0,29
3489,10,13,18,24,30,52,2021-09-01,1,0,24.5
3488,2,25,36,44,46,50,2021-08-29,1,2,33.8
3487,2,4,7,24,40,50,2021-08-25,2,1,21.2
3486,3,4,14,19,45,56,2021-08-22,2,2,23.5
3485,4,14,18,32,50,55,2021-08-18,0,0,28.8
3484,1,3,23,24,42,46,2021-08-15,2,2,23.2
3483,1,4,9,14,24,27,2021-08-11,0,0,13.2
3482,6,16,18,19,26,52,2021-08-08,1,1,22.8
3481,1,7,16,33,47,56,2021-08-04,2,0,26.7
3480,3,20,28,37,39,48,2021-08-01,2,1,29.2
3479,2,5,14,38,39,47,2021-07-28,3,0,24.2
3478,19,21,33,42,50,55,2021-07-25,1,0,36.7
3477,18,20,23,26,34,38,2021-07-21,1,1,26.5
3476,19,27,34,36,43,46,2021-07-18,2,1,34.2
3475,11,12,27,39,48,55,2021-07-14,1,1,32
3474,7,13,16,23,37,48,2021-07-11,4,1,24
3473,7,10,11,15,41,53,2021-07-07,4,0,22.8
3472,4,20,26,36,49,51,2021-07-04,0,1,31
3471,5,8,15,23,29,49,2021-06-30,3,0,21.5
3470,11,19,20,42,47,53,2021-06-27,4,3,32
3469,3,10,15,20,47,53,2021-06-23,3,1,24.7
3468,9,20,22,31,41,55,2021-06-20,2,0,29.7
3467,4,12,15,29,30,42,2021-06-16,1,1,22
3466,14,15,32,45,47,56,2021-06-13,1,0,34.8
3465,4,12,36,40,48,53,2021-06-09,1,2,32.2
3464,7,16,40,44,45,48,2021-06-06,1,2,33.3
3463,21,24,28,34,45,48,2021-06-02,0,1,33.3
3462,7,10,21,25,38,47,2021-05-30,2,2,24.7
3461,6,7,16,21,32,50,2021-05-26,1,0,22
3460,1,4,34,36,51,54,2021-05-23,0,0,30
3459,17,20,40,42,43,55,2021-05-19,2,1,36.2
3458,15,32,36,50,51,55,2021-05-16,0,3,39.8
3457,15,27,28,32,44,51,2021-05-12,0,1,32.8
3456,17,25,43,44,50,55,2021-05-09,2,2,39
3455,3,21,25,39,43,48,2021-05-05,2,1,29.8
3454,10,25,26,30,40,46,2021-05-02,0,0,29.5
3453,3,18,21,27,49,56,2021-04-28,1,1,29
3452,6,13,43,45,49,50,2021-04-25,2,1,34.3
3451,35,40,43,44,46,47,2021-04-21,2,2,42.5
3450,14,15,19,40,43,56,2021-04-18,2,2,31.2
3449,5,11,14,15,41,48,2021-04-14,3,1,22.3
3448,10,15,18,25,44,54,2021-04-11,0,1,27.7
3447,2,22,26,28,44,47,2021-04-07,2,0,28.2
3446,8,9,17,27,45,51,2021-04-04,1,0,26.2
3445,11,19,21,36,47,53,2021-03-31,4,0,31.2
3444,8,13,16,17,48,54,2021-03-28,2,0,26
3443,2,18,30,31,45,47,2021-03-24,3,0,28.8
3442,17,20,32,35,39,54,2021-03-21,1,0,32.8
3441,2,10,13,14,51,55,2021-03-17,2,0,24.2
3440,6,7,28,43,44,52,2021-03-14,2,1,30
3439,20,22,25,50,52,55,2021-03-10,0,0,37.3
3438,2,10,14,15,24,48,2021-03-07,1,2,18.8
3437,4,10,13,14,22,37,2021-03-03,2,1,16.7
3436,1,12,22,25,35,51,2021-02-28,0,0,24.3
3435,18,20,26,32,42,55,2021-02-24,0,0,32.2
3434,1,10,28,51,54,56,2021-02-21,0,1,33.3
3433,2,19,38,40,44,54,2021-02-17,2,0,32.8
3432,4,7,12,25,26,35,2021-02-14,1,0,18.2
3431,6,14,16,24,27,45,2021-02-10,0,1,22
3430,16,35,37,42,46,48,2021-02-07,1,0,37.3
3429,6,9,26,51,52,54,2021-02-03,0,0,33
3428,7,18,19,29,40,56,2021-01-31,3,0,28.2
3427,6,15,17,25,32,41,2021-01-27,2,0,22.7
3426,10,14,23,29,48,49,2021-01-24,2,1,28.8
3425,10,12,21,31,34,43,2021-01-20,2,0,25.2
3424,4,22,29,41,48,51,2021-01-17,2,2,32.5
3423,8,22,29,34,42,50,2021-01-13,1,0,30.8
3422,14,24,28,38,44,48,2021-01-10,0,1,32.7
3421,2,5,6,23,28,50,2021-01-06,3,1,19
3420,3,6,19,46,47,54,2021-01-03,3,0,29.2
3419,13,24,26,40,43,55,2020-12-30,2,1,33.5
3418,6,16,32,36,54,55,2020-12-27,0,0,33.2
3417,10,15,31,33,42,46,2020-12-23,1,0,29.5
3416,3,5,8,28,52,56,2020-12-20,2,0,25.3
3415,2,10,16,23,27,30,2020-12-16,2,0,18
3414,12,14,24,32,53,54,2020-12-13,1,0,31.5
3413,1,5,8,15,25,28,2020-12-09,1,1,13.7
3412,8,10,16,27,30,56,2020-12-06,0,0,24.5
3411,4,5,22,28,41,42,2020-12-02,2,1,23.7
3410,20,31,35,40,42,53,2020-11-29,2,1,36.8
3409,15,19,20,29,32,41,2020-11-25,3,0,26
3408,2,12,22,25,30,46,2020-11-22,1,1,22.8
3407,7,25,48,51,54,56,2020-11-18,1,2,40.2
3406,6,12,44,47,48,56,2020-11-15,1,0,35.5
3405,1,8,15,40,52,54,2020-11-11,0,1,28.3
3404,1,16,19,23,24,33,2020-11-08,2,1,19.3
3403,12,22,23,38,47,54,2020-11-04,2,1,32.7
3402,7,12,14,39,48,55,2020-11-01,1,0,29.2
3401,2,3,23,26,29,46,2020-10-28,4,1,21.5
3400,1,15,33,34,46,47,2020-10-25,1,0,29.3
3399,13,27,32,43,53,54,2020-10-21,3,0,37
3398,5,14,25,30,40,49,2020-10-18,1,1,27.2
3397,3,5,8,10,27,42,2020-10-14,2,0,15.8
3396,9,20,25,40,48,52,2020-10-11,0,1,32.3
3395,9,27,33,42,49,54,2020-10-07,0,1,35.7
3394,11,13,20,44,45,49,2020-10-04,2,1,30.3
3393,14,20,25,29,34,56,2020-09-30,1,2,29.7
3392,3,4,7,8,25,34,2020-09-27,2,1,13.5
3391,3,30,32,42,45,55,2020-09-23,1,0,34.5
3390,16,21,27,29,49,50,2020-09-20,1,1,32
3389,4,16,17,18,36,53,2020-09-16,2,0,24
3388,2,9,20,31,40,54,2020-09-13,2,1,26
3387,3,6,10,26,40,51,2020-09-09,1,0,22.7
3386,15,20,27,32,35,53,2020-09-06,1,1,30.3
3385,17,25,35,36,38,49,2020-09-02,1,0,33.3
3384,7,24,34,40,53,55,2020-08-30,2,1,35.5
3383,7,18,19,22,27,43,2020-08-26,3,0,22.7
3382,16,20,23,31,41,42,2020-08-23,3,1,28.8
3381,18,25,27,31,49,52,2020-08-19,1,1,33.7
3380,11,19,20,27,44,47,2020-08-16,3,3,28
3379,3,19,32,36,44,47,2020-08-12,3,2,30.2
3378,2,3,23,44,50,51,2020-08-09,3,1,28.8
3377,6,7,11,26,35,51,2020-08-05,2,1,22.7
3376,1,4,5,10,11,43,2020-08-02,3,0,12.3
3375,13,14,28,36,39,52,2020-07-29,1,0,30.3
3374,17,20,31,49,50,51,2020-07-26,2,0,36.3
3373,8,14,30,35,47,52,2020-04-01,1,2,31
3372,6,7,30,35,43,54,2020-03-29,2,1,29.2
3371,4,8,10,30,55,56,2020-03-25,0,0,27.2
3370,3,28,34,44,45,52,2020-03-22,1,0,34.3
3369,2,7,11,14,38,39,2020-03-18,3,1,18.5
3368,2,10,19,31,35,47,2020-03-15,4,0,24
3367,7,8,12,14,18,41,2020-03-11,2,1,16.7
3366,10,21,30,41,51,56,2020-03-08,1,0,34.8
3365,3,16,26,36,42,46,2020-03-04,1,0,28.2
3364,9,11,43,48,53,56,2020-03-01,3,0,36.7
3363,20,23,25,50,52,55,2020-02-26,1,0,37.5
3362,2,8,24,29,31,48,2020-02-23,3,1,23.7
3361,2,9,22,36,43,46,2020-02-19,2,0,26.3
3360,10,23,24,38,53,54,2020-02-16,2,0,33.7
3359,1,5,12,26,30,40,2020-02-12,1,3,19
3358,1,5,13,30,53,56,2020-02-09,3,0,26.3
3357,4,10,14,25,32,38,2020-02-05,0,2,20.5
3356,4,22,26,27,38,46,2020-02-02,0,0,27.2
3355,5,11,28,43,44,55,2020-01-29,3,0,31
3354,15,18,21,24,32,54,2020-01-26,0,2,27.3
3353,5,10,13,15,23,54,2020-01-22,3,0,20
3352,11,12,43,47,48,49,2020-01-19,3,1,35
3351,1,5,12,21,35,44,2020-01-15,1,0,19.7
3350,16,31,33,36,49,52,2020-01-12,1,0,36.2
3349,7,10,13,26,46,53,2020-01-08,3,0,25.8
3348,1,2,12,22,35,36,2020-01-05,1,1,18
3347,5,17,18,35,40,49,2020-01-01,2,1,27.3
3346,13,27,32,35,39,47,2019-12-29,2,2,32.2
3345,13,16,22,32,48,50,2019-12-25,1,1,30.2
3344,4,12,22,38,39,51,2019-12-22,0,0,27.7
3343,5,11,20,28,44,56,2019-12-18,2,0,27.3
3342,2,3,22,47,49,50,2019-12-15,3,1,28.8
3341,15,20,22,44,48,56,2019-12-11,0,0,34.2
3340,24,34,41,43,45,50,2019-12-08,2,0,39.5
3339,2,26,28,44,47,56,2019-12-04,2,1,33.8
3338,17,29,32,38,43,56,2019-12-01,3,1,35.8
3337,24,33,38,40,47,48,2019-11-27,1,0,38.3
3336,7,9,22,27,44,51,2019-11-24,1,0,26.7
3335,13,15,21,37,46,52,2019-11-20,2,0,30.7
3334,5,10,14,38,39,40,2019-11-17,1,0,24.3
3333,16,17,35,42,44,48,2019-11-13,1,1,33.7
3332,19,22,26,29,41,44,2019-11-10,3,1,30.2
3331,3,9,15,36,44,52,2019-11-06,1,2,26.5
3330,9,31,32,34,52,54,2019-11-03,1,1,35.3
3329,2,11,18,23,34,48,2019-10-30,3,0,22.7
3328,3,35,36,46,47,52,2019-10-27,2,0,36.5
3327,5,14,24,50,51,53,2019-10-23,2,1,32.8
3326,5,9,13,15,38,40,2019-10-20,2,0,20
3325,4,25,26,33,41,52,2019-10-16,1,2,30.2
3324,7,20,26,41,53,55,2019-10-13,3,0,33.7
3323,9,13,16,21,30,42,2019-10-09,1,1,21.8
3322,8,16,25,50,52,56,2019-10-06,0,0,34.5
3321,2,3,14,23,28,55,2019-10-02,3,1,20.8
3320,5,13,25,44,50,55,2019-09-29,2,0,32
3319,14,17,27,39,49,54,2019-09-25,1,0,33.3
3318,6,8,20,26,29,51,2019-09-22,1,1,23.3
3317,20,35,40,41,43,45,2019-09-18,2,1,37.3
3316,5,10,20,25,31,44,2019-09-15,2,0,22.5
3315,17,26,35,45,46,48,2019-09-11,1,1,36.2
3314,2,8,11,17,43,52,2019-09-08,4,1,22.2
3313,22,33,39,43,54,55,2019-09-04,1,0,41
3312,5,13,19,20,25,38,2019-09-01,3,2,20
3311,5,10,37,38,40,46,2019-08-28,2,1,29.3
3310,1,5,28,32,43,52,2019-08-25,2,1,26.8
3309,16,39,41,47,52,53,2019-08-21,3,0,41.3
3308,8,15,19,27,34,37,2019-08-18,2,0,23.3
3307,4,12,20,28,44,46,2019-08-14,0,1,25.7
3306,10,25,26,28,31,45,2019-08-11,1,0,27.5
3305,4,15,24,38,55,56,2019-08-07,0,2,32
3304,1,2,4,15,21,43,2019-08-04,2,0,14.3
3303,6,12,28,44,50,56,2019-07-31,0,0,32.7
3302,1,5,10,38,48,49,2019-07-28,1,0,25.2
3301,14,15,34,36,41,44,2019-07-24,1,2,30.7
3300,3,10,19,29,41,44,2019-07-21,4,0,24.3
3299,9,16,20,30,39,40,2019-07-17,0,1,25.7
3298,2,20,34,42,45,50,2019-07-14,1,0,32.2
3297,7,12,27,31,38,40,2019-07-10,2,1,25.8
3296,29,33,40,46,48,53,2019-07-07,2,1,41.5
3295,8,17,28,34,43,48,2019-07-03,2,1,29.7
3294,22,28,29,31,55,56,2019-06-30,2,1,36.8
3293,3,4,16,21,25,29,2019-06-26,2,0,16.3
3292,7,8,11,13,24,37,2019-06-23,4,1,16.7
3291,4,11,17,41,46,53,2019-06-19,4,0,28.7
3290,15,22,25,33,34,43,2019-06-16,1,2,28.7
3289,9,18,20,22,34,41,2019-06-12,1,1,24
3288,1,11,22,26,52,53,2019-06-09,2,0,27.5
3287,6,13,28,29,31,46,2019-06-05,3,0,25.5
3286,14,15,17,27,36,40,2019-06-02,1,1,24.8
3285,17,20,34,39,42,47,2019-05-29,2,1,33.2
3284,32,41,47,48,51,56,2019-05-26,2,2,45.8
3283,5,7,41,49,51,55,2019-05-22,3,1,34.7
3282,5,8,12,21,27,47,2019-05-19,2,1,20
3281,1,8,26,32,42,44,2019-05-15,0,2,25.5
3280,9,35,42,44,55,56,2019-05-12,0,0,40.2
3279,5,15,31,40,51,52,2019-05-08,2,1,32.3
3278,12,16,23,31,33,48,2019-05-05,2,1,27.2
3277,1,7,33,41,45,55,2019-05-01,2,1,30.3
3276,1,5,23,29,30,51,2019-04-28,3,1,23.2
3275,8,26,30,40,45,47,2019-04-24,1,1,32.7
3274,4,8,9,22,35,52,2019-04-21,0,1,21.7
3273,6,8,23,28,38,44,2019-04-17,1,0,24.5
3272,12,21,30,31,45,49,2019-04-14,1,0,31.3
3271,19,28,34,36,41,42,2019-04-10,2,2,33.3
3270,6,7,33,34,36,52,2019-04-07,1,1,28
3269,4,7,15,19,42,44,2019-04-03,2,1,21.8
3268,3,11,16,19,54,56,2019-03-31,3,0,26.5
3267,8,9,24,40,45,46,2019-03-27,0,2,28.7
3266,10,14,40,46,53,55,2019-03-24,1,1,36.3
3265,18,23,32,33,39,40,2019-03-20,1,1,30.8
3264,12,17,19,26,39,49,2019-03-17,2,2,27
3263,7,25,26,39,40,46,2019-03-13,1,0,30.5
3262,9,14,17,31,42,50,2019-03-10,2,0,27.2
3261,6,13,25,37,48,53,2019-03-06,3,0,30.3
3260,9,19,26,28,34,44,2019-03-03,1,2,26.7
3259,9,12,31,34,52,56,2019-02-27,1,0,32.3
3258,1,13,16,20,28,50,2019-02-24,1,0,21.3
3257,7,8,21,29,40,51,2019-02-20,2,0,26
3256,5,30,32,34,36,43,2019-02-17,2,1,30
3255,4,11,20,36,46,54,2019-02-13,1,1,28.5
3254,1,4,16,30,33,41,2019-02-10,1,0,20.8
3253,23,27,39,48,50,54,2019-02-06,1,1,40.2
3252,2,10,18,46,47,54,2019-02-03,2,1,29.5
3251,4,14,18,29,36,50,2019-01-30,1,0,25.2
3250,3,5,6,12,34,43,2019-01-27,3,0,17.2
3249,4,13,24,26,36,50,2019-01-23,1,1,25.5
3248,3,33,37,41,50,51,2019-01-20,3,0,35.8
3247,4,19,30,32,36,48,2019-01-16,1,1,28.2
3246,4,6,29,40,42,43,2019-01-13,2,0,27.3
3245,11,24,34,45,50,56,2019-01-09,1,1,36.7
3244,6,24,28,32,47,52,2019-01-06,1,0,31.5
3243,5,9,16,22,50,55,2019-01-02,1,0,26.2
3242,27,28,29,31,42,48,2018-12-30,2,1,34.2
3241,10,29,37,44,50,52,2018-12-26,2,0,37
3240,5,23,24,39,42,53,2018-12-23,3,0,31
3239,2,22,30,34,40,55,2018-12-19,1,0,30.5
3238,11,13,19,25,28,49,2018-12-16,3,0,24.2
3237,12,18,35,39,44,47,2018-12-12,1,1,32.5
3236,1,10,21,25,30,47,2018-12-09,1,0,22.3
3235,17,18,22,26,44,54,2018-12-05,1,1,30.2
3234,2,12,14,21,22,33,2018-12-02,1,0,17.3
3233,6,24,36,40,47,54,2018-11-28,1,1,34.5
3232,12,20,29,38,39,47,2018-11-25,2,1,30.8
3231,1,2,6,25,39,44,2018-11-21,1,1,19.5
3230,8,24,25,49,51,52,2018-11-18,0,0,34.8
3229,2,9,11,32,35,46,2018-11-14,2,1,22.5
3228,8,10,31,38,46,49,2018-11-11,1,2,30.3
3227,1,10,19,34,49,52,2018-11-07,1,2,27.5
3226,10,15,22,25,26,34,2018-11-04,0,1,22
3225,7,25,33,35,40,45,2018-10-31,1,0,30.8
3224,4,11,15,16,41,50,2018-10-28,2,0,22.8
3223,3,5,10,14,35,54,2018-10-24,2,0,20.2
3222,16,17,19,24,47,56,2018-10-21,3,2,29.8
3221,3,6,8,12,47,56,2018-10-17,2,0,22
3220,11,32,33,38,41,50,2018-10-14,2,1,34.2
3219,17,21,25,27,32,55,2018-10-10,1,0,29.5
3218,8,9,18,19,45,49,2018-10-07,1,2,24.7
3217,9,13,15,29,45,46,2018-10-03,2,1,26.2
3216,34,39,42,44,45,48,2018-09-30,0,1,42
3215,6,21,22,33,34,54,2018-09-26,0,1,28.3
3214,12,22,48,52,53,55,2018-09-23,1,1,40.3
3213,16,21,34,43,50,52,2018-09-19,1,0,36
3212,9,14,38,40,51,55,2018-09-16,0,1,34.5
3211,16,33,40,52,53,54,2018-09-12,1,0,41.3
3210,15,20,25,39,45,47,2018-09-09,1,1,31.8
3209,3,18,38,40,42,45,2018-09-05,1,0,31
3208,5,22,29,43,49,50,2018-09-02,3,2,33
3207,5,21,22,25,32,34,2018-08-29,1,0,23.2
3206,2,3,14,45,53,56,2018-08-26,3,1,28.8
3205,8,9,20,44,46,53,2018-08-22,1,1,30
3204,5,8,33,39,49,55,2018-08-19,1,0,31.5
3203,7,13,40,42,44,51,2018-08-15,2,1,32.8
3202,13,20,22,28,35,56,2018-08-12,1,0,29
3201,3,6,9,32,33,50,2018-08-08,1,1,22.2
3200,13,16,38,43,50,51,2018-08-05,2,1,35.2
3199,16,17,19,44,45,53,2018-08-01,3,1,32.3
3198,4,13,27,31,36,45,2018-07-29,2,1,26
3197,8,20,22,25,35,36,2018-07-25,0,1,24.3
3196,9,17,25,29,30,56,2018-07-22,2,1,27.7
3195,6,22,24,33,46,56,2018-07-18,0,0,31.2
3194,7,8,12,16,32,35,2018-07-15,1,1,18.3
3193,3,7,13,14,43,44,2018-07-11,4,0,20.7
3192,23,25,32,47,50,52,2018-07-08,2,0,38.2
3191,12,14,19,33,46,48,2018-07-04,1,2,28.7
3190,13,14,16,48,49,56,2018-07-01,1,0,32.7
3189,11,29,33,40,51,55,2018-06-27,2,0,36.5
3188,1,6,7,17,18,38,2018-06-24,2,1,14.5
3187,6,9,19,21,37,44,2018-06-20,2,0,22.7
3186,1,8,13,35,36,51,2018-06-17,1,0,24
3185,2,3,5,6,12,38,2018-06-13,3,0,11
3184,16,33,35,39,48,50,2018-06-10,0,0,36.8
3183,13,15,17,23,47,56,2018-06-06,4,1,28.5
3182,10,15,33,42,43,44,2018-06-03,1,0,31.2
3181,2,7,18,48,52,55,2018-05-30,2,0,30.3
3180,6,23,24,32,41,44,2018-05-27,2,0,28.3
3179,3,8,34,42,49,54,2018-05-23,1,1,31.7
3178,8,22,23,28,38,45,2018-05-20,1,1,27.3
3177,10,32,45,46,53,56,2018-05-16,1,0,40.3
3176,17,18,33,36,50,54,2018-05-13,1,0,34.7
3175,26,27,34,47,48,52,2018-05-09,1,1,39
3174,13,17,26,35,45,56,2018-05-06,2,1,32
3173,9,13,23,42,44,48,2018-05-02,2,2,29.8
3172,10,11,12,13,15,23,2018-04-29,3,0,14
3171,4,16,28,33,34,45,2018-04-25,0,1,26.7
3170,24,30,33,42,44,47,2018-04-22,1,1,36.7
3169,12,30,36,40,45,48,2018-04-18,0,0,35.2
3168,9,18,22,24,50,55,2018-04-15,0,1,29.7
3167,4,37,38,42,50,54,2018-04-11,1,1,37.5
3166,13,23,26,33,37,56,2018-04-08,3,0,31.3
3165,16,25,30,36,51,53,2018-04-04,1,1,35.2
3164,12,28,29,36,50,56,2018-04-01,1,1,35.2
3163,1,8,21,28,41,42,2018-03-28,1,1,23.5
3162,8,13,20,27,48,49,2018-03-25,1,1,27.5
3161,18,20,25,32,43,55,2018-03-21,1,2,32.2
3160,7,8,20,24,32,41,2018-03-18,2,0,22
3159,25,30,34,42,49,56,2018-03-14,0,2,39.3
3158,23,29,34,49,52,55,2018-03-11,2,1,40.3
3157,11,18,21,30,34,40,2018-03-07,1,0,25.7
3156,6,12,22,23,24,39,2018-03-04,1,0,21
3155,4,9,10,16,35,50,2018-02-28,0,0,20.7
3154,11,13,28,32,41,51,2018-02-25,3,0,29.3
3153,16,19,23,40,43,55,2018-02-21,3,0,32.7
3152,17,26,30,32,48,49,2018-02-18,1,1,33.7
3151,12,25,30,37,43,53,2018-02-14,3,1,33.3
3150,3,7,25,28,42,44,2018-02-11,2,0,24.8
3149,6,8,26,34,35,38,2018-02-07,0,0,24.5
3148,2,4,7,11,23,46,2018-02-04,4,0,15.5
3147,14,18,25,35,36,55,2018-01-31,0,1,30.5
3146,4,13,14,19,30,38,2018-01-28,2,1,19.7
3145,4,5,10,23,29,35,2018-01-24,3,1,17.7
3144,16,33,35,42,50,53,2018-01-21,1,0,38.2
3143,6,24,31,34,40,48,2018-01-17,1,0,30.5
3142,9,14,15,51,53,54,2018-01-14,1,0,32.7
3141,4,8,11,23,45,49,2018-01-10,2,1,23.3
3140,17,19,27,39,41,45,2018-01-07,3,3,31.3
3139,9,12,17,22,39,41,2018-01-03,2,2,23.3
3138,9,35,39,43,55,56,2017-12-31,1,1,39.5
3137,6,8,25,26,27,35,2017-12-27,0,0,21.2
3136,20,30,38,39,43,53,2017-12-24,2,2,37.2
3135,3,19,20,43,46,49,2017-12-20,3,0,30
3134,8,11,30,32,42,52,2017-12-17,1,1,29.2
3133,21,23,29,31,32,47,2017-12-13,4,1,30.5
3132,9,18,24,29,30,52,2017-12-10,1,1,27
3131,33,34,35,40,44,52,2017-12-06,0,1,39.7
3130,2,3,11,20,23,34,2017-12-03,4,1,15.5
3129,2,15,32,35,45,54,2017-11-29,1,1,30.5
3128,1,2,17,49,51,56,2017-11-26,2,0,29.3
3127,37,40,42,44,48,50,2017-11-22,1,1,43.5
3126,4,8,31,41,47,50,2017-11-19,3,1,30.2
3125,7,10,20,38,48,50,2017-11-15,1,0,28.8
3124,12,16,28,46,51,55,2017-11-12,0,1,34.7
3123,24,38,43,46,50,52,2017-11-08,1,0,42.2
3122,9,23,25,32,40,54,2017-11-05,1,1,30.5
3121,2,13,15,20,32,35,2017-11-01,2,0,19.5
3120,1,3,11,12,21,31,2017-10-29,3,2,13.2
3119,1,7,11,17,41,45,2017-10-25,4,2,20.3
3118,7,12,17,20,21,22,2017-10-22,2,1,16.5
3117,3,6,12,41,46,47,2017-10-18,3,0,25.8
3116,2,28,30,39,43,54,2017-10-15,2,0,32.7
3115,9,17,41,42,45,49,2017-10-11,2,0,33.8
3114,10,14,21,35,40,44,2017-10-08,0,2,27.3
3113,10,18,20,22,26,40,2017-10-04,0,1,22.7
3112,19,22,25,42,50,55,2017-10-01,1,1,35.5
3111,3,8,26,35,50,53,2017-09-27,2,1,29.2
3110,9,13,20,49,52,53,2017-09-24,2,0,32.7
3109,10,27,31,37,41,48,2017-09-20,3,0,32.3
3108,19,22,26,30,42,49,2017-09-17,1,0,31.3
3107,9,12,20,46,50,55,2017-09-13,0,1,32
3106,1,9,16,28,29,47,2017-09-10,2,1,21.7
3105,7,10,18,30,33,47,2017-09-06,2,0,24.2
3104,12,13,36,38,39,45,2017-09-03,1,1,30.5
3103,4,6,8,11,12,34,2017-08-30,1,1,12.5
3102,1,9,24,34,46,50,2017-08-27,0,2,27.3
3101,1,2,5,14,15,24,2017-08-23,2,1,10.2
3100,2,19,29,42,50,53,2017-08-20,4,0,32.5
3099,7,10,17,18,32,48,2017-08-16,2,0,22
3098,16,24,25,28,37,44,2017-08-13,1,1,29
3097,14,25,30,38,40,43,2017-08-09,1,2,31.7
3096,8,10,23,25,30,47,2017-08-06,2,1,23.8
3095,5,24,26,29,45,47,2017-08-02,3,1,29.3
3094,20,25,36,45,46,52,2017-07-30,0,2,37.3
3093,3,4,10,25,26,52,2017-07-26,1,0,20
3092,18,32,36,42,47,48,2017-07-23,1,0,37.2
3091,7,14,16,34,38,53,2017-07-19,2,1,27
3090,3,4,23,30,38,55,2017-07-16,2,0,25.5
3089,1,9,25,33,42,43,2017-07-12,1,0,25.5
3088,7,19,21,28,50,53,2017-07-09,3,0,29.7
3087,18,25,29,32,37,48,2017-07-05,2,1,31.5
3086,19,22,29,30,53,55,2017-07-02,3,1,34.7
3085,2,7,16,19,26,35,2017-06-28,3,0,17.5
3084,14,24,30,41,51,56,2017-06-25,1,0,36
3083,17,18,27,32,52,53,2017-06-21,2,0,33.2
3082,1,3,5,14,22,31,2017-06-18,3,0,12.7
3081,8,9,13,34,36,39,2017-06-14,1,0,23.2
3080,10,35,41,46,53,56,2017-06-11,2,0,40.2
3079,2,7,26,37,47,50,2017-06-07,4,1,28.2
3078,6,7,14,20,36,40,2017-06-04,1,0,20.5
3077,25,28,30,43,47,53,2017-05-31,3,0,37.7
3076,13,15,17,27,52,54,2017-05-28,2,1,29.7
3075,2,21,25,32,48,52,2017-05-24,1,0,30
3074,19,29,34,36,41,51,2017-05-21,3,1,35
3073,10,12,21,48,51,56,2017-05-17,0,1,33
3072,10,20,30,35,39,49,2017-05-14,0,0,30.5
3071,17,21,26,40,43,52,2017-05-10,2,0,33.2
3070,1,4,10,32,45,47,2017-05-07,1,0,23.2
3069,19,20,27,30,46,56,2017-05-03,1,2,33
3068,11,27,30,32,45,55,2017-04-30,1,0,33.3
3067,7,8,21,24,29,42,2017-04-26,2,1,21.8
3066,2,3,4,7,40,56,2017-04-23,3,0,18.7
3065,6,14,21,24,38,41,2017-04-19,1,1,24
3064,4,5,7,15,21,55,2017-04-16,2,0,17.8
3063,6,9,16,27,43,53,2017-04-12,2,0,25.7
3062,4,13,17,23,39,45,2017-04-09,3,1,23.5
3061,8,16,33,39,43,44,2017-04-05,1,1,30.5
3060,4,16,22,34,40,48,2017-04-02,0,1,27.3
3059,4,7,10,24,28,33,2017-03-29,1,1,17.7
3058,1,6,11,15,33,49,2017-03-26,1,0,19.2
3057,3,5,14,16,30,53,2017-03-22,3,0,20.2
3056,24,26,28,31,52,56,2017-03-19,1,1,36.2
3055,3,14,19,20,31,34,2017-03-15,3,0,20.2
3054,2,17,30,45,54,56,2017-03-12,2,0,34
3053,11,12,22,34,43,49,2017-03-08,2,0,28.5
3052,5,8,27,28,31,40,2017-03-05,2,1,23.2
3051,6,8,21,32,41,45,2017-03-01,1,0,25.5
3050,2,10,17,22,23,29,2017-02-26,4,0,17.2
3049,19,20,33,40,49,50,2017-02-22,1,2,35.2
3048,9,16,19,37,46,49,2017-02-19,2,1,29.3
3047,7,9,10,23,32,54,2017-02-15,2,0,22.5
3046,12,13,14,17,24,53,2017-02-12,3,1,22.2
3045,1,6,17,50,54,56,2017-02-08,1,1,30.7
3044,22,23,30,44,48,50,2017-02-05,1,1,36.2
3043,1,21,22,34,37,46,2017-02-01,1,1,26.8
3042,2,11,14,25,41,46,2017-01-29,3,1,23.2
3041,5,10,29,35,38,46,2017-01-25,2,2,27.2
3040,7,19,21,28,35,46,2017-01-22,2,0,26
3039,1,32,33,37,42,45,2017-01-18,1,1,31.7
3038,2,3,32,52,53,54,2017-01-15,3,1,32.7
3037,12,22,25,28,40,53,2017-01-11,1,1,30
3036,1,22,23,35,39,44,2017-01-08,1,0,27.3
3035,3,12,16,26,29,46,2017-01-04,2,1,22
3034,16,32,35,36,44,50,2017-01-01,0,0,35.5
3033,9,22,27,39,46,48,2016-12-28,0,0,31.8
3032,26,29,30,35,52,54,2016-12-25,1,1,37.7
3031,2,4,7,26,38,47,2016-12-21,3,0,20.7
3030,16,23,35,37,53,55,2016-12-18,3,0,36.5
3029,3,20,29,40,49,50,2016-12-14,2,0,31.8
3028,24,26,30,48,53,56,2016-12-11,1,0,39.5
3027,1,4,18,36,37,55,2016-12-07,1,1,25.2
3026,17,18,19,27,29,49,2016-12-04,3,1,26.5
3025,7,15,22,28,40,49,2016-11-30,1,1,26.8
3024,14,26,28,44,50,51,2016-11-27,0,2,35.5
3023,2,13,44,51,53,55,2016-11-23,3,1,36.3
3022,14,16,17,21,30,44,2016-11-20,1,3,23.7
3021,17,20,21,30,43,46,2016-11-16,2,1,29.5
3020,25,39,41,43,48,55,2016-11-13,2,1,41.8
3019,6,21,25,32,40,42,2016-11-09,0,0,27.7
3018,29,30,43,44,52,55,2016-11-06,2,0,42.2
3017,16,20,21,23,24,56,2016-11-02,1,1,26.7
3016,6,9,34,40,46,56,2016-10-30,0,1,31.8
3015,3,5,14,29,30,56,2016-10-26,3,0,22.8
3014,4,12,18,25,41,48,2016-10-23,1,0,24.7
3013,15,16,20,26,28,39,2016-10-19,0,1,24
3012,6,23,28,32,52,53,2016-10-16,2,1,32.3
3011,9,22,31,35,37,52,2016-10-12,2,1,31
3010,22,25,33,42,54,56,2016-10-09,0,1,38.7
3009,11,13,14,18,22,53,2016-10-05,3,0,21.8
3008,6,8,9,19,32,34,2016-10-02,1,1,18
3007,24,32,43,48,50,54,2016-09-28,1,0,41.8
3006,4,39,44,49,51,56,2016-09-25,0,0,40.5
3005,16,25,32,40,43,54,2016-09-21,1,1,35
3004,6,26,30,40,47,49,2016-09-18,1,0,33
3003,4,9,15,22,33,35,2016-09-14,0,2,19.7
3002,16,23,33,35,46,55,2016-09-11,1,0,34.7
3001,4,7,20,26,45,51,2016-09-07,1,1,25.5
3000,24,28,33,46,50,51,2016-09-04,0,1,38.7
2999,1,4,5,28,30,53,2016-08-31,2,2,20.2
2998,5,25,28,36,40,48,2016-08-28,1,0,30.3
2997,1,11,18,42,51,55,2016-08-24,1,0,29.7
2996,19,22,25,31,43,44,2016-08-21,3,0,30.7
2995,2,14,18,21,46,49,2016-08-17,1,1,25
2994,6,9,19,20,32,49,2016-08-14,1,0,22.5
2993,12,23,30,36,46,53,2016-08-10,2,1,33.3
2992,2,9,36,45,50,54,2016-08-07,1,0,32.7
2991,10,19,21,32,44,52,2016-08-03,1,1,29.7
2990,16,21,37,41,45,46,2016-07-31,2,1,34.3
2989,9,24,30,41,43,53,2016-07-27,3,2,33.3
2988,8,33,40,43,44,53,2016-07-24,2,1,36.8
2987,25,39,44,46,50,55,2016-07-20,0,2,43.2
2986,23,26,38,47,50,55,2016-07-17,2,1,39.8
2985,3,6,23,24,39,45,2016-07-13,2,0,23.3
2984,4,10,19,22,40,49,2016-07-10,1,0,24
2983,3,5,11,18,36,54,2016-07-06,3,1,21.2
2982,2,11,22,43,50,55,2016-07-03,3,0,30.5
2981,6,20,21,39,44,56,2016-06-29,0,1,31
2980,4,8,23,29,44,55,2016-06-26,2,0,27.2
2979,10,12,14,17,47,52,2016-06-22,2,0,25.3
2978,2,18,42,45,48,54,2016-06-19,1,0,34.8
2977,1,10,12,19,31,56,2016-06-15,2,0,21.5
2976,7,16,17,25,37,54,2016-06-12,3,1,26
2975,14,23,25,29,41,43,2016-06-08,4,1,29.2
2974,6,12,29,30,39,55,2016-06-05,1,0,28.5
2973,5,11,15,17,47,48,2016-06-01,4,0,23.8
2972,27,31,35,40,44,54,2016-05-29,1,1,38.5
2971,7,9,23,40,49,52,2016-05-25,2,1,30
2970,5,12,38,40,47,56,2016-05-22,2,0,33
2969,2,10,13,22,35,44,2016-05-18,2,2,21
2968,13,14,27,30,41,44,2016-05-15,2,0,28.2
2967,6,7,28,29,36,48,2016-05-11,2,0,25.7
2966,1,3,16,22,31,46,2016-05-08,2,1,19.8
2965,2,6,26,31,35,52,2016-05-04,2,1,25.3
2964,2,5,30,36,42,55,2016-05-01,2,1,28.3
2963,11,16,19,35,42,46,2016-04-27,2,1,28.2
2962,1,10,14,16,34,48,2016-04-24,0,1,20.5
2961,9,16,25,38,46,56,2016-04-20,0,1,31.7
2960,16,20,24,26,40,44,2016-04-17,0,0,28.3
2959,10,18,27,36,42,49,2016-04-13,0,0,30.3
2958,1,21,24,39,40,51,2016-04-10,0,0,29.3
2957,3,7,14,23,33,46,2016-04-06,3,1,21
2956,6,15,17,23,35,54,2016-04-03,2,0,25
2955,4,8,34,40,50,56,2016-03-30,0,0,32
2954,17,23,24,26,36,51,2016-03-27,2,0,29.5
2953,8,12,25,30,34,42,2016-03-23,0,0,25.2
2952,1,10,13,28,29,40,2016-03-20,2,0,20.2
2951,16,21,25,27,47,54,2016-03-16,1,0,31.7
2950,4,5,20,24,32,42,2016-03-13,1,0,21.2
2949,17,19,38,43,51,55,2016-03-09,3,0,37.2
2948,5,18,29,41,48,49,2016-03-06,3,0,31.7
2947,2,15,32,34,52,56,2016-03-02,1,1,31.8
2946,2,12,21,30,33,54,2016-02-28,1,1,25.3
2945,6,21,22,34,41,52,2016-02-24,1,2,29.3
2944,7,8,13,41,52,53,2016-02-21,4,1,29
2943,4,7,32,35,49,56,2016-02-17,1,1,30.5
2942,1,16,22,41,42,49,2016-02-14,1,0,28.5
2941,24,25,26,38,47,56,2016-02-10,1,1,36
2940,31,38,40,41,46,53,2016-02-07,3,1,41.5
2939,9,30,39,40,48,54,2016-02-03,0,1,36.7
2938,12,21,26,30,38,43,2016-01-31,1,1,28.3
2937,1,14,29,30,31,56,2016-01-27,2,1,26.8
2936,16,18,24,25,30,49,2016-01-24,0,0,27
2935,13,20,23,38,44,51,2016-01-20,2,1,31.5
2934,6,11,12,19,32,38,2016-01-17,2,0,19.7
2933,5,31,35,43,46,55,2016-01-13,3,0,35.8
2932,20,26,28,39,49,51,2016-01-10,0,1,35.5
2931,2,20,29,35,37,47,2016-01-06,4,0,28.3
2930,5,13,30,32,44,54,2016-01-03,2,1,29.7
2929,5,7,11,36,47,55,2015-12-30,4,0,26.8
2928,2,19,29,37,50,54,2015-12-27,4,1,31.8
2927,2,7,30,40,43,53,2015-12-23,4,0,29.2
2926,6,23,31,38,45,51,2015-12-20,2,1,32.3
2925,5,14,21,31,41,48,2015-12-16,3,1,26.7
2924,14,15,29,35,42,56,2015-12-13,1,1,31.8
2923,15,16,20,36,43,54,2015-12-09,1,0,30.7
2922,4,10,21,29,51,56,2015-12-06,1,1,28.5
2921,1,6,10,24,30,53,2015-12-02,1,0,20.7
2920,16,18,22,41,44,49,2015-11-29,1,0,31.7
2919,11,15,26,32,35,47,2015-11-25,2,0,27.7
2918,8,19,31,38,46,48,2015-11-22,2,1,31.7
2917,11,14,16,46,50,51,2015-11-18,1,0,31.3
2916,4,8,13,15,19,24,2015-11-15,2,0,13.8
2915,5,28,29,30,40,52,2015-11-11,2,0,30.7
2914,3,8,9,27,37,44,2015-11-08,2,1,21.3
2913,8,11,24,25,33,56,2015-11-04,1,1,26.2
2912,4,12,25,34,43,47,2015-11-01,2,0,27.5
2911,3,30,31,45,53,54,2015-10-28,3,0,36
2910,14,15,21,28,35,39,2015-10-25,0,1,25.3
2909,2,13,19,27,28,46,2015-10-21,3,0,22.5
2908,17,18,33,41,44,54,2015-10-18,2,1,34.5
2907,3,18,29,32,34,38,2015-10-14,2,1,25.7
2906,8,15,23,38,45,56,2015-10-11,1,0,30.8
2905,14,16,19,34,40,50,2015-10-07,1,0,28.8
2904,2,7,10,21,51,53,2015-10-04,3,1,24
2903,9,20,25,27,45,51,2015-09-30,0,1,29.5
2902,3,27,35,40,47,49,2015-09-27,2,0,33.5
2901,1,16,18,50,54,56,2015-09-23,0,0,32.5
2900,20,29,32,36,46,47,2015-09-20,2,0,35
2899,7,8,13,28,37,38,2015-09-16,3,2,21.8
2898,18,22,28,37,45,56,2015-09-13,1,1,34.3
2897,14,18,26,29,47,48,2015-09-09,2,1,30.3
2896,1,18,22,31,33,44,2015-09-06,1,0,24.8
2895,6,9,10,15,21,37,2015-09-02,1,3,16.3
2894,6,8,11,21,37,54,2015-08-30,2,0,22.8
2893,10,14,22,45,50,56,2015-08-26,0,0,32.8
2892,3,15,33,35,36,46,2015-08-23,1,1,28
2891,5,6,14,27,36,55,2015-08-19,1,0,23.8
2890,9,10,24,35,38,47,2015-08-16,1,1,27.2
2889,2,31,37,40,47,48,2015-08-12,4,0,34.2
2888,4,8,11,39,43,53,2015-08-09,3,1,26.3
2887,4,9,13,14,38,40,2015-08-05,1,1,19.7
2886,5,13,20,22,48,56,2015-08-02,2,0,27.3
2885,4,6,7,16,31,46,2015-07-29,2,1,18.3
2884,6,8,36,42,52,53,2015-07-26,1,1,32.8
2883,4,6,22,33,39,55,2015-07-22,0,1,26.5
2882,3,9,16,20,40,55,2015-07-19,1,1,23.8
2881,14,20,44,48,49,51,2015-07-15,0,0,37.7
2880,1,8,27,35,38,45,2015-07-12,0,0,25.7
2879,20,36,43,47,49,52,2015-07-08,2,0,41.2
2878,10,18,25,29,38,51,2015-07-05,1,0,28.5
2877,28,32,34,36,43,49,2015-07-01,1,2,37
2876,14,28,29,36,45,50,2015-06-28,1,0,33.7
2875,25,32,35,39,41,53,2015-06-24,2,0,37.5
2874,1,2,18,21,26,46,2015-06-21,1,0,19
2873,6,12,35,43,50,55,2015-06-17,1,0,33.5
2872,3,8,26,31,40,49,2015-06-14,2,1,26.2
2871,9,10,14,15,26,52,2015-06-10,0,0,21
2870,3,21,27,28,35,55,2015-06-07,1,1,28.2
2869,10,22,28,30,43,56,2015-06-03,1,1,31.5
2868,7,14,18,28,29,33,2015-05-31,2,2,21.5
2867,14,18,24,27,32,56,2015-05-27,0,0,28.5
2866,1,3,8,28,29,45,2015-05-24,2,2,19
2865,1,2,14,22,31,45,2015-05-20,2,1,19.2
2864,1,8,15,39,42,50,2015-05-17,0,0,25.8
2863,14,30,33,41,44,49,2015-05-13,1,1,35.2
2862,5,13,42,44,46,48,2015-05-10,2,1,33
2861,9,10,13,21,38,43,2015-05-06,2,0,22.3
2860,4,25,26,34,39,51,2015-05-03,0,2,29.8
2859,4,5,23,24,26,38,2015-04-29,2,0,20
2858,3,25,36,50,53,55,2015-04-26,2,2,37
2857,2,3,8,20,51,55,2015-04-22,2,0,23.2
2856,5,14,18,33,38,54,2015-04-19,1,0,27
2855,12,19,28,34,42,53,2015-04-15,2,1,31.3
2854,7,9,15,23,42,44,2015-04-12,2,0,23.3
2853,35,41,43,48,49,52,2015-04-08,2,0,44.7
2852,5,14,29,30,46,55,2015-04-05,2,0,29.8
2851,7,8,10,17,26,48,2015-04-01,2,0,19.3
2850,11,16,41,43,53,56,2015-03-29,4,2,36.7
2849,13,16,24,41,44,54,2015-03-25,2,1,32
2848,7,12,14,18,34,41,2015-03-22,2,0,21
2847,5,26,39,46,52,53,2015-03-18,2,1,36.8
2846,10,11,12,39,48,51,2015-03-15,1,1,28.5
2845,6,12,25,46,47,49,2015-03-11,1,1,30.8
2844,10,26,28,34,46,55,2015-03-08,0,0,33.2
2843,11,15,29,31,36,42,2015-03-04,3,2,27.3
2842,17,18,29,31,32,39,2015-03-01,3,0,27.7
2841,5,30,33,45,47,48,2015-02-25,2,1,34.7
2840,14,29,31,45,51,55,2015-02-22,2,1,37.5
2839,1,6,9,22,29,50,2015-02-18,1,0,19.5
2838,4,5,7,26,32,53,2015-02-15,3,0,21.2
2837,22,28,29,41,43,49,2015-02-11,3,2,35.3
2836,13,15,17,28,35,43,2015-02-08,3,0,25.2
2835,6,24,40,47,48,51,2015-02-04,1,1,36
2834,23,25,34,37,39,51,2015-02-01,2,1,34.8
2833,1,17,27,34,42,52,2015-01-28,1,1,28.8
2832,3,19,29,31,34,37,2015-01-25,5,0,25.5
2831,7,8,15,36,46,54,2015-01-21,1,0,27.7
2830,1,2,9,12,37,47,2015-01-18,3,1,18
2829,10,12,19,21,32,43,2015-01-14,2,1,22.8
2828,23,25,26,32,41,48,2015-01-11,2,0,32.5
2827,3,5,37,43,44,52,2015-01-07,4,0,30.7
2826,2,7,12,18,41,54,2015-01-04,3,1,22.3
2825,17,23,51,53,54,56,2014-12-31,3,2,42.3
2824,13,19,33,37,53,56,2014-12-28,4,1,35.2
2823,1,29,32,33,42,44,2014-12-24,1,1,30.2
2822,4,7,35,42,48,49,2014-12-21,1,2,30.8
2821,7,9,12,42,44,51,2014-12-17,1,0,27.5
2820,10,28,34,35,39,55,2014-12-14,0,2,33.5
2819,2,10,25,33,39,52,2014-12-10,1,1,26.8
2818,6,10,11,15,40,49,2014-12-07,1,1,21.8
2817,5,15,22,28,41,51,2014-12-03,2,1,27
2816,10,16,17,24,28,55,2014-11-30,1,0,25
2815,2,26,27,33,39,41,2014-11-26,2,2,28
2814,2,22,26,32,49,51,2014-11-23,1,0,30.3
2813,3,7,18,29,54,56,2014-11-19,3,1,27.8
2812,5,14,19,23,37,54,2014-11-16,4,1,25.3
2811,4,6,19,26,29,36,2014-11-12,2,0,20
2810,14,24,31,49,54,56,2014-11-09,1,0,38
2809,35,38,39,42,46,50,2014-11-05,0,0,41.7
2808,3,6,13,20,21,44,2014-11-02,2,3,17.8
2807,3,13,20,33,49,54,2014-10-29,2,0,28.7
2806,6,12,18,19,29,36,2014-10-26,2,0,20
2805,1,16,27,30,37,44,2014-10-22,1,1,25.8
2804,6,17,27,38,46,52,2014-10-19,1,0,31
2803,4,10,11,48,49,51,2014-10-15,1,0,28.8
2802,1,7,31,36,47,54,2014-10-12,3,2,29.3
2801,4,7,10,12,31,35,2014-10-08,2,1,16.5
2800,10,22,33,45,54,56,2014-10-05,0,1,36.7
2799,7,20,31,37,50,56,2014-10-01,3,2,33.5
2798,2,9,11,20,44,56,2014-09-28,2,0,23.7
2797,1,6,15,21,25,38,2014-09-24,0,2,17.7
2796,4,6,10,38,52,53,2014-09-21,1,1,27.2
2795,8,13,18,21,30,38,2014-09-17,1,1,21.3
2794,4,24,38,40,53,56,2014-09-14,1,2,35.8
2793,15,30,37,40,51,56,2014-09-10,1,1,38.2
2792,2,3,5,23,28,51,2014-09-07,4,1,18.7
2791,14,21,28,30,34,45,2014-09-03,0,0,28.7
2790,3,6,10,22,25,27,2014-08-31,1,1,15.5
2789,12,14,19,27,40,42,2014-08-27,1,1,25.7
2788,6,13,14,29,36,54,2014-08-24,2,2,25.3
2787,13,21,35,36,37,53,2014-08-20,3,0,32.5
2786,10,11,17,29,42,46,2014-08-17,3,0,25.8
2785,3,6,9,18,19,52,2014-08-13,2,3,17.8
2784,3,6,7,11,18,36,2014-08-10,3,0,13.5
2783,5,12,14,39,50,56,2014-08-06,1,0,29.3
2782,7,19,22,32,48,49,2014-08-03,2,1,29.5
2781,12,15,24,38,45,49,2014-07-30,0,1,30.5
2780,4,18,23,45,47,53,2014-07-27,3,0,31.7
2779,1,22,24,25,26,29,2014-07-23,1,0,21.2
2778,8,23,28,41,49,53,2014-07-20,3,0,33.7
2777,7,14,19,31,35,50,2014-07-16,3,1,26
2776,2,4,6,15,35,37,2014-07-13,2,1,16.5
2775,3,6,38,49,53,54,2014-07-09,2,0,33.8
2774,1,4,14,33,36,45,2014-07-06,0,1,22.2
2773,6,16,43,45,47,54,2014-07-02,2,0,35.2
2772,2,5,10,29,40,48,2014-06-29,3,0,22.3
2771,6,17,32,49,54,55,2014-06-25,1,1,35.5
2770,2,4,7,16,52,54,2014-06-22,2,0,22.5
2769,12,13,31,35,37,49,2014-06-18,3,0,29.5
2768,20,24,28,30,54,55,2014-06-15,0,0,35.2
2767,2,25,26,36,37,38,2014-06-11,2,0,27.3
2766,13,14,22,24,45,51,2014-06-08,1,1,28.2
2765,9,14,20,21,32,50,2014-06-04,0,1,24.3
2764,4,11,20,25,27,40,2014-06-01,1,0,21.2
2763,6,18,24,32,33,38,2014-05-28,0,0,25.2
2762,4,25,51,53,54,55,2014-05-25,1,1,40.3
2761,2,29,30,34,48,54,2014-05-21,2,0,32.8
2760,8,19,28,33,38,45,2014-05-18,1,2,28.5
2759,4,7,19,20,34,38,2014-05-14,2,1,20.3
2758,8,10,34,45,49,56,2014-05-11,0,1,33.7
2757,9,10,17,38,50,55,2014-05-07,1,0,29.8
2756,6,13,18,35,42,53,2014-05-04,2,0,27.8
2755,4,24,26,32,38,48,2014-04-30,0,1,28.7
2754,5,8,16,32,36,39,2014-04-27,1,1,22.7
2753,3,6,8,10,34,53,2014-04-23,2,0,19
2752,21,37,38,40,41,56,2014-04-20,2,0,38.8
2751,9,14,22,39,42,52,2014-04-16,0,0,29.7
2750,4,8,21,31,37,41,2014-04-13,3,0,23.7
2749,1,26,32,33,47,55,2014-04-09,1,2,32.3
2748,1,15,20,21,33,48,2014-04-06,0,1,23
2747,4,9,11,24,33,56,2014-04-02,1,2,22.8
2746,4,29,36,38,49,56,2014-03-30,1,0,35.3
2745,5,18,20,26,27,43,2014-03-26,2,0,23.2
2744,7,24,32,34,35,51,2014-03-23,1,3,30.5
2743,17,24,27,29,32,51,2014-03-19,2,0,30
2742,10,13,16,23,39,42,2014-03-16,2,1,23.8
2741,9,27,31,33,42,45,2014-03-12,1,0,31.2
2740,1,17,19,25,36,53,2014-03-09,3,0,25.2
2739,10,16,28,29,37,48,2014-03-05,2,1,28
2738,4,13,22,29,32,40,2014-03-02,2,0,23.3
2737,11,34,43,52,54,55,2014-02-26,2,3,41.5
2736,11,29,32,43,51,52,2014-02-23,3,1,36.3
2735,6,12,41,46,52,56,2014-02-19,1,1,35.5
2734,6,8,9,13,29,48,2014-02-16,2,0,18.8
2733,3,15,16,22,30,34,2014-02-12,1,0,20
2732,11,13,31,39,45,53,2014-02-09,4,1,32
2731,10,34,39,42,44,54,2014-02-05,0,1,37.2
2730,12,13,31,34,47,50,2014-02-02,3,1,31.2
2729,8,19,34,39,41,54,2014-01-29,2,0,32.5
2728,11,15,20,24,47,48,2014-01-26,2,1,27.5
2727,16,29,38,40,48,49,2014-01-22,1,0,36.7
2726,3,5,19,28,33,56,2014-01-19,3,2,24
2725,12,19,22,30,39,56,2014-01-15,1,2,29.7
2724,6,7,12,22,31,45,2014-01-12,2,0,20.5
2723,11,14,21,27,47,54,2014-01-08,2,2,29
2722,5,14,19,46,54,55,2014-01-05,2,0,32.2
2721,2,10,24,31,35,49,2014-01-01,2,0,25.2
2720,3,7,8,17,21,48,2013-12-29,3,1,17.3
2719,2,7,31,40,53,56,2013-12-25,4,1,31.5
2718,24,25,30,35,55,56,2013-12-22,0,0,37.5
2717,7,19,29,34,41,47,2013-12-18,5,1,29.5
2716,2,18,25,41,42,51,2013-12-15,2,0,29.8
2715,3,7,30,40,48,54,2013-12-11,2,2,30.3
2714,28,31,40,49,53,54,2013-12-08,2,0,42.5
2713,11,14,39,41,47,52,2013-12-04,3,0,34
2712,8,17,34,37,42,43,2013-12-01,3,1,30.2
2711,15,30,34,35,38,51,2013-11-27,0,0,33.8
2710,10,13,18,26,28,37,2013-11-24,2,0,22
2709,5,7,20,40,42,48,2013-11-20,2,2,27
2708,7,22,38,42,44,54,2013-11-17,1,1,34.5
2707,3,7,19,21,25,47,2013-11-13,4,0,20.3
2706,1,8,26,33,54,55,2013-11-10,0,1,29.5
2705,5,6,18,41,54,56,2013-11-06,2,1,30
2704,20,27,31,42,53,54,2013-11-03,2,2,37.8
2703,11,15,17,20,22,54,2013-10-30,2,1,23.2
2702,18,22,23,26,42,49,2013-10-27,1,0,30
2701,11,15,19,27,36,38,2013-10-23,2,2,24.3
2700,12,15,27,44,46,48,2013-10-20,0,0,32
2699,23,25,32,43,49,55,2013-10-16,2,0,37.8
2698,14,21,26,30,35,39,2013-10-13,0,0,27.5
2697,6,9,23,36,45,49,2013-10-09,1,1,28
2696,12,18,20,23,25,44,2013-10-06,1,1,23.7
2695,21,26,35,42,44,51,2013-10-02,0,2,36.5
2694,6,17,26,31,44,48,2013-09-29,2,0,28.7
2693,8,13,21,32,35,50,2013-09-25,1,1,26.5
2692,3,7,12,26,32,46,2013-09-22,2,0,21
2691,8,33,42,43,44,56,2013-09-18,1,0,37.7
2690,11,15,24,36,41,53,2013-09-15,3,0,30
2689,4,6,13,22,26,49,2013-09-11,1,1,20
2688,3,6,12,24,27,44,2013-09-08,1,1,19.3
2687,7,9,20,24,31,40,2013-09-04,2,0,21.8
2686,8,18,22,36,39,56,2013-09-01,0,0,29.8
2685,2,12,24,34,41,47,2013-08-28,3,1,26.7
2684,16,24,25,39,48,52,2013-08-25,0,2,34
2683,16,24,42,53,54,56,2013-08-21,1,0,40.8
2682,12,25,26,36,44,50,2013-08-18,0,0,32.2
2681,11,21,24,40,53,56,2013-08-14,2,0,34.2
2680,5,14,15,28,41,55,2013-08-11,2,0,26.3
2679,18,21,35,37,43,44,2013-08-07,2,0,33
2678,7,11,15,16,28,49,2013-08-04,2,0,21
2677,10,20,21,31,33,37,2013-07-31,2,1,25.3
2676,2,4,17,18,20,40,2013-07-28,2,1,16.8
2675,7,19,25,38,40,47,2013-07-24,3,2,29.3
2674,19,34,40,46,48,52,2013-07-21,1,0,39.8
2673,27,28,33,37,44,47,2013-07-17,2,0,36
2672,30,31,41,43,46,49,2013-07-14,3,0,40
2671,3,4,11,19,45,55,2013-07-10,3,1,22.8
2670,4,28,30,33,40,56,2013-07-07,0,0,31.8
2669,29,34,36,50,51,54,2013-07-03,1,0,42.3
2668,2,7,16,18,28,33,2013-06-30,2,1,17.3
2667,1,7,9,20,37,41,2013-06-26,3,0,19.2
2666,2,3,25,28,32,42,2013-06-23,2,1,22
2665,2,5,24,27,35,44,2013-06-19,2,1,22.8
2664,16,22,27,33,47,55,2013-06-16,1,0,33.3
2663,3,28,32,34,50,54,2013-06-12,1,0,33.5
2662,20,27,31,33,35,45,2013-06-09,1,0,31.8
2661,7,9,25,30,46,47,2013-06-05,2,2,27.3
2660,7,14,18,27,39,46,2013-06-02,1,0,25.2
2659,15,16,21,24,33,50,2013-05-29,0,0,26.5
2658,28,34,45,46,48,55,2013-05-26,0,1,42.7
2657,12,28,31,33,52,53,2013-05-22,2,0,34.8
2656,4,8,15,19,27,43,2013-05-19,2,1,19.3
2655,16,27,35,42,51,54,2013-05-15,0,0,37.5
2654,1,6,7,9,20,30,2013-05-12,1,1,12.2
2653,17,23,30,35,48,53,2013-05-08,3,1,34.3
2652,12,17,20,21,27,41,2013-05-05,2,0,23
2651,2,14,18,25,36,55,2013-05-01,1,1,25
2650,11,12,25,29,38,50,2013-04-28,2,1,27.5
2649,10,11,18,26,31,45,2013-04-24,2,0,23.5
2648,5,14,40,44,50,54,2013-04-21,1,0,34.5
2647,16,23,31,33,36,49,2013-04-17,2,1,31.3
2646,8,11,17,23,29,40,2013-04-14,4,0,21.3
2645,6,28,33,37,49,54,2013-04-10,1,1,34.5
2644,5,11,25,29,45,54,2013-04-07,3,1,28.2
2643,13,17,18,21,37,45,2013-04-03,3,0,25.2
2642,4,30,39,47,50,53,2013-03-31,2,0,37.2
2641,6,12,18,24,32,42,2013-03-27,0,4,22.3
2640,17,18,24,32,38,42,2013-03-24,1,1,28.5
2639,27,30,39,42,44,52,2013-03-20,0,0,39
2638,11,15,23,24,35,40,2013-03-17,2,1,24.7
2637,10,17,33,35,36,38,2013-03-13,1,1,28.2
2636,4,14,28,30,32,36,2013-03-10,0,0,24
2635,2,6,13,45,46,52,2013-03-06,2,1,27.3
2634,5,11,19,40,52,55,2013-03-03,3,2,30.3
2633,2,5,18,19,33,35,2013-02-27,3,1,18.7
2632,2,27,37,41,48,54,2013-02-24,3,1,34.8
2631,3,4,17,39,48,53,2013-02-20,3,2,27.3
2630,1,17,46,48,50,52,2013-02-17,1,0,35.7
2629,6,20,22,24,44,55,2013-02-13,0,1,28.5
2628,6,14,32,33,41,50,2013-02-10,1,1,29.3
2627,15,30,33,37,52,53,2013-02-06,2,2,36.7
2626,13,22,32,33,44,53,2013-02-03,2,0,32.8
2625,10,24,26,30,43,54,2013-01-30,1,0,31.2
2624,4,8,21,35,41,56,2013-01-27,1,1,27.5
2623,2,8,13,49,50,54,2013-01-23,2,2,29.3
2622,2,21,37,41,54,56,2013-01-20,3,0,35.2
2621,1,5,12,13,30,45,2013-01-16,2,0,17.7
2620,2,6,28,29,39,50,2013-01-13,2,1,25.7
2619,5,15,24,28,32,51,2013-01-09,1,1,25.8
2618,4,26,27,31,43,51,2013-01-06,2,1,30.3
2617,22,23,27,39,49,52,2013-01-02,1,1,35.3
2616,1,16,29,37,46,52,2012-12-30,2,0,30.2
2615,3,8,9,21,26,50,2012-12-26,1,2,19.5
2614,3,22,32,37,50,56,2012-12-23,2,0,33.3
2613,12,19,33,44,45,54,2012-12-19,1,1,34.5
2612,8,14,25,35,43,44,2012-12-16,1,0,28.2
2611,2,3,16,26,37,52,2012-12-12,3,0,22.7
2610,8,22,32,34,39,56,2012-12-09,0,0,31.8
2609,16,24,33,36,38,45,2012-12-05,0,0,32
2608,2,6,23,46,48,53,2012-12-02,3,1,29.7
2607,17,19,32,51,53,54,2012-11-28,3,1,37.7
2606,16,22,24,31,46,53,2012-11-25,2,0,32
2605,3,8,9,15,26,55,2012-11-21,1,0,19.3
2604,1,6,7,17,25,52,2012-11-18,2,0,18
2603,5,9,16,19,24,30,2012-11-14,2,1,17.2
2602,1,2,6,30,34,51,2012-11-11,1,1,20.7
2601,10,27,47,51,52,53,2012-11-07,2,1,40
2600,4,6,12,51,54,55,2012-11-04,0,0,30.3
2599,25,26,28,45,48,49,2012-10-31,0,1,36.8
2598,2,34,40,43,49,54,2012-10-28,2,0,37
2597,4,11,32,38,47,55,2012-10-24,2,1,31.2
2596,7,9,34,36,38,40,2012-10-21,1,0,27.3
2595,5,11,23,37,39,54,2012-10-17,4,2,28.2
2594,5,7,9,23,25,29,2012-10-14,4,0,16.3
2593,3,19,38,43,46,48,2012-10-10,3,0,32.8
2592,13,14,16,24,26,36,2012-10-07,1,0,21.5
2591,10,17,23,39,42,56,2012-10-03,2,1,31.2
2590,9,12,17,31,41,47,2012-09-30,4,2,26.2
2589,1,9,12,34,36,44,2012-09-26,0,0,22.7
2588,7,15,18,45,48,55,2012-09-23,1,2,31.3
2587,7,27,34,42,46,55,2012-09-19,1,1,35.2
2586,18,20,26,27,29,49,2012-09-16,1,0,28.2
2585,7,8,12,21,37,51,2012-09-12,2,1,22.7
2584,3,4,25,41,42,51,2012-09-09,2,0,27.7
2583,17,19,21,22,45,49,2012-09-05,2,1,28.8
2582,4,8,30,39,49,56,2012-09-02,0,0,31
2581,7,9,11,26,50,52,2012-08-29,2,0,25.8
2580,6,22,24,27,41,54,2012-08-26,1,1,29
2579,8,18,41,42,44,52,2012-08-22,1,0,34.2
2578,28,32,33,37,50,53,2012-08-19,2,0,38.8
2577,1,4,11,22,44,52,2012-08-15,1,2,22.3
2576,9,11,27,40,41,44,2012-08-12,2,1,28.7
2575,9,14,15,18,35,38,2012-08-08,0,0,21.5
2574,4,7,10,24,44,54,2012-08-05,1,0,23.8
2573,23,28,37,41,46,50,2012-08-01,3,0,37.5
2572,4,12,18,29,45,54,2012-07-29,1,1,27
2571,15,23,25,28,37,45,2012-07-25,2,1,28.8
2570,5,13,14,28,41,52,2012-07-22,3,0,25.5
2569,3,7,9,27,45,55,2012-07-18,2,1,24.3
2568,10,25,29,31,49,55,2012-07-15,2,2,33.2
2567,14,16,17,31,46,55,2012-07-11,2,1,29.8
2566,10,16,19,20,40,52,2012-07-08,1,0,26.2
2565,6,21,35,38,45,54,2012-07-04,0,1,33.2
2564,1,16,17,32,45,51,2012-07-01,1,0,27
2563,15,20,33,36,40,48,2012-06-27,0,0,32
2562,2,3,12,18,27,50,2012-06-24,2,1,18.7
2561,16,27,34,42,47,49,2012-06-20,1,2,35.8
2560,5,11,12,20,42,47,2012-06-17,3,1,22.8
2559,8,9,16,39,41,42,2012-06-13,1,1,25.8
2558,6,14,19,37,39,50,2012-06-10,2,0,27.5
2557,1,17,20,22,28,32,2012-06-06,1,0,20
2556,8,13,21,27,33,36,2012-06-03,1,1,23
2555,5,20,21,39,45,52,2012-05-30,1,0,30.3
2554,8,18,22,24,32,38,2012-05-27,0,0,23.7
2553,27,33,41,47,51,54,2012-05-23,2,0,42.2
2552,4,7,19,24,31,32,2012-05-20,3,0,19.5
2551,1,5,23,43,54,55,2012-05-16,3,0,30.2
2550,7,10,31,38,40,45,2012-05-13,2,0,28.5
2549,2,11,13,20,42,43,2012-05-09,4,0,21.8
2548,5,12,35,49,52,54,2012-05-06,1,2,34.5
2547,5,7,21,27,41,54,2012-05-02,3,0,25.8
2546,8,22,31,34,36,45,2012-04-29,1,3,29.3
2545,6,15,22,28,36,45,2012-04-25,0,2,25.3
2544,15,19,36,42,44,50,2012-04-22,1,0,34.3
2543,2,11,23,27,51,53,2012-04-18,4,0,27.8
2542,1,4,15,17,32,42,2012-04-15,1,0,18.5
2541,5,19,22,28,47,52,2012-04-11,3,0,28.8
2540,1,6,7,23,44,53,2012-04-08,3,0,22.3
2539,12,13,15,29,48,54,2012-04-04,2,0,28.5
2538,22,23,24,28,30,42,2012-04-01,1,1,28.2
2537,4,10,13,32,35,42,2012-03-28,1,0,22.7
2536,8,24,26,28,51,56,2012-03-25,0,1,32.2
2535,1,9,20,31,43,56,2012-03-21,2,4,26.7
2534,1,16,20,31,41,43,2012-03-18,3,0,25.3
2533,4,8,28,46,53,56,2012-03-14,1,0,32.5
2532,6,18,23,24,30,54,2012-03-11,1,0,25.8
2531,1,7,16,35,45,55,2012-03-07,1,0,26.5
2530,2,11,24,26,48,51,2012-03-04,2,0,27
2529,8,9,12,18,28,42,2012-02-29,0,0,19.5
2528,5,14,20,30,31,36,2012-02-26,2,0,22.7
2527,9,11,17,25,45,53,2012-02-22,3,1,26.7
2526,9,24,27,32,36,52,2012-02-19,0,1,30
2525,5,18,24,35,43,56,2012-02-15,2,0,30.2
2524,8,9,27,39,47,52,2012-02-12,1,0,30.3
2523,2,13,40,48,49,56,2012-02-08,2,0,34.7
2522,4,5,6,24,32,50,2012-02-05,1,0,20.2
2521,27,30,37,43,44,55,2012-02-01,2,0,39.3
2520,6,7,24,42,48,50,2012-01-29,1,1,29.5
2519,20,34,45,48,54,55,2012-01-25,0,0,42.7
2518,8,24,26,31,33,52,2012-01-22,1,1,29
2517,8,21,28,49,51,55,2012-01-18,0,1,35.3
2516,1,5,11,19,25,49,2012-01-15,3,1,18.3
2515,9,11,13,20,22,32,2012-01-11,2,1,17.8
2514,10,15,17,22,40,45,2012-01-08,1,2,24.8
2513,13,15,22,23,36,38,2012-01-04,2,0,24.5
2512,12,28,31,40,52,54,2012-01-01,1,2,36.2
2511,10,12,20,21,29,54,2011-12-28,1,0,24.3
2510,19,33,35,41,45,56,2011-12-25,2,1,38.2
2509,13,23,26,29,35,36,2011-12-21,3,0,27
2508,1,2,12,30,42,53,2011-12-18,2,1,23.3
2507,2,7,14,22,37,43,2011-12-14,4,0,20.8
2506,3,9,10,11,29,30,2011-12-11,3,0,15.3
2505,4,24,32,45,50,56,2011-12-07,0,0,35.2
2504,5,7,10,14,22,27,2011-12-04,2,0,14.2
2503,9,23,24,26,43,50,2011-11-30,2,0,29.2
2502,1,10,28,35,39,51,2011-11-27,0,0,27.3
2501,20,24,29,47,50,56,2011-11-23,2,2,37.7
2500,6,11,29,39,43,47,2011-11-20,4,1,29.2
2499,1,15,20,39,42,49,2011-11-16,0,1,27.7
2498,5,22,28,30,49,54,2011-11-13,1,1,31.3
2497,5,10,20,47,51,56,2011-11-09,2,1,31.5
2496,8,15,20,32,34,45,2011-11-06,0,1,25.7
2495,3,15,28,40,48,55,2011-11-02,1,2,31.5
2494,2,19,40,47,48,49,2011-10-30,3,2,34.2
2493,9,31,40,49,52,55,2011-10-26,1,1,39.3
2492,7,11,14,50,52,54,2011-10-23,2,1,31.3
2491,3,8,11,23,46,56,2011-10-19,3,0,24.5
2490,1,2,22,24,28,29,2011-10-16,2,2,17.7
2489,24,28,37,47,48,52,2011-10-12,2,1,39.3
2488,22,35,39,40,49,52,2011-10-09,0,1,39.5
2487,17,21,38,48,50,52,2011-10-05,1,0,37.7
2486,4,5,22,32,35,39,2011-10-02,1,1,22.8
2485,16,27,33,35,37,40,2011-09-28,1,0,31.3
2484,9,11,38,43,45,54,2011-09-25,2,1,33.3
2483,4,15,25,32,53,54,2011-09-21,1,0,30.5
2482,27,31,39,41,49,55,2011-09-18,2,1,40.3
2481,3,22,26,31,47,56,2011-09-14,3,0,30.8
2480,1,12,19,30,42,53,2011-09-11,2,1,26.2
2479,7,16,31,32,42,45,2011-09-07,2,1,28.8
2478,16,22,24,37,52,53,2011-09-04,2,1,34
2477,3,9,12,16,17,36,2011-08-31,2,1,15.5
2476,17,21,39,41,44,49,2011-08-28,2,1,35.2
2475,10,17,25,29,51,56,2011-08-24,2,1,31.3
2474,3,10,16,33,44,48,2011-08-21,1,2,25.7
2473,9,16,39,41,44,45,2011-08-17,1,1,32.3
2472,3,27,33,39,43,51,2011-08-14,2,0,32.7
2471,7,14,19,34,35,44,2011-08-10,2,3,25.5
2470,1,7,11,19,35,42,2011-08-07,3,1,19.2
2469,1,9,14,37,40,41,2011-08-03,2,2,23.7
2468,7,9,16,24,37,54,2011-07-31,2,1,24.5
2467,13,18,34,37,46,52,2011-07-27,2,0,33.3
2466,1,3,11,14,39,41,2011-07-24,3,1,18.2
2465,3,24,37,45,52,54,2011-07-20,2,1,35.8
2464,10,13,37,44,46,53,2011-07-17,3,0,33.8
2463,1,6,12,24,28,33,2011-07-13,0,0,17.3
2462,2,5,10,15,20,31,2011-07-10,3,0,13.8
2461,3,6,12,26,34,46,2011-07-06,1,0,21.2
2460,15,25,32,33,37,45,2011-07-03,1,0,31.2
2459,4,9,28,40,51,55,2011-06-29,0,1,31.2
2458,4,13,14,17,23,24,2011-06-26,3,1,15.8
2457,20,23,32,38,43,44,2011-06-22,2,1,33.3
2456,1,11,12,19,20,27,2011-06-19,2,1,15
2455,7,12,24,36,46,54,2011-06-15,1,0,29.8
2454,3,8,18,29,35,52,2011-06-12,2,0,24.2
2453,9,13,26,37,43,50,2011-06-08,3,0,29.7
2452,7,18,23,27,45,54,2011-06-05,2,1,29
2451,25,32,39,40,41,54,2011-06-01,1,1,38.5
2450,2,4,14,24,29,39,2011-05-29,2,0,18.7
2449,6,9,16,33,45,48,2011-05-25,0,0,26.2
2448,14,30,34,36,55,56,2011-05-22,0,0,37.5
2447,2,3,7,22,38,50,2011-05-18,3,1,20.3
2446,2,15,30,33,42,53,2011-05-15,2,1,29.2
2445,13,17,41,50,53,55,2011-05-11,4,2,38.2
2444,20,23,38,49,50,53,2011-05-08,2,0,38.8
2443,2,13,24,27,28,34,2011-05-04,2,0,21.3
2442,1,14,19,42,47,52,2011-05-01,2,2,29.2
2441,4,7,16,42,43,52,2011-04-27,2,1,27.3
2440,7,10,26,36,48,54,2011-04-24,1,1,30.2
2439,21,28,31,35,36,41,2011-04-20,2,1,32
2438,1,5,18,34,36,51,2011-04-17,1,0,24.2
2437,3,4,11,15,52,53,2011-04-13,3,2,23
2436,3,4,12,23,46,49,2011-04-10,2,2,22.8
2435,3,8,23,31,50,51,2011-04-06,3,0,27.7
2434,1,19,36,47,49,52,2011-04-03,2,2,34
2433,4,5,18,33,36,49,2011-03-30,1,0,24.2
2432,13,16,31,40,44,52,2011-03-27,2,0,32.7
2431,5,8,14,20,27,46,2011-03-23,1,1,20
2430,5,13,24,28,36,38,2011-03-20,2,1,24
2429,11,19,28,31,43,45,2011-03-16,4,1,29.5
2428,6,7,31,42,50,52,2011-03-13,2,0,31.3
2427,2,20,21,33,39,47,2011-03-09,2,0,27
2426,6,25,29,38,42,50,2011-03-06,1,0,31.7
2425,5,12,16,28,31,47,2011-03-02,3,0,23.2
2424,13,26,33,35,37,49,2011-02-27,2,0,32.2
2423,2,15,21,24,27,53,2011-02-23,2,2,23.7
2422,18,21,24,28,37,39,2011-02-20,1,0,27.8
2421,5,12,14,15,46,50,2011-02-16,1,0,23.7
2420,19,21,27,30,51,53,2011-02-13,2,1,33.5
2419,4,21,36,39,42,56,2011-02-09,0,0,33
2418,11,15,22,34,46,48,2011-02-06,1,0,29.3
2417,10,12,17,27,32,47,2011-02-02,2,1,24.2
2416,13,18,39,47,50,52,2011-01-30,2,0,36.5
2415,10,12,22,25,44,53,2011-01-26,1,2,27.7
2414,10,19,22,28,30,33,2011-01-23,1,1,23.7
2413,6,9,14,22,35,38,2011-01-19,0,1,20.7
2412,1,9,43,52,54,55,2011-01-16,1,0,35.7
2411,4,7,25,42,49,56,2011-01-12,1,2,30.5
2410,11,15,18,25,34,49,2011-01-09,1,0,25.3
2409,1,9,27,38,39,56,2011-01-05,0,0,28.3
2408,6,25,29,33,42,46,2011-01-02,1,1,30.2
2407,2,4,11,12,33,54,2010-12-29,2,2,19.3
2406,4,8,11,34,46,52,2010-12-26,1,1,25.8
2405,19,21,40,44,50,52,2010-12-22,1,1,37.7
2404,2,4,24,25,43,50,2010-12-19,2,0,24.7
2403,6,10,16,28,33,48,2010-12-15,0,2,23.5
2402,18,28,35,36,48,53,2010-12-12,1,0,36.3
2401,15,19,20,24,46,56,2010-12-08,1,2,30
2400,3,6,7,15,24,31,2010-12-05,3,3,14.3
2399,3,7,15,22,29,53,2010-12-01,4,1,21.5
2398,5,22,41,45,55,56,2010-11-28,2,1,37.3
2397,13,22,29,34,39,49,2010-11-24,2,0,31
2396,3,4,24,35,44,54,2010-11-21,1,0,27.3
2395,5,27,31,32,42,53,2010-11-17,3,2,31.7
2394,3,17,28,42,51,53,2010-11-14,3,0,32.3
2393,9,30,34,38,45,52,2010-11-10,0,0,34.7
2392,3,21,28,44,48,49,2010-11-07,1,1,32.2
2391,8,9,13,17,21,39,2010-11-03,2,0,17.8
2390,5,31,32,40,41,54,2010-10-31,3,1,33.8
2389,7,11,12,32,48,51,2010-10-27,2,0,26.8
2388,10,19,26,38,45,49,2010-10-24,1,1,31.2
2387,3,14,16,19,51,53,2010-10-20,3,0,26
2386,18,21,24,27,47,49,2010-10-17,1,1,31
2385,12,13,30,31,47,52,2010-10-13,3,0,30.8
2384,5,10,22,25,39,45,2010-10-10,1,1,24.3
2383,18,26,27,37,42,45,2010-10-06,1,0,32.5
2382,3,7,19,30,44,56,2010-10-03,3,0,26.5
2381,21,23,27,29,43,45,2010-09-29,3,3,31.3
2380,5,6,9,23,27,45,2010-09-26,2,0,19.2
2379,13,26,28,37,42,53,2010-09-22,3,2,33.2
2378,11,14,24,26,28,36,2010-09-19,1,1,23.2
2377,3,8,25,26,30,33,2010-09-15,1,0,20.8
2376,1,6,21,40,46,54,2010-09-12,0,0,28
2375,3,12,25,30,34,51,2010-09-08,1,0,25.8
2374,7,14,18,38,43,47,2010-09-05,3,1,27.8
2373,7,19,29,40,52,55,2010-09-01,3,0,33.7
2372,1,13,23,31,32,48,2010-08-29,3,1,24.7
2371,6,8,12,20,23,37,2010-08-25,2,0,17.7
